FlightDate,treated_airport,side,metric,observed,synthetic,gap,post
2025-01-01,EWR,arr,scheduled_ops,320.0,298.2794644404097,21.720535559590303,False
2025-01-02,EWR,arr,scheduled_ops,344.0,321.3541533167748,22.645846683225216,False
2025-01-03,EWR,arr,scheduled_ops,340.0,322.28299868791817,17.717001312081834,False
2025-01-04,EWR,arr,scheduled_ops,325.0,327.49882362112726,-2.498823621127258,False
2025-01-05,EWR,arr,scheduled_ops,344.0,333.01005725235643,10.989942747643568,False
2025-01-06,EWR,arr,scheduled_ops,342.0,335.47650905015456,6.5234909498454385,False
2025-01-07,EWR,arr,scheduled_ops,326.0,316.6998284071985,9.300171592801519,False
2025-01-08,EWR,arr,scheduled_ops,331.0,317.8831160383457,13.11688396165431,False
2025-01-09,EWR,arr,scheduled_ops,334.0,330.5765969209547,3.423403079045272,False
2025-01-10,EWR,arr,scheduled_ops,334.0,334.1617286819385,-0.16172868193848444,False
2025-01-11,EWR,arr,scheduled_ops,295.0,288.51348947375146,6.486510526248537,False
2025-01-12,EWR,arr,scheduled_ops,329.0,327.782422418181,1.2175775818190004,False
2025-01-13,EWR,arr,scheduled_ops,335.0,328.471764119319,6.528235880680995,False
2025-01-14,EWR,arr,scheduled_ops,318.0,310.56510131344913,7.434898686550866,False
2025-01-15,EWR,arr,scheduled_ops,320.0,311.6142352700601,8.385764729939922,False
2025-01-16,EWR,arr,scheduled_ops,335.0,333.6793039064753,1.3206960935247025,False
2025-01-17,EWR,arr,scheduled_ops,334.0,333.83678698471135,0.1632130152886475,False
2025-01-18,EWR,arr,scheduled_ops,294.0,286.8640738308619,7.135926169138088,False
2025-01-19,EWR,arr,scheduled_ops,327.0,317.0928693817465,9.907130618253518,False
2025-01-20,EWR,arr,scheduled_ops,335.0,335.21391120697405,-0.2139112069740463,False
2025-01-21,EWR,arr,scheduled_ops,321.0,311.16734692281506,9.832653077184943,False
2025-01-22,EWR,arr,scheduled_ops,321.0,312.29493570893743,8.70506429106257,False
2025-01-23,EWR,arr,scheduled_ops,335.0,332.31438670873115,2.685613291268851,False
2025-01-24,EWR,arr,scheduled_ops,333.0,332.6692226980721,0.3307773019279239,False
2025-01-25,EWR,arr,scheduled_ops,295.0,289.0139508499061,5.986049150093891,False
2025-01-26,EWR,arr,scheduled_ops,329.0,330.19952214096054,-1.1995221409605392,False
2025-01-27,EWR,arr,scheduled_ops,335.0,329.1524645581964,5.847535441803586,False
2025-01-28,EWR,arr,scheduled_ops,319.0,310.8024297250708,8.197570274929205,False
2025-01-29,EWR,arr,scheduled_ops,321.0,312.29493570893743,8.70506429106257,False
2025-01-30,EWR,arr,scheduled_ops,335.0,331.57798742482896,3.4220125751710384,False
2025-01-31,EWR,arr,scheduled_ops,333.0,331.9363397341593,1.0636602658407242,False
2025-02-01,EWR,arr,scheduled_ops,295.0,289.0139508499061,5.986049150093891,False
2025-02-02,EWR,arr,scheduled_ops,329.0,329.8837388998273,-0.8837388998272786,False
2025-02-03,EWR,arr,scheduled_ops,335.0,329.83316499707377,5.166835002926234,False
2025-02-04,EWR,arr,scheduled_ops,319.0,310.8059460450602,8.194053954939818,False
2025-02-05,EWR,arr,scheduled_ops,321.0,312.2949357089375,8.705064291062513,False
2025-02-06,EWR,arr,scheduled_ops,337.0,335.10343626923367,1.8965637307663314,False
2025-02-07,EWR,arr,scheduled_ops,335.0,335.2052205024449,-0.2052205024448881,False
2025-02-08,EWR,arr,scheduled_ops,295.0,289.9441867249236,5.055813275076389,False
2025-02-09,EWR,arr,scheduled_ops,326.0,323.04751930580096,2.952480694199039,False
2025-02-10,EWR,arr,scheduled_ops,340.0,332.68494604257995,7.315053957420048,False
2025-02-11,EWR,arr,scheduled_ops,318.0,311.61423527006,6.385764729939979,False
2025-02-12,EWR,arr,scheduled_ops,324.0,324.3822925782742,-0.38229257827418905,False
2025-02-13,EWR,arr,scheduled_ops,355.0,345.94191289406336,9.058087105936636,False
2025-02-14,EWR,arr,scheduled_ops,354.0,345.21559481856445,8.784405181435545,False
2025-02-15,EWR,arr,scheduled_ops,309.0,319.7943080994661,-10.794308099466093,False
2025-02-16,EWR,arr,scheduled_ops,348.0,333.25767820767766,14.742321792322343,False
2025-02-17,EWR,arr,scheduled_ops,354.0,344.7146656908449,9.285334309155076,False
2025-02-18,EWR,arr,scheduled_ops,344.0,331.6626450588375,12.337354941162516,False
2025-02-19,EWR,arr,scheduled_ops,342.0,330.0603994494715,11.939600550528496,False
2025-02-20,EWR,arr,scheduled_ops,355.0,347.43302837405577,7.566971625944234,False
2025-02-21,EWR,arr,scheduled_ops,354.0,344.75649944680094,9.243500553199056,False
2025-02-22,EWR,arr,scheduled_ops,310.0,318.89396651656216,-8.893966516562159,False
2025-02-23,EWR,arr,scheduled_ops,351.0,338.3328842778759,12.667115722124095,False
2025-02-24,EWR,arr,scheduled_ops,355.0,344.62825546904537,10.37174453095463,False
2025-02-25,EWR,arr,scheduled_ops,344.0,328.47935742769016,15.52064257230984,False
2025-02-26,EWR,arr,scheduled_ops,342.0,327.43373979106866,14.56626020893134,False
2025-02-27,EWR,arr,scheduled_ops,355.0,345.62612965293016,9.37387034706984,False
2025-02-28,EWR,arr,scheduled_ops,354.0,343.26963559903896,10.730364400961037,False
2025-03-01,EWR,arr,scheduled_ops,305.0,318.08780310767764,-13.087803107677644,False
2025-03-02,EWR,arr,scheduled_ops,351.0,337.59296867398433,13.40703132601567,False
2025-03-03,EWR,arr,scheduled_ops,354.0,342.5304553073885,11.469544692611521,False
2025-03-04,EWR,arr,scheduled_ops,341.0,324.63460902216286,16.365390977837137,False
2025-03-05,EWR,arr,scheduled_ops,343.0,327.9297620949247,15.070237905075317,False
2025-03-06,EWR,arr,scheduled_ops,354.0,345.7069104894458,8.293089510554182,False
2025-03-07,EWR,arr,scheduled_ops,355.0,344.2200466416839,10.779953358316106,False
2025-03-08,EWR,arr,scheduled_ops,303.0,322.28638462962874,-19.286384629628742,False
2025-03-09,EWR,arr,scheduled_ops,350.0,347.5041267775325,2.4958732224674804,False
2025-03-10,EWR,arr,scheduled_ops,356.0,346.0698637641027,9.930136235897294,False
2025-03-11,EWR,arr,scheduled_ops,348.0,341.6960556709405,6.3039443290595045,False
2025-03-12,EWR,arr,scheduled_ops,351.0,338.77941732431566,12.22058267568434,False
2025-03-13,EWR,arr,scheduled_ops,354.0,349.047107779616,4.952892220384001,False
2025-03-14,EWR,arr,scheduled_ops,355.0,346.6159427768789,8.38405722312109,False
2025-03-15,EWR,arr,scheduled_ops,301.0,326.42266412028016,-25.42266412028016,False
2025-03-16,EWR,arr,scheduled_ops,349.0,348.3681148475572,0.6318851524428055,False
2025-03-17,EWR,arr,scheduled_ops,355.0,345.39267964521474,9.607320354785259,False
2025-03-18,EWR,arr,scheduled_ops,348.0,341.7623034759335,6.237696524066507,False
2025-03-19,EWR,arr,scheduled_ops,352.0,340.39526046207425,11.604739537925752,False
2025-03-20,EWR,arr,scheduled_ops,358.0,350.7221660823887,7.277833917611304,False
2025-03-21,EWR,arr,scheduled_ops,359.0,348.28748475966216,10.712515240337837,False
2025-03-22,EWR,arr,scheduled_ops,306.0,329.41728954485166,-23.417289544851656,False
2025-03-23,EWR,arr,scheduled_ops,353.0,350.05020579030867,2.9497942096913334,False
2025-03-24,EWR,arr,scheduled_ops,359.0,347.00149014299444,11.998509857005558,False
2025-03-25,EWR,arr,scheduled_ops,351.0,342.6868972148465,8.31310278515349,False
2025-03-26,EWR,arr,scheduled_ops,353.0,341.0724445809622,11.927555419037787,False
2025-03-27,EWR,arr,scheduled_ops,358.0,351.3993502012767,6.600649798723282,False
2025-03-28,EWR,arr,scheduled_ops,359.0,348.2910010796516,10.708998920348392,False
2025-03-29,EWR,arr,scheduled_ops,305.0,328.30894042322655,-23.308940423226545,False
2025-03-30,EWR,arr,scheduled_ops,335.0,346.6089595791683,-11.6089595791683,False
2025-03-31,EWR,arr,scheduled_ops,337.0,342.4888217423215,-5.488821742321477,False
2025-04-01,EWR,arr,scheduled_ops,332.0,341.5777310085603,-9.577731008560306,False
2025-04-02,EWR,arr,scheduled_ops,332.0,339.34040259693865,-7.340402596938645,False
2025-04-03,EWR,arr,scheduled_ops,335.0,348.11558706837235,-13.11558706837235,False
2025-04-04,EWR,arr,scheduled_ops,335.0,335.5908496409808,-0.5908496409808208,False
2025-04-05,EWR,arr,scheduled_ops,302.0,307.5167127314235,-5.5167127314235245,False
2025-04-06,EWR,arr,scheduled_ops,331.0,345.6976575101111,-14.697657510111128,False
2025-04-07,EWR,arr,scheduled_ops,335.0,340.04514385652885,-5.045143856528853,False
2025-04-08,EWR,arr,scheduled_ops,329.0,330.45324701624224,-1.4532470162422442,False
2025-04-09,EWR,arr,scheduled_ops,324.0,325.49875898521566,-1.4987589852156589,False
2025-04-10,EWR,arr,scheduled_ops,332.0,336.81438033332097,-4.814380333320969,False
2025-04-11,EWR,arr,scheduled_ops,332.0,332.9033841228007,-0.9033841228006736,False
2025-04-12,EWR,arr,scheduled_ops,298.0,295.11549824617987,2.884501753820132,False
2025-04-13,EWR,arr,scheduled_ops,330.0,336.98381401980686,-6.983814019806857,False
2025-04-14,EWR,arr,scheduled_ops,329.0,334.60007546686205,-5.600075466862052,False
2025-04-15,EWR,arr,scheduled_ops,303.0,327.9543380369897,-24.954338036989725,False
2025-04-16,EWR,arr,scheduled_ops,306.0,326.3349785792418,-20.334978579241806,False
2025-04-17,EWR,arr,scheduled_ops,315.0,338.3172350862669,-23.31723508626692,False
2025-04-18,EWR,arr,scheduled_ops,316.0,335.2053696446525,-19.205369644652478,False
2025-04-19,EWR,arr,scheduled_ops,287.0,297.46144334010285,-10.461443340102846,False
2025-04-20,EWR,arr,scheduled_ops,318.0,338.73806246433213,-20.73806246433213,False
2025-04-21,EWR,arr,scheduled_ops,314.0,333.8496109030024,-19.84961090300237,False
2025-04-22,EWR,arr,scheduled_ops,305.0,320.0275128143134,-15.027512814313411,False
2025-04-23,EWR,arr,scheduled_ops,306.0,323.23014577760614,-17.23014577760614,False
2025-04-24,EWR,arr,scheduled_ops,314.0,331.6785302963736,-17.678530296373594,False
2025-04-25,EWR,arr,scheduled_ops,315.0,332.1653941441356,-17.165394144135576,False
2025-04-26,EWR,arr,scheduled_ops,288.0,287.04072162968583,0.9592783703141663,False
2025-04-27,EWR,arr,scheduled_ops,316.0,332.63710806660265,-16.63710806660265,False
2025-04-28,EWR,arr,scheduled_ops,314.0,331.5530673263664,-17.553067326366374,False
2025-04-29,EWR,arr,scheduled_ops,303.0,319.7046969332014,-16.704696933201376,False
2025-04-30,EWR,arr,scheduled_ops,308.0,319.4331408248156,-11.43314082481561,False
2025-05-01,EWR,arr,scheduled_ops,328.0,329.0530737017767,-1.053073701776725,False
2025-05-02,EWR,arr,scheduled_ops,323.0,328.9240944117802,-5.924094411780175,False
2025-05-03,EWR,arr,scheduled_ops,305.0,286.12953797909734,18.870462020902664,False
2025-05-04,EWR,arr,scheduled_ops,323.0,328.0497687170836,-5.049768717083623,False
2025-05-05,EWR,arr,scheduled_ops,325.0,320.0165088536012,4.983491146398819,False
2025-05-06,EWR,arr,scheduled_ops,310.0,304.11900450382524,5.880995496174762,False
2025-05-07,EWR,arr,scheduled_ops,311.0,300.1295534637935,10.870446536206487,False
2025-05-08,EWR,arr,scheduled_ops,324.0,318.4397184640504,5.560281535949628,False
2025-05-09,EWR,arr,scheduled_ops,324.0,318.30861335793855,5.691386642061445,False
2025-05-10,EWR,arr,scheduled_ops,269.0,266.29584458296415,2.7041554170358495,False
2025-05-11,EWR,arr,scheduled_ops,292.0,313.66184072499743,-21.661840724997433,False
2025-05-12,EWR,arr,scheduled_ops,293.0,317.0748012663062,-24.074801266306224,False
2025-05-13,EWR,arr,scheduled_ops,283.0,298.3931541798914,-15.393154179891383,False
2025-05-14,EWR,arr,scheduled_ops,281.0,299.4488530249162,-18.448853024916218,False
2025-05-15,EWR,arr,scheduled_ops,294.0,317.8217495101765,-23.821749510176517,False
2025-05-16,EWR,arr,scheduled_ops,294.0,318.2493981929243,-24.249398192924275,False
2025-05-17,EWR,arr,scheduled_ops,270.0,265.54538001910447,4.454619980895529,False
2025-05-18,EWR,arr,scheduled_ops,290.0,313.30043984724267,-23.30043984724267,False
2025-05-19,EWR,arr,scheduled_ops,289.0,315.46034863242187,-26.46034863242187,False
2025-05-20,EWR,arr,scheduled_ops,276.0,297.47512532939226,-21.475125329392256,True
2025-05-21,EWR,arr,scheduled_ops,278.0,298.97771252166217,-20.97771252166217,True
2025-05-22,EWR,arr,scheduled_ops,283.0,317.3733649914092,-34.373364991409176,True
2025-05-23,EWR,arr,scheduled_ops,287.0,315.64048202749643,-28.640482027496432,True
2025-05-24,EWR,arr,scheduled_ops,263.0,269.05712566746826,-6.057125667468256,True
2025-05-25,EWR,arr,scheduled_ops,279.0,302.57675363728464,-23.57675363728464,True
2025-05-26,EWR,arr,scheduled_ops,286.0,316.56720158252466,-30.56720158252466,True
2025-05-27,EWR,arr,scheduled_ops,276.0,301.2434390538752,-25.243439053875193,True
2025-05-28,EWR,arr,scheduled_ops,275.0,300.2399227338858,-25.239922733885805,True
2025-05-29,EWR,arr,scheduled_ops,287.0,318.61281921914616,-31.61281921914616,True
2025-05-30,EWR,arr,scheduled_ops,287.0,315.25845098137023,-28.25845098137023,True
2025-05-31,EWR,arr,scheduled_ops,257.0,268.8040739113387,-11.804073911338719,True
2025-06-01,EWR,arr,scheduled_ops,284.0,314.07578621170444,-30.07578621170444,True
2025-06-02,EWR,arr,scheduled_ops,284.0,316.6163355391356,-32.616335539135605,True
2025-06-03,EWR,arr,scheduled_ops,270.0,295.34299180332306,-25.34299180332306,True
2025-06-04,EWR,arr,scheduled_ops,271.0,297.30617053887886,-26.30617053887886,True
2025-06-05,EWR,arr,scheduled_ops,286.0,311.3457967062997,-25.345796706299723,True
2025-06-06,EWR,arr,scheduled_ops,282.0,310.2531709291825,-28.253170929182488,True
2025-06-07,EWR,arr,scheduled_ops,252.0,276.2399200000104,-24.239920000010386,True
2025-06-08,EWR,arr,scheduled_ops,280.0,308.59584933627315,-28.595849336273147,True
2025-06-09,EWR,arr,scheduled_ops,283.0,310.1869231241895,-27.18692312418949,True
2025-06-10,EWR,arr,scheduled_ops,267.0,291.1509077999987,-24.15090779999872,True
2025-06-11,EWR,arr,scheduled_ops,269.0,290.3320696150307,-21.33206961503072,True
2025-06-12,EWR,arr,scheduled_ops,282.0,308.45894698414025,-26.458946984140255,True
2025-06-13,EWR,arr,scheduled_ops,279.0,307.35623999861974,-28.356239998619742,True
2025-06-14,EWR,arr,scheduled_ops,257.0,278.8402016862889,-21.84020168628888,True
2025-06-15,EWR,arr,scheduled_ops,279.0,304.3318753918511,-25.3318753918511,True
2025-06-16,EWR,arr,scheduled_ops,330.0,306.1624034075043,23.837596592495686,False
2025-06-17,EWR,arr,scheduled_ops,319.0,294.2487079616556,24.75129203834439,False
2025-06-18,EWR,arr,scheduled_ops,322.0,292.6899541727961,29.310045827203908,False
2025-06-19,EWR,arr,scheduled_ops,333.0,310.86244917852713,22.13755082147287,False
2025-06-20,EWR,arr,scheduled_ops,334.0,308.46458912024485,25.535410879755148,False
2025-06-21,EWR,arr,scheduled_ops,302.0,280.51738580517696,21.482614194823043,False
2025-06-22,EWR,arr,scheduled_ops,327.0,305.50295599847976,21.497044001520237,False
2025-06-23,EWR,arr,scheduled_ops,334.0,306.84310384638167,27.156896153618334,False
2025-06-24,EWR,arr,scheduled_ops,323.0,294.43690241666644,28.56309758333356,False
2025-06-25,EWR,arr,scheduled_ops,328.0,293.00573741392935,34.99426258607065,False
2025-06-26,EWR,arr,scheduled_ops,342.0,312.1277079591752,29.87229204082479,False
2025-06-27,EWR,arr,scheduled_ops,344.0,308.9706926325041,35.0293073674959,False
2025-06-28,EWR,arr,scheduled_ops,315.0,280.5958406346884,34.404159365311614,False
2025-06-29,EWR,arr,scheduled_ops,339.0,304.3475987363589,34.65240126364108,False
2025-06-30,EWR,arr,scheduled_ops,340.0,303.6456452676287,36.35435473237129,False
2025-07-01,EWR,arr,scheduled_ops,336.0,293.39341059616004,42.60658940383996,False
2025-07-02,EWR,arr,scheduled_ops,333.0,292.515357246178,40.484642753822015,False
2025-07-03,EWR,arr,scheduled_ops,347.0,309.0299077975183,37.97009220248168,False
2025-07-04,EWR,arr,scheduled_ops,299.0,258.3328576277652,40.66714237223482,False
2025-07-05,EWR,arr,scheduled_ops,303.0,278.7809865212747,24.219013478725287,False
2025-07-06,EWR,arr,scheduled_ops,344.0,307.12092495235356,36.87907504764644,False
2025-07-07,EWR,arr,scheduled_ops,347.0,309.8224736780102,37.177526321989774,False
2025-07-08,EWR,arr,scheduled_ops,338.0,295.99213988553663,42.00786011446337,False
2025-07-09,EWR,arr,scheduled_ops,335.0,294.68643785280676,40.31356214719324,False
2025-07-10,EWR,arr,scheduled_ops,349.0,312.9865216446601,36.013478355339885,False
2025-07-11,EWR,arr,scheduled_ops,349.0,311.0163102691256,37.9836897308744,False
2025-07-12,EWR,arr,scheduled_ops,315.0,283.4511380001839,31.548861999816097,False
2025-07-13,EWR,arr,scheduled_ops,346.0,306.9463280257354,39.0536719742646,False
2025-07-14,EWR,arr,scheduled_ops,348.0,310.0755254341398,37.92447456586018,False
2025-07-15,EWR,arr,scheduled_ops,339.0,295.995656205526,43.00434379447398,False
2025-07-16,EWR,arr,scheduled_ops,336.0,295.3671382916841,40.632861708315886,False
2025-07-17,EWR,arr,scheduled_ops,349.0,312.9865216446601,36.013478355339885,False
2025-07-18,EWR,arr,scheduled_ops,349.0,311.0163102691256,37.9836897308744,False
2025-07-19,EWR,arr,scheduled_ops,315.0,283.3848901951909,31.615109804809094,False
2025-07-20,EWR,arr,scheduled_ops,346.0,307.6305447846022,38.36945521539781,False
2025-07-21,EWR,arr,scheduled_ops,349.0,310.0755254341398,38.92447456586018,False
2025-07-22,EWR,arr,scheduled_ops,339.0,295.995656205526,43.00434379447398,False
2025-07-23,EWR,arr,scheduled_ops,336.0,295.3671382916841,40.632861708315886,False
2025-07-24,EWR,arr,scheduled_ops,349.0,312.9865216446601,36.013478355339885,False
2025-07-25,EWR,arr,scheduled_ops,348.0,309.65490939137084,38.345090608629164,False
2025-07-26,EWR,arr,scheduled_ops,314.0,283.1318384390613,30.868161560938688,False
2025-07-27,EWR,arr,scheduled_ops,346.0,307.6270284646128,38.372971535387194,False
2025-07-28,EWR,arr,scheduled_ops,348.0,310.0755254341398,37.92447456586018,False
2025-07-29,EWR,arr,scheduled_ops,339.0,295.995656205526,43.00434379447398,False
2025-07-30,EWR,arr,scheduled_ops,336.0,295.3671382916841,40.632861708315886,False
2025-07-31,EWR,arr,scheduled_ops,348.0,313.23957340078977,34.760426599210234,False
2025-08-01,EWR,arr,scheduled_ops,346.0,310.5259301013743,35.474069898625714,False
2025-08-02,EWR,arr,scheduled_ops,307.0,283.6379419513205,23.3620580486795,False
2025-08-03,EWR,arr,scheduled_ops,342.0,307.0247828552469,34.97521714475312,False
2025-08-04,EWR,arr,scheduled_ops,346.0,310.09124877864775,35.90875122135225,False
2025-08-05,EWR,arr,scheduled_ops,337.0,295.2503660262058,41.749633973794175,False
2025-08-06,EWR,arr,scheduled_ops,331.0,283.29152069530073,47.70847930469927,False
2025-08-07,EWR,arr,scheduled_ops,346.0,305.86400157542926,40.135998424570744,False
2025-08-08,EWR,arr,scheduled_ops,344.0,302.64425476375453,41.35574523624547,False
2025-08-09,EWR,arr,scheduled_ops,307.0,265.13653392762853,41.863466072371466,False
2025-08-10,EWR,arr,scheduled_ops,342.0,297.89357208148704,44.10642791851296,False
2025-08-11,EWR,arr,scheduled_ops,344.0,299.10825695938166,44.89174304061834,False
2025-08-12,EWR,arr,scheduled_ops,333.0,282.66698685301304,50.33301314698696,False
2025-08-13,EWR,arr,scheduled_ops,331.0,284.33713833192223,46.66286166807777,False
2025-08-14,EWR,arr,scheduled_ops,347.0,305.548218334296,41.451781665704004,False
2025-08-15,EWR,arr,scheduled_ops,344.0,300.904339159863,43.095660840136986,False
2025-08-16,EWR,arr,scheduled_ops,310.0,266.0724119387507,43.92758806124931,False
2025-08-17,EWR,arr,scheduled_ops,341.0,298.1957577942276,42.804242205772425,False
2025-08-18,EWR,arr,scheduled_ops,343.0,298.42755652050425,44.572443479495746,False
2025-08-19,EWR,arr,scheduled_ops,336.0,278.49895481480877,57.50104518519123,False
2025-08-20,EWR,arr,scheduled_ops,335.0,279.15504101376035,55.84495898623965,False
2025-08-21,EWR,arr,scheduled_ops,346.0,302.14462161666853,43.85537838333147,False
2025-08-22,EWR,arr,scheduled_ops,346.0,299.8094930433898,46.19050695661019,False
2025-08-23,EWR,arr,scheduled_ops,319.0,266.48626290221694,52.513737097783064,False
2025-08-24,EWR,arr,scheduled_ops,346.0,295.6908445949536,50.3091554050464,False
2025-08-25,EWR,arr,scheduled_ops,346.0,298.3748117206632,47.62518827933678,False
2025-08-26,EWR,arr,scheduled_ops,335.0,277.11340744869307,57.88659255130693,False
2025-08-27,EWR,arr,scheduled_ops,335.0,279.09230952875674,55.90769047124326,False
2025-08-28,EWR,arr,scheduled_ops,346.0,301.099003980047,44.90099601995303,False
2025-08-29,EWR,arr,scheduled_ops,348.0,299.1950404095055,48.80495959049449,False
2025-08-30,EWR,arr,scheduled_ops,315.0,262.63448185671086,52.36551814328914,False
2025-08-31,EWR,arr,scheduled_ops,316.0,280.6964193612707,35.30358063872927,False
2025-09-01,EWR,arr,scheduled_ops,345.0,299.6507251289277,45.34927487107228,False
2025-09-02,EWR,arr,scheduled_ops,336.0,277.8077054159631,58.192294584036915,False
2025-09-03,EWR,arr,scheduled_ops,327.0,254.54065900788862,72.45934099211138,False
2025-09-04,EWR,arr,scheduled_ops,342.0,282.5932386564764,59.40676134352361,False
2025-09-05,EWR,arr,scheduled_ops,345.0,287.68095760973006,57.31904239026994,False
2025-09-06,EWR,arr,scheduled_ops,273.0,231.6755452607905,41.3244547392095,False
2025-09-07,EWR,arr,scheduled_ops,341.0,279.76260497317514,61.237395026824856,False
2025-09-08,EWR,arr,scheduled_ops,346.0,286.73314013476556,59.26685986523444,False
2025-09-09,EWR,arr,scheduled_ops,327.0,259.39456586950996,67.60543413049004,False
2025-09-10,EWR,arr,scheduled_ops,324.0,262.35635410119147,61.64364589880853,False
2025-09-11,EWR,arr,scheduled_ops,346.0,286.08527688877814,59.91472311122186,False
2025-09-12,EWR,arr,scheduled_ops,347.0,289.43308023814023,57.566919761859765,False
2025-09-13,EWR,arr,scheduled_ops,274.0,230.4695016451566,43.53049835484339,False
2025-09-14,EWR,arr,scheduled_ops,345.0,281.00862408932596,63.99137591067404,False
2025-09-15,EWR,arr,scheduled_ops,346.0,288.74183083929466,57.258169160705336,False
2025-09-16,EWR,arr,scheduled_ops,329.0,260.6598246501581,68.3401753498419,False
2025-09-17,EWR,arr,scheduled_ops,327.0,262.9409124429622,64.0590875570378,False
2025-09-18,EWR,arr,scheduled_ops,347.0,286.08527688877814,60.91472311122186,False
2025-09-19,EWR,arr,scheduled_ops,347.0,288.7523797992628,58.247620200737174,False
2025-09-20,EWR,arr,scheduled_ops,275.0,230.72255340128626,44.27744659871374,False
2025-09-21,EWR,arr,scheduled_ops,343.0,281.01214040931535,61.98785959068465,False
2025-09-22,EWR,arr,scheduled_ops,346.0,288.74183083929466,57.258169160705336,False
2025-09-23,EWR,arr,scheduled_ops,330.0,260.6598246501581,69.3401753498419,False
2025-09-24,EWR,arr,scheduled_ops,328.0,263.68434436684316,64.31565563315684,False
2025-09-25,EWR,arr,scheduled_ops,349.0,286.7708841515191,62.22911584848089,False
2025-09-26,EWR,arr,scheduled_ops,348.0,290.11868750088115,57.88131249911885,False
2025-09-27,EWR,arr,scheduled_ops,274.0,231.95423967680338,42.04576032319662,False
2025-09-28,EWR,arr,scheduled_ops,351.0,280.6977476720563,70.30225232794368,False
2025-09-29,EWR,arr,scheduled_ops,350.0,289.4274381020356,60.57256189796442,False
2025-09-30,EWR,arr,scheduled_ops,333.0,261.5984836690287,71.40151633097128,False
2025-10-01,EWR,arr,scheduled_ops,334.0,263.94230294683643,70.05769705316357,False
2025-10-02,EWR,arr,scheduled_ops,353.0,286.58851927268114,66.41148072731886,False
2025-10-03,EWR,arr,scheduled_ops,349.0,289.93632262204324,59.063677377956765,False
2025-10-04,EWR,arr,scheduled_ops,293.0,232.39687639181804,60.60312360818196,False
2025-10-05,EWR,arr,scheduled_ops,352.0,282.131961243218,69.86803875678203,False
2025-10-06,EWR,arr,scheduled_ops,352.0,306.5989976046366,45.40100239536338,False
2025-10-07,EWR,arr,scheduled_ops,341.0,280.2726303638995,60.72736963610049,False
2025-10-08,EWR,arr,scheduled_ops,331.0,279.5186494800505,51.4813505199495,False
2025-10-09,EWR,arr,scheduled_ops,352.0,306.4279169980079,45.5720830019921,False
2025-10-10,EWR,arr,scheduled_ops,352.0,309.15775139349626,42.842248606503745,False
2025-10-11,EWR,arr,scheduled_ops,295.0,258.08619690721173,36.91380309278827,False
2025-10-12,EWR,arr,scheduled_ops,350.0,303.0427811580774,46.95721884192261,False
2025-10-13,EWR,arr,scheduled_ops,351.0,309.1436861135386,41.85631388646141,False
2025-10-14,EWR,arr,scheduled_ops,341.0,281.0160622877805,59.98393771221947,False
2025-10-15,EWR,arr,scheduled_ops,340.0,280.2620814039314,59.737918596068596,False
2025-10-16,EWR,arr,scheduled_ops,352.0,306.18189788185714,45.81810211814286,False
2025-10-17,EWR,arr,scheduled_ops,352.0,308.2204828784998,43.77951712150019,False
2025-10-18,EWR,arr,scheduled_ops,295.0,255.85025899946424,39.149741000535755,False
2025-10-19,EWR,arr,scheduled_ops,351.0,302.1090289630704,48.89097103692961,False
2025-10-20,EWR,arr,scheduled_ops,352.0,306.84853304077683,45.15146695922317,False
2025-10-21,EWR,arr,scheduled_ops,341.0,280.9533308027769,60.04666919722308,False
2025-10-22,EWR,arr,scheduled_ops,338.0,280.1993499189278,57.800650081072206,False
2025-10-23,EWR,arr,scheduled_ops,352.0,304.81698068411293,47.183019315887066,False
2025-10-24,EWR,arr,scheduled_ops,351.0,306.0529185918605,44.947081408139525,False
2025-10-25,EWR,arr,scheduled_ops,292.0,258.14892839221534,33.85107160778466,False
2025-10-26,EWR,arr,scheduled_ops,358.0,304.9182409403794,53.081759059620595,False
2025-10-27,EWR,arr,scheduled_ops,360.0,313.3840630935847,46.6159369064153,False
2025-10-28,EWR,arr,scheduled_ops,348.0,281.4760804118532,66.52391958814678,False
2025-10-29,EWR,arr,scheduled_ops,346.0,284.12560172239097,61.87439827760903,False
2025-10-30,EWR,arr,scheduled_ops,357.0,308.9405853986809,48.05941460131908,False
2025-10-31,EWR,arr,scheduled_ops,351.0,295.5689976448744,55.4310023551256,False
2025-11-01,EWR,arr,scheduled_ops,277.0,253.94416961280746,23.055830387192543,False
2025-11-02,EWR,arr,scheduled_ops,358.0,320.7389485251938,37.26105147480621,False
2025-11-03,EWR,arr,scheduled_ops,362.0,323.4248795739905,38.575120426009505,False
2025-11-04,EWR,arr,scheduled_ops,356.0,305.7533136959791,50.2466863040209,False
2025-11-05,EWR,arr,scheduled_ops,355.0,307.53533061650285,47.46466938349715,False
2025-11-06,EWR,arr,scheduled_ops,365.0,325.8468861206338,39.153113879366174,False
2025-11-07,EWR,arr,scheduled_ops,365.0,325.0320320072201,39.967967992779904,False
2025-11-08,EWR,arr,scheduled_ops,287.0,291.1597799524949,-4.159779952494887,False
2025-11-09,EWR,arr,scheduled_ops,360.0,326.0107721942557,33.98922780574429,False
2025-11-10,EWR,arr,scheduled_ops,363.0,329.9042430302088,33.09575696979118,False
2025-11-11,EWR,arr,scheduled_ops,359.0,310.2488682482702,48.751131751729815,False
2025-11-12,EWR,arr,scheduled_ops,354.0,310.5997201660567,43.40027983394327,False
2025-11-13,EWR,arr,scheduled_ops,364.0,330.72095539906167,33.279044600938334,False
2025-11-14,EWR,arr,scheduled_ops,364.0,329.41572111789657,34.58427888210343,False
2025-11-15,EWR,arr,scheduled_ops,288.0,293.28172660251266,-5.281726602512663,False
2025-11-16,EWR,arr,scheduled_ops,359.0,327.4313882370247,31.56861176297531,False
2025-11-17,EWR,arr,scheduled_ops,362.0,329.3340175290717,32.66598247092833,False
2025-11-18,EWR,arr,scheduled_ops,355.0,309.56465148940333,45.43534851059667,False
2025-11-19,EWR,arr,scheduled_ops,354.0,310.7286994560533,43.27130054394672,False
2025-11-20,EWR,arr,scheduled_ops,369.0,329.7139227590827,39.28607724091728,False
2025-11-21,EWR,arr,scheduled_ops,370.0,334.80793904007425,35.192060959925755,False
2025-11-22,EWR,arr,scheduled_ops,338.0,310.84430774659694,27.15569225340306,False
2025-11-23,EWR,arr,scheduled_ops,372.0,334.2340353259198,37.76596467408018,False
2025-11-24,EWR,arr,scheduled_ops,372.0,339.03684430784296,32.963155692157045,False
2025-11-25,EWR,arr,scheduled_ops,373.0,336.2978514562606,36.70214854373938,False
2025-11-26,EWR,arr,scheduled_ops,371.0,339.07422624067965,31.92577375932035,False
2025-11-27,EWR,arr,scheduled_ops,188.0,191.6277360900783,-3.6277360900782867,False
2025-11-28,EWR,arr,scheduled_ops,349.0,293.4521715968398,55.547828403160224,False
2025-11-29,EWR,arr,scheduled_ops,347.0,332.9471000294237,14.052899970576277,False
2025-11-30,EWR,arr,scheduled_ops,373.0,342.96035340141873,30.03964659858127,False
2025-12-01,EWR,arr,scheduled_ops,377.0,340.8479145405911,36.15208545940891,False
2025-12-02,EWR,arr,scheduled_ops,355.0,322.7002195630418,32.2997804369582,False
2025-12-03,EWR,arr,scheduled_ops,358.0,317.43299685930646,40.567003140693544,False
2025-12-04,EWR,arr,scheduled_ops,361.0,331.53137044017643,29.46862955982357,False
2025-12-05,EWR,arr,scheduled_ops,363.0,333.26823747564356,29.73176252435644,False
2025-12-06,EWR,arr,scheduled_ops,297.0,295.91190258090484,1.0880974190951633,False
2025-12-07,EWR,arr,scheduled_ops,359.0,330.41075806865314,28.589241931346862,False
2025-12-08,EWR,arr,scheduled_ops,363.0,333.32042000067895,29.67957999932105,False
2025-12-09,EWR,arr,scheduled_ops,350.0,315.0856612615093,34.9143387384907,False
2025-12-10,EWR,arr,scheduled_ops,348.0,315.7558127404185,32.24418725958151,False
2025-12-11,EWR,arr,scheduled_ops,362.0,331.53137044017643,30.46862955982357,False
2025-12-12,EWR,arr,scheduled_ops,363.0,334.32532682454257,28.67467317545743,False
2025-12-13,EWR,arr,scheduled_ops,296.0,295.2312021420275,0.7687978579725154,False
2025-12-14,EWR,arr,scheduled_ops,359.0,329.7335739497652,29.266426050234827,False
2025-12-15,EWR,arr,scheduled_ops,363.0,333.32393632066834,29.676063679331662,False
2025-12-16,EWR,arr,scheduled_ops,351.0,315.1519090665023,35.8480909334977,False
2025-12-17,EWR,arr,scheduled_ops,351.0,320.69670324305247,30.30329675694753,False
2025-12-18,EWR,arr,scheduled_ops,348.0,341.05906517097725,6.940934829022751,False
2025-12-19,EWR,arr,scheduled_ops,351.0,350.0825002423251,0.9174997576748751,False
2025-12-20,EWR,arr,scheduled_ops,330.0,340.7421853246968,-10.742185324696777,False
2025-12-21,EWR,arr,scheduled_ops,342.0,338.4535349472602,3.5464650527397907,False
2025-12-22,EWR,arr,scheduled_ops,344.0,340.08417867721744,3.9158213227825627,False
2025-12-23,EWR,arr,scheduled_ops,341.0,332.7762451607241,8.223754839275898,False
2025-12-24,EWR,arr,scheduled_ops,315.0,249.88738777425746,65.11261222574254,False
2025-12-25,EWR,arr,scheduled_ops,319.0,225.92318227055657,93.07681772944343,False
2025-12-26,EWR,arr,scheduled_ops,342.0,335.31999298979787,6.680007010202132,False
2025-12-27,EWR,arr,scheduled_ops,330.0,340.4716959341291,-10.471695934129116,False
2025-12-28,EWR,arr,scheduled_ops,343.0,334.66168645149037,8.338313548509632,False
2025-12-29,EWR,arr,scheduled_ops,344.0,335.99014446870706,8.009855531292942,False
2025-12-30,EWR,arr,scheduled_ops,341.0,336.60108078260197,4.398919217398031,False
2025-12-31,EWR,arr,scheduled_ops,321.0,303.74716874428213,17.252831255717865,False
2025-01-01,EWR,arr,cancel_rate,0.003125,3.4781332988674135e-18,0.0031249999999999967,False
2025-01-02,EWR,arr,cancel_rate,0.0029069767441860465,0.0004670973643909159,0.0024398793797951305,False
2025-01-03,EWR,arr,cancel_rate,0.0029411764705882353,2.633939971708923e-17,0.002941176470588209,False
2025-01-04,EWR,arr,cancel_rate,0.003076923076923077,0.0009904740719813693,0.0020864490049417074,False
2025-01-05,EWR,arr,cancel_rate,0.023255813953488372,0.02423098098909924,-0.0009751670356108674,False
2025-01-06,EWR,arr,cancel_rate,0.04093567251461988,0.10055877690311248,-0.059623104388492595,False
2025-01-07,EWR,arr,cancel_rate,0.015337423312883436,0.053706103415034234,-0.0383686801021508,False
2025-01-08,EWR,arr,cancel_rate,0.0,0.0005546781202142309,-0.0005546781202142309,False
2025-01-09,EWR,arr,cancel_rate,0.03592814371257485,0.0429023730786106,-0.006974229366035749,False
2025-01-10,EWR,arr,cancel_rate,0.0658682634730539,0.12922032766276673,-0.06335206418971283,False
2025-01-11,EWR,arr,cancel_rate,0.010169491525423728,0.04786528379525985,-0.037695792269836124,False
2025-01-12,EWR,arr,cancel_rate,0.00303951367781155,4.161954711098627e-18,0.003039513677811546,False
2025-01-13,EWR,arr,cancel_rate,0.0,0.0005065882808114932,-0.0005065882808114932,False
2025-01-14,EWR,arr,cancel_rate,0.0031446540880503146,0.0005144831631098535,0.0026301709249404613,False
2025-01-15,EWR,arr,cancel_rate,0.0,3.5937729727100916e-19,-3.5937729727100916e-19,False
2025-01-16,EWR,arr,cancel_rate,0.0029850746268656717,0.007162846565504642,-0.004177771938638971,False
2025-01-17,EWR,arr,cancel_rate,0.0,1.9481317944401825e-18,-1.9481317944401825e-18,False
2025-01-18,EWR,arr,cancel_rate,0.0,7.59380259233729e-19,-7.59380259233729e-19,False
2025-01-19,EWR,arr,cancel_rate,0.2691131498470948,0.1601925915431933,0.10892055830390149,False
2025-01-20,EWR,arr,cancel_rate,0.005970149253731343,0.026844793673203866,-0.020874644419472524,False
2025-01-21,EWR,arr,cancel_rate,0.0529595015576324,0.06373234866091995,-0.010772847103287554,False
2025-01-22,EWR,arr,cancel_rate,0.0778816199376947,0.045300035990970565,0.032581583946724134,False
2025-01-23,EWR,arr,cancel_rate,0.020895522388059702,0.01983693837306728,0.0010585840149924218,False
2025-01-24,EWR,arr,cancel_rate,0.006006006006006006,0.0007570288094925801,0.0052489771965134255,False
2025-01-25,EWR,arr,cancel_rate,0.003389830508474576,9.583400760454533e-19,0.0033898305084745753,False
2025-01-26,EWR,arr,cancel_rate,0.0,2.05548162777703e-18,-2.05548162777703e-18,False
2025-01-27,EWR,arr,cancel_rate,0.0029850746268656717,0.007619462912000488,-0.0046343882851348165,False
2025-01-28,EWR,arr,cancel_rate,0.003134796238244514,6.447485114612838e-19,0.0031347962382445136,False
2025-01-29,EWR,arr,cancel_rate,0.0,0.009185098931442435,-0.009185098931442435,False
2025-01-30,EWR,arr,cancel_rate,0.005970149253731343,0.026929845245688797,-0.020959695991957454,False
2025-01-31,EWR,arr,cancel_rate,0.003003003003003003,0.022819541193106373,-0.019816538190103372,False
2025-02-01,EWR,arr,cancel_rate,0.0,0.01924387817730927,-0.01924387817730927,False
2025-02-02,EWR,arr,cancel_rate,0.0060790273556231,1.1204373905301957e-17,0.006079027355623089,False
2025-02-03,EWR,arr,cancel_rate,0.005970149253731343,0.007369467139509602,-0.0013993178857782586,False
2025-02-04,EWR,arr,cancel_rate,0.0,8.740071871927736e-18,-8.740071871927736e-18,False
2025-02-05,EWR,arr,cancel_rate,0.009345794392523364,0.004642406667124062,0.004703387725399302,False
2025-02-06,EWR,arr,cancel_rate,0.020771513353115726,0.03625021047419095,-0.015478697121075222,False
2025-02-07,EWR,arr,cancel_rate,0.0029850746268656717,0.007162846565504646,-0.004177771938638974,False
2025-02-08,EWR,arr,cancel_rate,0.07457627118644068,0.05646728231118726,0.018108988875253425,False
2025-02-09,EWR,arr,cancel_rate,0.03987730061349693,0.0022832970351273217,0.03759400357836961,False
2025-02-10,EWR,arr,cancel_rate,0.0029411764705882353,5.581476899805586e-18,0.0029411764705882296,False
2025-02-11,EWR,arr,cancel_rate,0.0,0.03043198154928527,-0.03043198154928527,False
2025-02-12,EWR,arr,cancel_rate,0.006172839506172839,0.02094195023869769,-0.014769110732524852,False
2025-02-13,EWR,arr,cancel_rate,0.014084507042253521,0.0012250299394866225,0.012859477102766899,False
2025-02-14,EWR,arr,cancel_rate,0.005649717514124294,0.006646934568844005,-0.0009972170547197113,False
2025-02-15,EWR,arr,cancel_rate,0.003236245954692557,0.016802942590445017,-0.01356669663575246,False
2025-02-16,EWR,arr,cancel_rate,0.11781609195402298,0.18817572516155148,-0.0703596332075285,False
2025-02-17,EWR,arr,cancel_rate,0.03954802259887006,0.06742739764363766,-0.027879375044767597,False
2025-02-18,EWR,arr,cancel_rate,0.0029069767441860465,0.004814131599335977,-0.0019071548551499303,False
2025-02-19,EWR,arr,cancel_rate,0.005847953216374269,0.02326145982641645,-0.017413506610042182,False
2025-02-20,EWR,arr,cancel_rate,0.005633802816901409,0.017277314740780418,-0.01164351192387901,False
2025-02-21,EWR,arr,cancel_rate,0.0,0.0010289663262197123,-0.0010289663262197123,False
2025-02-22,EWR,arr,cancel_rate,0.0,4.6670666517106545e-18,-4.6670666517106545e-18,False
2025-02-23,EWR,arr,cancel_rate,0.0,1.1647796718108935e-18,-1.1647796718108935e-18,False
2025-02-24,EWR,arr,cancel_rate,0.0,0.00020881999819829183,-0.00020881999819829183,False
2025-02-25,EWR,arr,cancel_rate,0.0029069767441860465,0.0005131503051743398,0.0023938264390117067,False
2025-02-26,EWR,arr,cancel_rate,0.0029239766081871343,1.5777770255487952e-18,0.0029239766081871326,False
2025-02-27,EWR,arr,cancel_rate,0.0,0.007657122901021184,-0.007657122901021184,False
2025-02-28,EWR,arr,cancel_rate,0.0,0.0001950516466687314,-0.0001950516466687314,False
2025-03-01,EWR,arr,cancel_rate,0.0,4.6312706204331025e-18,-4.6312706204331025e-18,False
2025-03-02,EWR,arr,cancel_rate,0.0,4.3406361145187465e-18,-4.3406361145187465e-18,False
2025-03-03,EWR,arr,cancel_rate,0.002824858757062147,0.0068099621824406365,-0.00398510342537849,False
2025-03-04,EWR,arr,cancel_rate,0.005865102639296188,0.013192949103258168,-0.007327846463961981,False
2025-03-05,EWR,arr,cancel_rate,0.037900874635568516,0.04065200846190758,-0.0027511338263390625,False
2025-03-06,EWR,arr,cancel_rate,0.0,0.008906503274301307,-0.008906503274301307,False
2025-03-07,EWR,arr,cancel_rate,0.0,0.0005144831631098615,-0.0005144831631098615,False
2025-03-08,EWR,arr,cancel_rate,0.006600660066006601,0.0002465236089840937,0.006354136457022507,False
2025-03-09,EWR,arr,cancel_rate,0.017142857142857144,0.0005367913761444283,0.016606065766712714,False
2025-03-10,EWR,arr,cancel_rate,0.0056179775280898875,8.931120885755892e-18,0.005617977528089879,False
2025-03-11,EWR,arr,cancel_rate,0.005747126436781609,0.00678251842928316,-0.0010353919925015507,False
2025-03-12,EWR,arr,cancel_rate,0.002849002849002849,3.8239109977293965e-18,0.0028490028490028452,False
2025-03-13,EWR,arr,cancel_rate,0.005649717514124294,0.0005014582729045573,0.0051482592412197365,False
2025-03-14,EWR,arr,cancel_rate,0.0028169014084507044,0.014220191392691097,-0.011403289984240393,False
2025-03-15,EWR,arr,cancel_rate,0.046511627906976744,0.014444816616394648,0.032066811290582094,False
2025-03-16,EWR,arr,cancel_rate,0.034383954154727794,0.043075511266349495,-0.0086915571116217,False
2025-03-17,EWR,arr,cancel_rate,0.005633802816901409,0.0031646876551469556,0.002469115161754453,False
2025-03-18,EWR,arr,cancel_rate,0.005747126436781609,0.000501458272904558,0.005245668163877051,False
2025-03-19,EWR,arr,cancel_rate,0.0,0.008915650007100748,-0.008915650007100748,False
2025-03-20,EWR,arr,cancel_rate,0.002793296089385475,0.0010029165458090858,0.0017903795435763891,False
2025-03-21,EWR,arr,cancel_rate,0.0,0.0005027310096378021,-0.0005027310096378021,False
2025-03-22,EWR,arr,cancel_rate,0.0032679738562091504,2.188037917595908e-18,0.0032679738562091483,False
2025-03-23,EWR,arr,cancel_rate,0.0028328611898017,3.677341948058169e-18,0.0028328611898016964,False
2025-03-24,EWR,arr,cancel_rate,0.0,4.730282273782778e-18,-4.730282273782778e-18,False
2025-03-25,EWR,arr,cancel_rate,0.002849002849002849,7.05329660263854e-18,0.002849002849002842,False
2025-03-26,EWR,arr,cancel_rate,0.0,4.3676481726754725e-18,-4.3676481726754725e-18,False
2025-03-27,EWR,arr,cancel_rate,0.0,4.9095688587064324e-18,-4.9095688587064324e-18,False
2025-03-28,EWR,arr,cancel_rate,0.002785515320334262,0.0009464735058091642,0.0018390418145250976,False
2025-03-29,EWR,arr,cancel_rate,0.0,5.199309977357767e-18,-5.199309977357767e-18,False
2025-03-30,EWR,arr,cancel_rate,0.011940298507462687,0.03020945220496374,-0.018269153697501053,False
2025-03-31,EWR,arr,cancel_rate,0.06528189910979229,0.1056905657568853,-0.040408666647093014,False
2025-04-01,EWR,arr,cancel_rate,0.05120481927710843,0.007677365030902842,0.04352745424620559,False
2025-04-02,EWR,arr,cancel_rate,0.018072289156626505,0.019599608635152248,-0.0015273194785257425,False
2025-04-03,EWR,arr,cancel_rate,0.011940298507462687,0.01652389614612237,-0.004583597638659684,False
2025-04-04,EWR,arr,cancel_rate,0.005970149253731343,0.0014439028774079568,0.004526246376323387,False
2025-04-05,EWR,arr,cancel_rate,0.006622516556291391,0.0015895253594198349,0.005032991196871556,False
2025-04-06,EWR,arr,cancel_rate,0.006042296072507553,0.00869339058776383,-0.0026510945152562766,False
2025-04-07,EWR,arr,cancel_rate,0.01791044776119403,0.0007236117796507855,0.017186835981543247,False
2025-04-08,EWR,arr,cancel_rate,0.00303951367781155,0.007840940699052388,-0.004801427021240838,False
2025-04-09,EWR,arr,cancel_rate,0.0030864197530864196,3.3591542162864386e-18,0.003086419753086416,False
2025-04-10,EWR,arr,cancel_rate,0.0,0.006393252148284289,-0.006393252148284289,False
2025-04-11,EWR,arr,cancel_rate,0.0030120481927710845,0.012421917431183689,-0.009409869238412603,False
2025-04-12,EWR,arr,cancel_rate,0.0,2.770160084019943e-18,-2.770160084019943e-18,False
2025-04-13,EWR,arr,cancel_rate,0.0,0.0005171697592618648,-0.0005171697592618648,False
2025-04-14,EWR,arr,cancel_rate,0.0,0.0004890765871538157,-0.0004890765871538157,False
2025-04-15,EWR,arr,cancel_rate,0.0,0.0004890765871538141,-0.0004890765871538141,False
2025-04-16,EWR,arr,cancel_rate,0.0,5.2137204893315486e-18,-5.2137204893315486e-18,False
2025-04-17,EWR,arr,cancel_rate,0.0031746031746031746,3.721845579479241e-18,0.0031746031746031707,False
2025-04-18,EWR,arr,cancel_rate,0.012658227848101266,0.006118840376348001,0.006539387471753265,False
2025-04-19,EWR,arr,cancel_rate,0.006968641114982578,0.0005867669370861008,0.006381874177896478,False
2025-04-20,EWR,arr,cancel_rate,0.0660377358490566,0.011791147423215333,0.05424658842584127,False
2025-04-21,EWR,arr,cancel_rate,0.041401273885350316,0.01170113866425949,0.02970013522109083,False
2025-04-22,EWR,arr,cancel_rate,0.0,0.00025356714066934776,-0.00025356714066934776,False
2025-04-23,EWR,arr,cancel_rate,0.0,1.0595006120192731e-18,-1.0595006120192731e-18,False
2025-04-24,EWR,arr,cancel_rate,0.006369426751592357,0.00865561984476586,-0.0022861930931735025,False
2025-04-25,EWR,arr,cancel_rate,0.0,0.0004902871727655807,-0.0004902871727655807,False
2025-04-26,EWR,arr,cancel_rate,0.041666666666666664,0.02128957173636101,0.020377094930305654,False
2025-04-27,EWR,arr,cancel_rate,0.02531645569620253,0.011701138664259488,0.013615317031943044,False
2025-04-28,EWR,arr,cancel_rate,0.15286624203821655,0.019571747458524344,0.13329449457969222,False
2025-04-29,EWR,arr,cancel_rate,0.009900990099009901,3.153846478805948e-18,0.009900990099009898,False
2025-04-30,EWR,arr,cancel_rate,0.032467532467532464,0.01928749119853463,0.013180041268997834,False
2025-05-01,EWR,arr,cancel_rate,0.21646341463414634,0.023720177393250722,0.19274323724089562,False
2025-05-02,EWR,arr,cancel_rate,0.021671826625386997,0.009167277163009847,0.01250454946237715,False
2025-05-03,EWR,arr,cancel_rate,0.09508196721311475,0.024224870493151626,0.07085709671996313,False
2025-05-04,EWR,arr,cancel_rate,0.13622291021671826,0.012848534327525809,0.12337437588919245,False
2025-05-05,EWR,arr,cancel_rate,0.1723076923076923,0.06986004366397347,0.10244764864371883,False
2025-05-06,EWR,arr,cancel_rate,0.17096774193548386,0.04981324441509037,0.12115449752039349,False
2025-05-07,EWR,arr,cancel_rate,0.08360128617363344,0.01998682901465869,0.06361445715897475,False
2025-05-08,EWR,arr,cancel_rate,0.040123456790123455,0.018272653097806162,0.021850803692317292,False
2025-05-09,EWR,arr,cancel_rate,0.15432098765432098,0.030476821556231076,0.1238441660980899,False
2025-05-10,EWR,arr,cancel_rate,0.0037174721189591076,2.2735828087386057e-18,0.0037174721189591055,False
2025-05-11,EWR,arr,cancel_rate,0.010273972602739725,3.447661660078778e-18,0.010273972602739722,False
2025-05-12,EWR,arr,cancel_rate,0.010238907849829351,0.007212077309325471,0.00302683054050388,False
2025-05-13,EWR,arr,cancel_rate,0.0035335689045936395,1.861459882386299e-18,0.003533568904593638,False
2025-05-14,EWR,arr,cancel_rate,0.0498220640569395,0.016046664732945255,0.033775399323994246,False
2025-05-15,EWR,arr,cancel_rate,0.07142857142857142,0.008927346453462777,0.06250122497510865,False
2025-05-16,EWR,arr,cancel_rate,0.11904761904761904,0.08159488774459811,0.03745273130302093,False
2025-05-17,EWR,arr,cancel_rate,0.003703703703703704,0.017783246178208673,-0.014079542474504969,False
2025-05-18,EWR,arr,cancel_rate,0.010344827586206896,0.006697039154037836,0.00364778843216906,False
2025-05-19,EWR,arr,cancel_rate,0.0034602076124567475,0.0004989320347539013,0.0029612755777028463,False
2025-05-20,EWR,arr,cancel_rate,0.010869565217391304,0.000500191964134594,0.01036937325325671,True
2025-05-21,EWR,arr,cancel_rate,0.0035971223021582736,2.8940921260710686e-18,0.0035971223021582705,True
2025-05-22,EWR,arr,cancel_rate,0.0176678445229682,0.007014915593923675,0.010652928929044524,True
2025-05-23,EWR,arr,cancel_rate,0.0,6.254483345861061e-18,-6.254483345861061e-18,True
2025-05-24,EWR,arr,cancel_rate,0.0038022813688212928,1.2249027266625326e-17,0.0038022813688212806,True
2025-05-25,EWR,arr,cancel_rate,0.007168458781362007,0.00024314657324458585,0.006925312208117421,True
2025-05-26,EWR,arr,cancel_rate,0.0,0.000696066660660991,-0.000696066660660991,True
2025-05-27,EWR,arr,cancel_rate,0.007246376811594203,2.1909632323480425e-17,0.007246376811594181,True
2025-05-28,EWR,arr,cancel_rate,0.0,3.568287008268799e-18,-3.568287008268799e-18,True
2025-05-29,EWR,arr,cancel_rate,0.0,0.005850569332129746,-0.005850569332129746,True
2025-05-30,EWR,arr,cancel_rate,0.010452961672473868,0.012999692990603788,-0.00254673131812992,True
2025-05-31,EWR,arr,cancel_rate,0.0,5.9601623426725685e-18,-5.9601623426725685e-18,True
2025-06-01,EWR,arr,cancel_rate,0.0035211267605633804,0.0007582352165250391,0.0027628915440383412,True
2025-06-02,EWR,arr,cancel_rate,0.0035211267605633804,0.008165191025552736,-0.004644064264989355,True
2025-06-03,EWR,arr,cancel_rate,0.0,5.833292663594936e-18,-5.833292663594936e-18,True
2025-06-04,EWR,arr,cancel_rate,0.0036900369003690036,1.9697402151755693e-18,0.0036900369003690014,True
2025-06-05,EWR,arr,cancel_rate,0.0034965034965034965,0.0004964311222989953,0.003000072374204501,True
2025-06-06,EWR,arr,cancel_rate,0.0035460992907801418,0.03085800339910466,-0.02731190410832452,True
2025-06-07,EWR,arr,cancel_rate,0.003968253968253968,0.008055316303891903,-0.004087062335637935,True
2025-06-08,EWR,arr,cancel_rate,0.0035714285714285713,0.0017847194261247936,0.0017867091453037777,True
2025-06-09,EWR,arr,cancel_rate,0.0,0.0024418869719602604,-0.0024418869719602604,True
2025-06-10,EWR,arr,cancel_rate,0.003745318352059925,0.005447090489425557,-0.0017017721373656322,True
2025-06-11,EWR,arr,cancel_rate,0.011152416356877323,0.0033550916695369274,0.007797324687340396,True
2025-06-12,EWR,arr,cancel_rate,0.0035460992907801418,0.008149534856714517,-0.004603435565934375,True
2025-06-13,EWR,arr,cancel_rate,0.010752688172043012,0.01373695635274673,-0.0029842681807037176,True
2025-06-14,EWR,arr,cancel_rate,0.007782101167315175,0.0017938474725955104,0.005988253694719664,True
2025-06-15,EWR,arr,cancel_rate,0.0,0.01050017867734662,-0.01050017867734662,True
2025-06-16,EWR,arr,cancel_rate,0.006060606060606061,0.006789959186038095,-0.000729353125432034,False
2025-06-17,EWR,arr,cancel_rate,0.0,0.022141896452178535,-0.022141896452178535,False
2025-06-18,EWR,arr,cancel_rate,0.006211180124223602,0.03187720353308018,-0.025666023408856577,False
2025-06-19,EWR,arr,cancel_rate,0.08708708708708708,0.11249746529707112,-0.02541037820998404,False
2025-06-20,EWR,arr,cancel_rate,0.020958083832335328,0.022276908660417052,-0.0013188248280817244,False
2025-06-21,EWR,arr,cancel_rate,0.06291390728476821,0.008743806662136836,0.054170100622631376,False
2025-06-22,EWR,arr,cancel_rate,0.027522935779816515,0.023543745645438166,0.003979190134378349,False
2025-06-23,EWR,arr,cancel_rate,0.005988023952095809,0.0004939551566017365,0.005494068795494072,False
2025-06-24,EWR,arr,cancel_rate,0.0030959752321981426,5.104665862818218e-18,0.0030959752321981374,False
2025-06-25,EWR,arr,cancel_rate,0.018292682926829267,0.051035953894737196,-0.032743270967907925,False
2025-06-26,EWR,arr,cancel_rate,0.02631578947368421,0.06073653506170403,-0.03442074558801982,False
2025-06-27,EWR,arr,cancel_rate,0.10465116279069768,0.08926458611607334,0.015386576674624342,False
2025-06-28,EWR,arr,cancel_rate,0.08253968253968254,0.0899803463002798,-0.007440663760597266,False
2025-06-29,EWR,arr,cancel_rate,0.017699115044247787,0.007505947840040969,0.010193167204206818,False
2025-06-30,EWR,arr,cancel_rate,0.08823529411764706,0.10451135773279596,-0.016276063615148897,False
2025-07-01,EWR,arr,cancel_rate,0.24702380952380953,0.1824127874326056,0.06461102209120392,False
2025-07-02,EWR,arr,cancel_rate,0.03303303303303303,0.011431637735045524,0.021601395297987505,False
2025-07-03,EWR,arr,cancel_rate,0.08069164265129683,0.06014319227262775,0.020548450378669078,False
2025-07-04,EWR,arr,cancel_rate,0.013377926421404682,0.014199674649761067,-0.0008217482283563848,False
2025-07-05,EWR,arr,cancel_rate,0.0,3.898078406793025e-18,-3.898078406793025e-18,False
2025-07-06,EWR,arr,cancel_rate,0.005813953488372093,0.006135531323770945,-0.00032157783539885163,False
2025-07-07,EWR,arr,cancel_rate,0.008645533141210375,0.01594159467936647,-0.007296061538156094,False
2025-07-08,EWR,arr,cancel_rate,0.09171597633136094,0.10015179021239513,-0.00843581388103419,False
2025-07-09,EWR,arr,cancel_rate,0.03880597014925373,0.05172338377514477,-0.012917413625891043,False
2025-07-10,EWR,arr,cancel_rate,0.022922636103151862,0.02820200805493836,-0.005279371951786498,False
2025-07-11,EWR,arr,cancel_rate,0.02005730659025788,0.0017358807219930916,0.01832142586826479,False
2025-07-12,EWR,arr,cancel_rate,0.044444444444444446,0.05960551770973043,-0.015161073265285985,False
2025-07-13,EWR,arr,cancel_rate,0.15028901734104047,0.05064423218936824,0.09964478515167223,False
2025-07-14,EWR,arr,cancel_rate,0.3764367816091954,0.1938298701887323,0.18260691142046312,False
2025-07-15,EWR,arr,cancel_rate,0.1887905604719764,0.02869771264774632,0.16009284782423008,False
2025-07-16,EWR,arr,cancel_rate,0.1130952380952381,0.11992961074967262,-0.006834372654434526,False
2025-07-17,EWR,arr,cancel_rate,0.03151862464183381,0.01767612921907469,0.01384249542275912,False
2025-07-18,EWR,arr,cancel_rate,0.0028653295128939827,0.0002517687921539715,0.002613560720740011,False
2025-07-19,EWR,arr,cancel_rate,0.006349206349206349,0.0023303060917328772,0.004018900257473472,False
2025-07-20,EWR,arr,cancel_rate,0.017341040462427744,0.008864975161562946,0.008476065300864798,False
2025-07-21,EWR,arr,cancel_rate,0.0057306590257879654,1.3700164105569967e-17,0.0057306590257879516,False
2025-07-22,EWR,arr,cancel_rate,0.0058997050147492625,0.0004927264124310924,0.00540697860231817,False
2025-07-23,EWR,arr,cancel_rate,0.002976190476190476,0.006723820579170894,-0.0037476301029804177,False
2025-07-24,EWR,arr,cancel_rate,0.0057306590257879654,0.007109986170128841,-0.0013793271443408757,False
2025-07-25,EWR,arr,cancel_rate,0.05747126436781609,0.0768026143943021,-0.019331350026486005,False
2025-07-26,EWR,arr,cancel_rate,0.012738853503184714,0.011114796640373134,0.0016240568628115796,False
2025-07-27,EWR,arr,cancel_rate,0.17341040462427745,0.10469675804848698,0.06871364657579047,False
2025-07-28,EWR,arr,cancel_rate,0.06896551724137931,0.022559449162543523,0.04640606807883579,False
2025-07-29,EWR,arr,cancel_rate,0.014749262536873156,0.0004927264124310983,0.014256536124442058,False
2025-07-30,EWR,arr,cancel_rate,0.020833333333333332,0.010347254661052623,0.01048607867228071,False
2025-07-31,EWR,arr,cancel_rate,0.23563218390804597,0.21090848511312246,0.024723698794923504,False
2025-08-01,EWR,arr,cancel_rate,0.046242774566473986,0.05809107840018905,-0.011848303833715067,False
2025-08-02,EWR,arr,cancel_rate,0.035830618892508145,0.018291765227770766,0.01753885366473738,False
2025-08-03,EWR,arr,cancel_rate,0.0029239766081871343,0.013940437853255024,-0.01101646124506789,False
2025-08-04,EWR,arr,cancel_rate,0.005780346820809248,0.001463615895053897,0.004316730925755351,False
2025-08-05,EWR,arr,cancel_rate,0.002967359050445104,0.0003256825659973314,0.0026416764844477726,False
2025-08-06,EWR,arr,cancel_rate,0.027190332326283987,0.0087286191493703,0.018461713176913686,False
2025-08-07,EWR,arr,cancel_rate,0.028901734104046242,0.0024393598250898366,0.026462374278956407,False
2025-08-08,EWR,arr,cancel_rate,0.014534883720930232,0.007061569779775276,0.007473313941154957,False
2025-08-09,EWR,arr,cancel_rate,0.009771986970684038,0.0011628253727768412,0.008609161597907197,False
2025-08-10,EWR,arr,cancel_rate,0.005847953216374269,0.0013385036455254992,0.00450944957084877,False
2025-08-11,EWR,arr,cancel_rate,0.0,5.291819688761129e-18,-5.291819688761129e-18,False
2025-08-12,EWR,arr,cancel_rate,0.003003003003003003,0.009180541484819615,-0.006177538481816612,False
2025-08-13,EWR,arr,cancel_rate,0.10876132930513595,0.14129544955221696,-0.03253412024708101,False
2025-08-14,EWR,arr,cancel_rate,0.008645533141210375,0.01236091813748425,-0.0037153849962738746,False
2025-08-15,EWR,arr,cancel_rate,0.005813953488372093,0.000490287172765582,0.005323666315606511,False
2025-08-16,EWR,arr,cancel_rate,0.00967741935483871,0.01750597067902934,-0.007828551324190629,False
2025-08-17,EWR,arr,cancel_rate,0.026392961876832845,0.012632725500098425,0.01376023637673442,False
2025-08-18,EWR,arr,cancel_rate,0.01749271137026239,0.042002281194629135,-0.024509569824366743,False
2025-08-19,EWR,arr,cancel_rate,0.008928571428571428,0.0009830075324927788,0.00794556389607865,False
2025-08-20,EWR,arr,cancel_rate,0.0029850746268656717,0.007884326414055,-0.004899251787189328,False
2025-08-21,EWR,arr,cancel_rate,0.002890173410404624,2.1677196857063864e-18,0.002890173410404622,False
2025-08-22,EWR,arr,cancel_rate,0.002890173410404624,0.0012491409582290603,0.0016410324521755639,False
2025-08-23,EWR,arr,cancel_rate,0.0,0.0015474688890413524,-0.0015474688890413524,False
2025-08-24,EWR,arr,cancel_rate,0.002890173410404624,4.7812331186883515e-18,0.0028901734104046194,False
2025-08-25,EWR,arr,cancel_rate,0.002890173410404624,0.005895573711607675,-0.003005400301203051,False
2025-08-26,EWR,arr,cancel_rate,0.011940298507462687,7.238223534824527e-18,0.01194029850746268,False
2025-08-27,EWR,arr,cancel_rate,0.0,1.2201197056554029e-18,-1.2201197056554029e-18,False
2025-08-28,EWR,arr,cancel_rate,0.008670520231213872,0.006655603830628541,0.002014916400585331,False
2025-08-29,EWR,arr,cancel_rate,0.005747126436781609,0.007005664913476563,-0.0012585384766949535,False
2025-08-30,EWR,arr,cancel_rate,0.0,0.0119943718500715,-0.0119943718500715,False
2025-08-31,EWR,arr,cancel_rate,0.0031645569620253164,0.0006339178516733756,0.0025306391103519406,False
2025-09-01,EWR,arr,cancel_rate,0.0,0.0004927264124310816,-0.0004927264124310816,False
2025-09-02,EWR,arr,cancel_rate,0.0,1.1404678019454978e-18,-1.1404678019454978e-18,False
2025-09-03,EWR,arr,cancel_rate,0.0,7.539740299315037e-19,-7.539740299315037e-19,False
2025-09-04,EWR,arr,cancel_rate,0.05555555555555555,0.04780221289170632,0.007753342663849236,False
2025-09-05,EWR,arr,cancel_rate,0.06956521739130435,0.017044189213814495,0.052521028177489854,False
2025-09-06,EWR,arr,cancel_rate,0.1391941391941392,0.06797988095056023,0.07121425824357897,False
2025-09-07,EWR,arr,cancel_rate,0.01466275659824047,0.003677804043981572,0.010984952554258898,False
2025-09-08,EWR,arr,cancel_rate,0.0,0.006790828599160062,-0.006790828599160062,False
2025-09-09,EWR,arr,cancel_rate,0.0,5.386942212112084e-19,-5.386942212112084e-19,False
2025-09-10,EWR,arr,cancel_rate,0.0030864197530864196,0.0004951900444932322,0.002591229708593187,False
2025-09-11,EWR,arr,cancel_rate,0.0,0.0004831122385299831,-0.0004831122385299831,False
2025-09-12,EWR,arr,cancel_rate,0.0,3.19637788238654e-18,-3.19637788238654e-18,False
2025-09-13,EWR,arr,cancel_rate,0.0072992700729927005,0.008449341159506399,-0.001150071086513698,False
2025-09-14,EWR,arr,cancel_rate,0.0,1.606676458054998e-19,-1.606676458054998e-19,False
2025-09-15,EWR,arr,cancel_rate,0.002890173410404624,7.935749442771516e-19,0.0028901734104046233,False
2025-09-16,EWR,arr,cancel_rate,0.0,1.2652410926996054e-18,-1.2652410926996054e-18,False
2025-09-17,EWR,arr,cancel_rate,0.009174311926605505,0.0019563063486152514,0.007218005577990254,False
2025-09-18,EWR,arr,cancel_rate,0.002881844380403458,0.0004831122385299862,0.002398732141873472,False
2025-09-19,EWR,arr,cancel_rate,0.005763688760806916,0.008308935318749083,-0.0025452465579421666,False
2025-09-20,EWR,arr,cancel_rate,0.0036363636363636364,0.017851749476105114,-0.014215385839741478,False
2025-09-21,EWR,arr,cancel_rate,0.0058309037900874635,0.0007836530130441489,0.005047250777043315,False
2025-09-22,EWR,arr,cancel_rate,0.0,0.006202698675164287,-0.006202698675164287,False
2025-09-23,EWR,arr,cancel_rate,0.0030303030303030303,2.1080930953163795e-18,0.003030303030303028,False
2025-09-24,EWR,arr,cancel_rate,0.006097560975609756,0.016642711051288405,-0.010545150075678649,False
2025-09-25,EWR,arr,cancel_rate,0.017191977077363897,0.03186888846723811,-0.01467691138987421,False
2025-09-26,EWR,arr,cancel_rate,0.008620689655172414,0.012208272945598215,-0.0035875832904258016,False
2025-09-27,EWR,arr,cancel_rate,0.0,4.2769695213007265e-18,-4.2769695213007265e-18,False
2025-09-28,EWR,arr,cancel_rate,0.0,1.2738099006380905e-18,-1.2738099006380905e-18,False
2025-09-29,EWR,arr,cancel_rate,0.002857142857142857,3.1436695810668125e-18,0.002857142857142854,False
2025-09-30,EWR,arr,cancel_rate,0.003003003003003003,6.79325119122171e-19,0.003003003003003002,False
2025-10-01,EWR,arr,cancel_rate,0.0029940119760479044,7.302801892440777e-19,0.0029940119760479035,False
2025-10-02,EWR,arr,cancel_rate,0.0,2.187564051382412e-18,-2.187564051382412e-18,False
2025-10-03,EWR,arr,cancel_rate,0.008595988538681949,1.4321897341361818e-18,0.008595988538681947,False
2025-10-04,EWR,arr,cancel_rate,0.0,0.0,0.0,False
2025-10-05,EWR,arr,cancel_rate,0.002840909090909091,1.1426788615294853e-18,0.0028409090909090897,False
2025-10-06,EWR,arr,cancel_rate,0.005681818181818182,7.102942180025587e-18,0.005681818181818175,False
2025-10-07,EWR,arr,cancel_rate,0.0,0.006978235819114701,-0.006978235819114701,False
2025-10-08,EWR,arr,cancel_rate,0.0,1.4069514859856523e-18,-1.4069514859856523e-18,False
2025-10-09,EWR,arr,cancel_rate,0.0,1.2124069285812245e-18,-1.2124069285812245e-18,False
2025-10-10,EWR,arr,cancel_rate,0.0,0.0002063918586843559,-0.0002063918586843559,False
2025-10-11,EWR,arr,cancel_rate,0.0,0.000805187064216642,-0.000805187064216642,False
2025-10-12,EWR,arr,cancel_rate,0.011428571428571429,0.005105052005084873,0.006323519423486555,False
2025-10-13,EWR,arr,cancel_rate,0.017094017094017096,0.06133735617078073,-0.04424333907676364,False
2025-10-14,EWR,arr,cancel_rate,0.002932551319648094,0.01347335939969942,-0.010540808080051325,False
2025-10-15,EWR,arr,cancel_rate,0.0029411764705882353,0.000966224477059971,0.0019749519935282644,False
2025-10-16,EWR,arr,cancel_rate,0.0,3.0280119975922023e-18,-3.0280119975922023e-18,False
2025-10-17,EWR,arr,cancel_rate,0.002840909090909091,3.8323460841025425e-18,0.002840909090909087,False
2025-10-18,EWR,arr,cancel_rate,0.003389830508474576,0.0005546781202142076,0.002835152388260369,False
2025-10-19,EWR,arr,cancel_rate,0.002849002849002849,0.00019832066867994238,0.002650682180322907,False
2025-10-20,EWR,arr,cancel_rate,0.002840909090909091,1.3086439527866273e-18,0.0028409090909090897,False
2025-10-21,EWR,arr,cancel_rate,0.0,0.0004831122385299843,-0.0004831122385299843,False
2025-10-22,EWR,arr,cancel_rate,0.0,1.644353871916162e-18,-1.644353871916162e-18,False
2025-10-23,EWR,arr,cancel_rate,0.005681818181818182,0.0004796029486617375,0.005202215233156444,False
2025-10-24,EWR,arr,cancel_rate,0.005698005698005698,0.007096432330354362,-0.0013984266323486634,False
2025-10-25,EWR,arr,cancel_rate,0.003424657534246575,0.001885563273345755,0.0015390942609008202,False
2025-10-26,EWR,arr,cancel_rate,0.013966480446927373,0.0007049089494914343,0.01326157149743594,False
2025-10-27,EWR,arr,cancel_rate,0.0,0.0004738660712853984,-0.0004738660712853984,False
2025-10-28,EWR,arr,cancel_rate,0.0,3.1572028384032635e-18,-3.1572028384032635e-18,False
2025-10-29,EWR,arr,cancel_rate,0.0,3.0121213815005263e-18,-3.0121213815005263e-18,False
2025-10-30,EWR,arr,cancel_rate,0.1792717086834734,0.18519597369695845,-0.005924265013485058,False
2025-10-31,EWR,arr,cancel_rate,0.039886039886039885,0.0529373511157662,-0.013051311229726317,False
2025-11-01,EWR,arr,cancel_rate,0.010830324909747292,0.01519345016827346,-0.004363125258526168,False
2025-11-02,EWR,arr,cancel_rate,0.09497206703910614,0.019504993385893912,0.07546707365321223,False
2025-11-03,EWR,arr,cancel_rate,0.011049723756906077,0.0009454702520157192,0.010104253504890357,False
2025-11-04,EWR,arr,cancel_rate,0.0,0.0018954642851415626,-0.0018954642851415626,False
2025-11-05,EWR,arr,cancel_rate,0.008450704225352112,0.0016860323200305518,0.00676467190532156,False
2025-11-06,EWR,arr,cancel_rate,0.03287671232876712,0.01368099869816753,0.01919571363059959,False
2025-11-07,EWR,arr,cancel_rate,0.038356164383561646,0.021155550403322947,0.0172006139802387,False
2025-11-08,EWR,arr,cancel_rate,0.2578397212543554,0.1188591319607127,0.1389805892936427,False
2025-11-09,EWR,arr,cancel_rate,0.43333333333333335,0.1646152957311831,0.26871803760215024,False
2025-11-10,EWR,arr,cancel_rate,0.1184573002754821,0.0764368487344339,0.04202045154104819,False
2025-11-11,EWR,arr,cancel_rate,0.0584958217270195,0.05553628954597172,0.002959532181047775,False
2025-11-12,EWR,arr,cancel_rate,0.0423728813559322,0.023353037872756555,0.019019843483175647,False
2025-11-13,EWR,arr,cancel_rate,0.06318681318681318,0.03830050943463187,0.024886303752181316,False
2025-11-14,EWR,arr,cancel_rate,0.03571428571428571,0.00373728335466595,0.03197700235961976,False
2025-11-15,EWR,arr,cancel_rate,0.024305555555555556,0.001798850820276293,0.022506704735279263,False
2025-11-16,EWR,arr,cancel_rate,0.011142061281337047,0.0004890765871538163,0.01065298469418323,False
2025-11-17,EWR,arr,cancel_rate,0.0027624309392265192,0.0037284897467725724,-0.0009660588075460531,False
2025-11-18,EWR,arr,cancel_rate,0.0,1.2227642787440244e-18,-1.2227642787440244e-18,False
2025-11-19,EWR,arr,cancel_rate,0.0,3.842588457766501e-18,-3.842588457766501e-18,False
2025-11-20,EWR,arr,cancel_rate,0.005420054200542005,0.015567670958394222,-0.010147616757852217,False
2025-11-21,EWR,arr,cancel_rate,0.005405405405405406,0.007098863336809863,-0.0016934579314044577,False
2025-11-22,EWR,arr,cancel_rate,0.011834319526627219,0.0006473072477035777,0.01118701227892364,False
2025-11-23,EWR,arr,cancel_rate,0.002688172043010753,6.240640309725546e-18,0.002688172043010747,False
2025-11-24,EWR,arr,cancel_rate,0.0,0.0007037390705616598,-0.0007037390705616598,False
2025-11-25,EWR,arr,cancel_rate,0.0,1.2545550398654501e-18,-1.2545550398654501e-18,False
2025-11-26,EWR,arr,cancel_rate,0.0,2.3259785615328873e-18,-2.3259785615328873e-18,False
2025-11-27,EWR,arr,cancel_rate,0.0,3.4340505900721786e-18,-3.4340505900721786e-18,False
2025-11-28,EWR,arr,cancel_rate,0.0,0.001974179579375016,-0.001974179579375016,False
2025-11-29,EWR,arr,cancel_rate,0.037463976945244955,0.05924843065155776,-0.021784453706312802,False
2025-11-30,EWR,arr,cancel_rate,0.024128686327077747,0.020857757236661778,0.0032709290904159687,False
2025-12-01,EWR,arr,cancel_rate,0.005305039787798408,0.010217813858197344,-0.004912774070398936,False
2025-12-02,EWR,arr,cancel_rate,0.0028169014084507044,0.0037372833546659118,-0.0009203819462152074,False
2025-12-03,EWR,arr,cancel_rate,0.0,5.486354955557405e-18,-5.486354955557405e-18,False
2025-12-04,EWR,arr,cancel_rate,0.0,4.814931232504103e-18,-4.814931232504103e-18,False
2025-12-05,EWR,arr,cancel_rate,0.005509641873278237,0.024310179910334392,-0.018800538037056155,False
2025-12-06,EWR,arr,cancel_rate,0.0,0.01035296507426661,-0.01035296507426661,False
2025-12-07,EWR,arr,cancel_rate,0.013927576601671309,0.036985561665818,-0.02305798506414669,False
2025-12-08,EWR,arr,cancel_rate,0.0027548209366391185,0.006494295665485039,-0.0037394747288459207,False
2025-12-09,EWR,arr,cancel_rate,0.0,0.00046606121834657783,-0.00046606121834657783,False
2025-12-10,EWR,arr,cancel_rate,0.0,0.001864244873386296,-0.001864244873386296,False
2025-12-11,EWR,arr,cancel_rate,0.0027624309392265192,0.001851177736423301,0.0009112532028032181,False
2025-12-12,EWR,arr,cancel_rate,0.0,0.0018555130472814347,-0.0018555130472814347,False
2025-12-13,EWR,arr,cancel_rate,0.0033783783783783786,0.008222023380264986,-0.004843645001886608,False
2025-12-14,EWR,arr,cancel_rate,0.22284122562674094,0.1530657803516723,0.06977544527506865,False
2025-12-15,EWR,arr,cancel_rate,0.01928374655647383,0.01664586447020753,0.0026378820862663008,False
2025-12-16,EWR,arr,cancel_rate,0.0,4.8309754575250006e-18,-4.8309754575250006e-18,False
2025-12-17,EWR,arr,cancel_rate,0.0,0.001689864616680251,-0.001689864616680251,False
2025-12-18,EWR,arr,cancel_rate,0.0028735632183908046,1.081777744212527e-17,0.0028735632183907937,False
2025-12-19,EWR,arr,cancel_rate,0.03418803418803419,0.04443408079643847,-0.01024604660840428,False
2025-12-20,EWR,arr,cancel_rate,0.024242424242424242,0.004892640299014315,0.01934978394340993,False
2025-12-21,EWR,arr,cancel_rate,0.005847953216374269,0.009720166676767786,-0.003872213460393518,False
2025-12-22,EWR,arr,cancel_rate,0.00872093023255814,0.006334087458752046,0.002386842773806093,False
2025-12-23,EWR,arr,cancel_rate,0.0,0.007777348203873482,-0.007777348203873482,False
2025-12-24,EWR,arr,cancel_rate,0.0031746031746031746,0.0029216897530310827,0.0002529134215720919,False
2025-12-25,EWR,arr,cancel_rate,0.003134796238244514,0.0012342881522234492,0.0019005080860210648,False
2025-12-26,EWR,arr,cancel_rate,0.30994152046783624,0.1494663196917924,0.16047520077604385,False
2025-12-27,EWR,arr,cancel_rate,0.07878787878787878,0.04399714109743539,0.03479073769044339,False
2025-12-28,EWR,arr,cancel_rate,0.01749271137026239,0.0231993866233261,-0.00570667525306371,False
2025-12-29,EWR,arr,cancel_rate,0.014534883720930232,0.02278625499596205,-0.008251371275031819,False
2025-12-30,EWR,arr,cancel_rate,0.011730205278592375,0.0024837118219096393,0.009246493456682736,False
2025-12-31,EWR,arr,cancel_rate,0.0,0.0024254206260893077,-0.0024254206260893077,False
2025-01-01,EWR,arr,delay15_rate,0.1724137931034483,0.11680823532560035,0.05560555777784794,False
2025-01-02,EWR,arr,delay15_rate,0.13411078717201166,0.1468206226260494,-0.012709835454037727,False
2025-01-03,EWR,arr,delay15_rate,0.17699115044247787,0.21538241451499182,-0.03839126407251395,False
2025-01-04,EWR,arr,delay15_rate,0.32407407407407407,0.26262908977200866,0.06144498430206541,False
2025-01-06,EWR,arr,delay15_rate,0.36890243902439024,0.4878057135835566,-0.11890327455916638,False
2025-01-07,EWR,arr,delay15_rate,0.34890965732087226,0.37694671573539495,-0.028037058414522698,False
2025-01-08,EWR,arr,delay15_rate,0.18429003021148035,0.26938491860360425,-0.0850948883921239,False
2025-01-09,EWR,arr,delay15_rate,0.43478260869565216,0.40052598370348697,0.0342566249921652,False
2025-01-10,EWR,arr,delay15_rate,0.2564102564102564,0.2961049705498704,-0.03969471413961401,False
2025-01-11,EWR,arr,delay15_rate,0.17465753424657535,0.3358041709499238,-0.16114663670334847,False
2025-01-12,EWR,arr,delay15_rate,0.1402439024390244,0.1684831550778722,-0.0282392526388478,False
2025-01-13,EWR,arr,delay15_rate,0.12835820895522387,0.08792677764911824,0.04043143130610563,False
2025-01-14,EWR,arr,delay15_rate,0.04416403785488959,0.08618884156055612,-0.042024803705666525,False
2025-01-15,EWR,arr,delay15_rate,0.06875,0.06130358285231952,0.007446417147680483,False
2025-01-16,EWR,arr,delay15_rate,0.15269461077844312,0.1595328767884291,-0.006838266009985966,False
2025-01-17,EWR,arr,delay15_rate,0.10778443113772455,0.14512121595866995,-0.03733678482094539,False
2025-01-18,EWR,arr,delay15_rate,0.1870748299319728,0.09767884694018228,0.08939598299179052,False
2025-01-19,EWR,arr,delay15_rate,0.19665271966527198,0.30394785018353326,-0.10729513051826128,False
2025-01-20,EWR,arr,delay15_rate,0.3183183183183183,0.33192796747716496,-0.01360964915884666,False
2025-01-23,EWR,arr,delay15_rate,0.14634146341463414,0.1730129502484035,-0.026671486833769353,False
2025-01-24,EWR,arr,delay15_rate,0.10574018126888217,0.11622794317415766,-0.010487761905275492,False
2025-01-25,EWR,arr,delay15_rate,0.09523809523809523,0.08993709046222405,0.005301004775871185,False
2025-01-26,EWR,arr,delay15_rate,0.060790273556231005,0.0898416654478181,-0.0290513918915871,False
2025-01-27,EWR,arr,delay15_rate,0.04790419161676647,0.07070712540595807,-0.0228029337891916,False
2025-01-28,EWR,arr,delay15_rate,0.07232704402515723,0.08193633538390498,-0.009609291358747746,False
2025-01-29,EWR,arr,delay15_rate,0.09657320872274143,0.11427201347273029,-0.01769880474998886,False
2025-01-30,EWR,arr,delay15_rate,0.12612612612612611,0.10987048806855215,0.016255638057573962,False
2025-01-31,EWR,arr,delay15_rate,0.2469879518072289,0.15917457695963402,0.08781337484759488,False
2025-02-01,EWR,arr,delay15_rate,0.09830508474576272,0.09359561171289373,0.004709473032868991,False
2025-02-02,EWR,arr,delay15_rate,0.18042813455657492,0.1461180702638885,0.034310064292686404,False
2025-02-03,EWR,arr,delay15_rate,0.07207207207207207,0.1273585204548617,-0.055286448382789635,False
2025-02-04,EWR,arr,delay15_rate,0.050156739811912224,0.0547197410257771,-0.004563001213864874,False
2025-02-05,EWR,arr,delay15_rate,0.059748427672955975,0.0675255213628608,-0.0077770936899048265,False
2025-02-06,EWR,arr,delay15_rate,0.703030303030303,0.4130267801725551,0.2900035228577479,False
2025-02-07,EWR,arr,delay15_rate,0.09580838323353294,0.10586430834238811,-0.010055925108855168,False
2025-02-08,EWR,arr,delay15_rate,0.14285714285714285,0.1376261436778516,0.0052309991792912625,False
2025-02-09,EWR,arr,delay15_rate,0.22364217252396165,0.1990301943184805,0.02461197820548114,False
2025-02-10,EWR,arr,delay15_rate,0.09144542772861357,0.12427267676643775,-0.03282724903782418,False
2025-02-11,EWR,arr,delay15_rate,0.09433962264150944,0.10954279908358133,-0.015203176442071892,False
2025-02-12,EWR,arr,delay15_rate,0.19254658385093168,0.2515181530309068,-0.05897156917997512,False
2025-02-13,EWR,arr,delay15_rate,0.3314285714285714,0.3597154388877476,-0.02828686745917619,False
2025-02-14,EWR,arr,delay15_rate,0.21875,0.1790485533561278,0.03970144664387221,False
2025-02-15,EWR,arr,delay15_rate,0.2792207792207792,0.36295889790015257,-0.08373811867937336,False
2025-02-16,EWR,arr,delay15_rate,0.6221498371335505,0.558584249498499,0.06356558763505149,False
2025-02-17,EWR,arr,delay15_rate,0.5235294117647059,0.5324369981214526,-0.00890758635674671,False
2025-02-18,EWR,arr,delay15_rate,0.16909620991253643,0.30780268664284055,-0.13870647673030412,False
2025-02-19,EWR,arr,delay15_rate,0.13529411764705881,0.24994829821938622,-0.1146541805723274,False
2025-02-20,EWR,arr,delay15_rate,0.34844192634560905,0.3742833535811094,-0.02584142723550037,False
2025-02-21,EWR,arr,delay15_rate,0.1553672316384181,0.22483960587862722,-0.06947237424020913,False
2025-02-22,EWR,arr,delay15_rate,0.15161290322580645,0.13475430285828904,0.016858600367517407,False
2025-02-23,EWR,arr,delay15_rate,0.17663817663817663,0.14466015140166263,0.031978025236513996,False
2025-02-24,EWR,arr,delay15_rate,0.09859154929577464,0.12473493903367133,-0.02614338973789669,False
2025-02-25,EWR,arr,delay15_rate,0.08163265306122448,0.08028070258432793,0.0013519504768965546,False
2025-02-26,EWR,arr,delay15_rate,0.08211143695014662,0.06623435406014681,0.01587708288999981,False
2025-02-27,EWR,arr,delay15_rate,0.08450704225352113,0.15272526712467208,-0.06821822487115095,False
2025-02-28,EWR,arr,delay15_rate,0.08757062146892655,0.09268480567217033,-0.005114184203243777,False
2025-03-01,EWR,arr,delay15_rate,0.14426229508196722,0.09902684602360892,0.0452354490583583,False
2025-03-02,EWR,arr,delay15_rate,0.11965811965811966,0.13867770975134097,-0.01901959009322131,False
2025-03-03,EWR,arr,delay15_rate,0.10198300283286119,0.12295811769651177,-0.020975114863650585,False
2025-03-04,EWR,arr,delay15_rate,0.09734513274336283,0.18265710628204265,-0.08531197353867982,False
2025-03-05,EWR,arr,delay15_rate,0.3484848484848485,0.3837282656604482,-0.0352434171755997,False
2025-03-06,EWR,arr,delay15_rate,0.17796610169491525,0.20964527797576268,-0.03167917628084743,False
2025-03-07,EWR,arr,delay15_rate,0.2084507042253521,0.32976706627042984,-0.12131636204507773,False
2025-03-08,EWR,arr,delay15_rate,0.12956810631229235,0.17752308262542357,-0.047954976313131226,False
2025-03-09,EWR,arr,delay15_rate,0.20348837209302326,0.22457696131511728,-0.02108858922209403,False
2025-03-10,EWR,arr,delay15_rate,0.211864406779661,0.20324140652638736,0.008623000253273644,False
2025-03-11,EWR,arr,delay15_rate,0.0953757225433526,0.08863397304678855,0.006741749496564045,False
2025-03-12,EWR,arr,delay15_rate,0.08,0.0870409464562257,-0.007040946456225702,False
2025-03-13,EWR,arr,delay15_rate,0.11647727272727272,0.134849044308771,-0.01837177158149829,False
2025-03-14,EWR,arr,delay15_rate,0.1497175141242938,0.16104276522590733,-0.011325251101613532,False
2025-03-15,EWR,arr,delay15_rate,0.7735191637630662,0.3193424423538532,0.454176721409213,False
2025-03-16,EWR,arr,delay15_rate,0.5341246290801187,0.5683602505905053,-0.034235621510386616,False
2025-03-17,EWR,arr,delay15_rate,0.2776203966005666,0.3021476052932832,-0.02452720869271663,False
2025-03-18,EWR,arr,delay15_rate,0.12716763005780346,0.14660080090619992,-0.019433170848396464,False
2025-03-19,EWR,arr,delay15_rate,0.11363636363636363,0.162574330183144,-0.048937966546780357,False
2025-03-20,EWR,arr,delay15_rate,0.36134453781512604,0.2978900492633045,0.06345448855182156,False
2025-03-21,EWR,arr,delay15_rate,0.3398328690807799,0.3669840104138163,-0.027151141333036366,False
2025-03-22,EWR,arr,delay15_rate,0.14098360655737704,0.11064375117466073,0.030339855382716316,False
2025-03-23,EWR,arr,delay15_rate,0.13068181818181818,0.15353222919528992,-0.02285041101347174,False
2025-03-24,EWR,arr,delay15_rate,0.21448467966573817,0.23218602073265726,-0.01770134106691909,False
2025-03-25,EWR,arr,delay15_rate,0.13714285714285715,0.11235582756479706,0.024787029578060088,False
2025-03-26,EWR,arr,delay15_rate,0.09631728045325778,0.12825902457093052,-0.03194174411767274,False
2025-03-27,EWR,arr,delay15_rate,0.1787709497206704,0.13234773315981954,0.046423216560850855,False
2025-03-28,EWR,arr,delay15_rate,0.23743016759776536,0.1742952962162515,0.06313487138151386,False
2025-03-29,EWR,arr,delay15_rate,0.24918032786885247,0.16599857599466938,0.08318175187418309,False
2025-03-30,EWR,arr,delay15_rate,0.4078549848942598,0.37582937109817127,0.03202561379608854,False
2025-03-31,EWR,arr,delay15_rate,0.31746031746031744,0.4129601208637786,-0.09549980340346115,False
2025-04-01,EWR,arr,delay15_rate,0.1746031746031746,0.21441787746018864,-0.03981470285701405,False
2025-04-02,EWR,arr,delay15_rate,0.22085889570552147,0.3057282718142995,-0.08486937610877804,False
2025-04-03,EWR,arr,delay15_rate,0.229607250755287,0.34790090519866107,-0.11829365444337406,False
2025-04-04,EWR,arr,delay15_rate,0.12912912912912913,0.26720288708569795,-0.13807375795656882,False
2025-04-05,EWR,arr,delay15_rate,0.33666666666666667,0.2593231545596121,0.07734351210705459,False
2025-04-06,EWR,arr,delay15_rate,0.1398176291793313,0.2302033573585154,-0.09038572817918411,False
2025-04-07,EWR,arr,delay15_rate,0.3829787234042553,0.22217515503881516,0.16080356836544016,False
2025-04-08,EWR,arr,delay15_rate,0.2347560975609756,0.22865940830890477,0.006096689252070825,False
2025-04-09,EWR,arr,delay15_rate,0.1238390092879257,0.10212267993382962,0.02171632935409608,False
2025-04-10,EWR,arr,delay15_rate,0.12048192771084337,0.15154272536838623,-0.031060797657542855,False
2025-04-11,EWR,arr,delay15_rate,0.1540785498489426,0.20225981159012196,-0.04818126174117937,False
2025-04-12,EWR,arr,delay15_rate,0.11073825503355705,0.1757309956982351,-0.06499274066467806,False
2025-04-13,EWR,arr,delay15_rate,0.1393939393939394,0.1940422720058464,-0.05464833261190699,False
2025-04-14,EWR,arr,delay15_rate,0.11550151975683891,0.10177904786190957,0.013722471894929339,False
2025-04-15,EWR,arr,delay15_rate,0.3102310231023102,0.15604483318383142,0.1541861899184788,False
2025-04-16,EWR,arr,delay15_rate,0.13725490196078433,0.23053421127219925,-0.09327930931141493,False
2025-04-17,EWR,arr,delay15_rate,0.6178343949044586,0.20153587813365548,0.4162985167708031,False
2025-04-18,EWR,arr,delay15_rate,0.4423076923076923,0.17436857065479966,0.26793912165289263,False
2025-04-19,EWR,arr,delay15_rate,0.08070175438596491,0.1542411369987669,-0.07353938261280199,False
2025-04-20,EWR,arr,delay15_rate,0.5723905723905723,0.1553210052089969,0.41706956718157545,False
2025-04-21,EWR,arr,delay15_rate,0.5049833887043189,0.14509296411984027,0.3598904245844786,False
2025-04-22,EWR,arr,delay15_rate,0.16393442622950818,0.08160855462778786,0.08232587160172032,False
2025-04-23,EWR,arr,delay15_rate,0.27124183006535946,0.16841666249481596,0.1028251675705435,False
2025-04-24,EWR,arr,delay15_rate,0.3782051282051282,0.20471139158332552,0.17349373662180267,False
2025-04-25,EWR,arr,delay15_rate,0.4222222222222222,0.19260806244677942,0.2296141597754428,False
2025-04-26,EWR,arr,delay15_rate,0.6521739130434783,0.24922097037357158,0.40295294266990667,False
2025-04-27,EWR,arr,delay15_rate,0.41883116883116883,0.20978737016381704,0.2090437986673518,False
2025-04-28,EWR,arr,delay15_rate,0.39097744360902253,0.2006678981950851,0.19030954541393744,False
2025-04-29,EWR,arr,delay15_rate,0.35,0.19953729797867992,0.15046270202132006,False
2025-04-30,EWR,arr,delay15_rate,0.5302013422818792,0.15699854377359063,0.3732027985082886,False
2025-05-01,EWR,arr,delay15_rate,0.8132295719844358,0.20610299378744548,0.6071265781969903,False
2025-05-02,EWR,arr,delay15_rate,0.7151898734177216,0.262321148990985,0.45286872442673654,False
2025-05-03,EWR,arr,delay15_rate,0.4891304347826087,0.24205057839871674,0.24707985638389196,False
2025-05-04,EWR,arr,delay15_rate,0.7777777777777778,0.44058066630620807,0.3371971114715697,False
2025-05-05,EWR,arr,delay15_rate,0.6654275092936803,0.6105189378519579,0.054908571441722454,False
2025-05-06,EWR,arr,delay15_rate,0.7276264591439688,0.5135371892253116,0.2140892699186573,False
2025-05-07,EWR,arr,delay15_rate,0.21403508771929824,0.1507807077486578,0.06325437997064046,False
2025-05-08,EWR,arr,delay15_rate,0.5337620578778135,0.319577742819779,0.21418431505803448,False
2025-05-09,EWR,arr,delay15_rate,0.7664233576642335,0.35741794182159997,0.40900541584263356,False
2025-05-10,EWR,arr,delay15_rate,0.16791044776119404,0.1239735775389838,0.04393687022221024,False
2025-05-11,EWR,arr,delay15_rate,0.5086505190311419,0.19589595809565194,0.3127545609354899,False
2025-05-12,EWR,arr,delay15_rate,0.5344827586206896,0.23229815254376582,0.30218460607692377,False
2025-05-13,EWR,arr,delay15_rate,0.2730496453900709,0.19350378923017425,0.07954585615989668,False
2025-05-14,EWR,arr,delay15_rate,0.6891385767790262,0.43287773837365634,0.2562608384053699,False
2025-05-15,EWR,arr,delay15_rate,0.7289377289377289,0.5318782873213197,0.1970594416164092,False
2025-05-16,EWR,arr,delay15_rate,0.7335907335907336,0.5539405977742246,0.17965013581650902,False
2025-05-17,EWR,arr,delay15_rate,0.1412639405204461,0.24418931283018472,-0.10292537230973861,False
2025-05-18,EWR,arr,delay15_rate,0.5818815331010453,0.23445079179322953,0.34743074130781576,False
2025-05-19,EWR,arr,delay15_rate,0.2465277777777778,0.2154030509091429,0.031124726868634878,False
2025-05-20,EWR,arr,delay15_rate,0.3333333333333333,0.16709448022375162,0.1662388531095817,True
2025-05-21,EWR,arr,delay15_rate,0.45126353790613716,0.24581068337089831,0.20545285453523884,True
2025-05-22,EWR,arr,delay15_rate,0.6906474820143885,0.33354866770112584,0.3570988143132627,True
2025-05-23,EWR,arr,delay15_rate,0.30313588850174217,0.18791883293599645,0.11521705556574571,True
2025-05-24,EWR,arr,delay15_rate,0.648854961832061,0.1630392524171934,0.4858157094148676,True
2025-05-25,EWR,arr,delay15_rate,0.3935018050541516,0.2390217210456825,0.1544800840084691,True
2025-05-26,EWR,arr,delay15_rate,0.15734265734265734,0.2083535284392524,-0.05101087109659505,True
2025-05-27,EWR,arr,delay15_rate,0.17153284671532848,0.17325655051366773,-0.001723703798339249,True
2025-05-28,EWR,arr,delay15_rate,0.14181818181818182,0.1979110885058892,-0.05609290668770739,True
2025-05-29,EWR,arr,delay15_rate,0.6202090592334495,0.181098412356322,0.4391106468771275,True
2025-05-30,EWR,arr,delay15_rate,0.1936619718309859,0.24520444926936893,-0.05154247743838303,True
2025-05-31,EWR,arr,delay15_rate,0.17120622568093385,0.18979418646730417,-0.018587960786370317,True
2025-06-01,EWR,arr,delay15_rate,0.1519434628975265,0.20656923262637372,-0.05462576972884722,True
2025-06-02,EWR,arr,delay15_rate,0.17667844522968199,0.202251681660188,-0.02557323643050602,True
2025-06-03,EWR,arr,delay15_rate,0.1037037037037037,0.14312410058664182,-0.03942039688293812,True
2025-06-04,EWR,arr,delay15_rate,0.14814814814814814,0.12405976083463643,0.024088387313511705,True
2025-06-05,EWR,arr,delay15_rate,0.16842105263157894,0.19357936498607614,-0.025158312354497198,True
2025-06-06,EWR,arr,delay15_rate,0.3167259786476868,0.34914879351874467,-0.03242281487105786,True
2025-06-07,EWR,arr,delay15_rate,0.14741035856573706,0.33049858334902726,-0.1830882247832902,True
2025-06-08,EWR,arr,delay15_rate,0.15412186379928317,0.3695388853147411,-0.21541702151545794,True
2025-06-09,EWR,arr,delay15_rate,0.18021201413427562,0.3572181477561942,-0.17700613362191858,True
2025-06-10,EWR,arr,delay15_rate,0.2518796992481203,0.4204422855073207,-0.1685625862592004,True
2025-06-11,EWR,arr,delay15_rate,0.12781954887218044,0.18855635187529768,-0.060736803003117235,True
2025-06-12,EWR,arr,delay15_rate,0.16370106761565836,0.2356657070360923,-0.07196463942043393,True
2025-06-13,EWR,arr,delay15_rate,0.14855072463768115,0.26090365761687767,-0.11235293297919652,True
2025-06-14,EWR,arr,delay15_rate,0.1803921568627451,0.29551195777272576,-0.11511980090998067,True
2025-06-15,EWR,arr,delay15_rate,0.2114695340501792,0.3842909465702169,-0.1728214125200377,True
2025-06-16,EWR,arr,delay15_rate,0.17682926829268292,0.26422123687060634,-0.08739196857792342,False
2025-06-17,EWR,arr,delay15_rate,0.11912225705329153,0.5343586423439434,-0.4152363852906518,False
2025-06-18,EWR,arr,delay15_rate,0.453125,0.45183923394530273,0.0012857660546972682,False
2025-06-19,EWR,arr,delay15_rate,0.46710526315789475,0.44401892196512815,0.02308634119276659,False
2025-06-20,EWR,arr,delay15_rate,0.3944954128440367,0.2892946201629491,0.10520079268108762,False
2025-06-21,EWR,arr,delay15_rate,0.5159010600706714,0.1722176211218695,0.3436834389488019,False
2025-06-22,EWR,arr,delay15_rate,0.44339622641509435,0.47210220217985904,-0.02870597576476469,False
2025-06-23,EWR,arr,delay15_rate,0.16566265060240964,0.2146843323431384,-0.04902168174072877,False
2025-06-24,EWR,arr,delay15_rate,0.14906832298136646,0.19557620832566533,-0.046507885344298866,False
2025-06-25,EWR,arr,delay15_rate,0.35403726708074534,0.40904080762165346,-0.055003540540908114,False
2025-06-26,EWR,arr,delay15_rate,0.4024024024024024,0.4312870423875546,-0.028884639985152227,False
2025-06-27,EWR,arr,delay15_rate,0.4805194805194805,0.5065483648410551,-0.02602888432157463,False
2025-06-28,EWR,arr,delay15_rate,0.4117647058823529,0.35802002700801683,0.053744678874336094,False
2025-06-29,EWR,arr,delay15_rate,0.4774774774774775,0.3445599419536419,0.13291753552383556,False
2025-06-30,EWR,arr,delay15_rate,0.432258064516129,0.4335577892935489,-0.0012997247774198528,False
2025-07-01,EWR,arr,delay15_rate,0.4624505928853755,0.4232239491011174,0.03922664378425811,False
2025-07-02,EWR,arr,delay15_rate,0.43478260869565216,0.3416638976952759,0.09311871100037628,False
2025-07-03,EWR,arr,delay15_rate,0.3981191222570533,0.380699174461066,0.017419947795987323,False
2025-07-04,EWR,arr,delay15_rate,0.21016949152542372,0.2216017851268414,-0.011432293601417676,False
2025-07-05,EWR,arr,delay15_rate,0.2706270627062706,0.1609272151510116,0.10969984755525902,False
2025-07-06,EWR,arr,delay15_rate,0.21052631578947367,0.26076125084727575,-0.05023493505780208,False
2025-07-07,EWR,arr,delay15_rate,0.4127906976744186,0.43260454122940906,-0.01981384355499044,False
2025-07-08,EWR,arr,delay15_rate,0.36156351791530944,0.3802459992884816,-0.018682481373172133,False
2025-07-09,EWR,arr,delay15_rate,0.43478260869565216,0.365691765437276,0.06909084325837617,False
2025-07-10,EWR,arr,delay15_rate,0.3489736070381232,0.39772482520537045,-0.04875121816724726,False
2025-07-11,EWR,arr,delay15_rate,0.30116959064327486,0.3056664466636034,-0.00449685602032851,False
2025-07-12,EWR,arr,delay15_rate,0.5714285714285714,0.3541744039062383,0.21725416752233312,False
2025-07-13,EWR,arr,delay15_rate,0.48299319727891155,0.5462188711590014,-0.06322567388008982,False
2025-07-14,EWR,arr,delay15_rate,0.391705069124424,0.4348261110854918,-0.04312104196106781,False
2025-07-15,EWR,arr,delay15_rate,0.3563636363636364,0.3835848235105165,-0.0272211871468801,False
2025-07-16,EWR,arr,delay15_rate,0.412751677852349,0.3768011638366674,0.03595051401568161,False
2025-07-17,EWR,arr,delay15_rate,0.41420118343195267,0.3305715792600662,0.08362960417188647,False
2025-07-18,EWR,arr,delay15_rate,0.22126436781609196,0.2575053808335249,-0.03624101301743296,False
2025-07-19,EWR,arr,delay15_rate,0.19169329073482427,0.25720493082937756,-0.06551164009455329,False
2025-07-20,EWR,arr,delay15_rate,0.38529411764705884,0.325415619733531,0.05987849791352784,False
2025-07-21,EWR,arr,delay15_rate,0.14121037463976946,0.19892110583249176,-0.0577107311927223,False
2025-07-22,EWR,arr,delay15_rate,0.18694362017804153,0.21966949287726678,-0.03272587269922525,False
2025-07-23,EWR,arr,delay15_rate,0.12238805970149254,0.18285411080072608,-0.060466051099233545,False
2025-07-24,EWR,arr,delay15_rate,0.19020172910662825,0.22824171502889176,-0.038039985922263514,False
2025-07-25,EWR,arr,delay15_rate,0.4054878048780488,0.3964400230116564,0.009047781866392435,False
2025-07-26,EWR,arr,delay15_rate,0.23870967741935484,0.24876209813585803,-0.010052420716503196,False
2025-07-27,EWR,arr,delay15_rate,0.7517482517482518,0.45713590454874614,0.29461234719950563,False
2025-07-28,EWR,arr,delay15_rate,0.6358024691358025,0.2726650107437974,0.3631374583920051,False
2025-07-29,EWR,arr,delay15_rate,0.3263473053892216,0.16720225835265487,0.1591450470365667,False
2025-07-30,EWR,arr,delay15_rate,0.4316109422492401,0.32518899441257765,0.10642194783666248,False
2025-07-31,EWR,arr,delay15_rate,0.46616541353383456,0.42636959847416056,0.039795815059674,False
2025-08-01,EWR,arr,delay15_rate,0.509090909090909,0.31355677144446337,0.19553413764644567,False
2025-08-02,EWR,arr,delay15_rate,0.7736486486486487,0.2629909344730026,0.5106577141756461,False
2025-08-03,EWR,arr,delay15_rate,0.2991202346041056,0.23334429637817536,0.06577593822593022,False
2025-08-04,EWR,arr,delay15_rate,0.14534883720930233,0.18705068291722632,-0.041701845707923985,False
2025-08-05,EWR,arr,delay15_rate,0.1875,0.12902817458543767,0.058471825414562334,False
2025-08-06,EWR,arr,delay15_rate,0.2546583850931677,0.1470599074599285,0.10759847763323918,False
2025-08-07,EWR,arr,delay15_rate,0.1875,0.16397108396756974,0.023528916032430264,False
2025-08-08,EWR,arr,delay15_rate,0.29793510324483774,0.16524610823805444,0.1326889950067833,False
2025-08-09,EWR,arr,delay15_rate,0.6743421052631579,0.20383284458477474,0.4705092606783831,False
2025-08-10,EWR,arr,delay15_rate,0.25,0.27126180211324485,-0.021261802113244854,False
2025-08-11,EWR,arr,delay15_rate,0.09593023255813954,0.16974578269437957,-0.07381555013624003,False
2025-08-12,EWR,arr,delay15_rate,0.22289156626506024,0.20059063565617336,0.022300930608886882,False
2025-08-13,EWR,arr,delay15_rate,0.46440677966101696,0.45960141032195134,0.004805369339065613,False
2025-08-14,EWR,arr,delay15_rate,0.4883720930232558,0.3862788444664364,0.1020932485568194,False
2025-08-15,EWR,arr,delay15_rate,0.3216374269005848,0.22268237825103315,0.09895504864955162,False
2025-08-16,EWR,arr,delay15_rate,0.25732899022801303,0.23166372778473998,0.02566526244327305,False
2025-08-17,EWR,arr,delay15_rate,0.463855421686747,0.40155133243261976,0.062304089254127226,False
2025-08-18,EWR,arr,delay15_rate,0.42729970326409494,0.2770046641549417,0.15029503910915326,False
2025-08-19,EWR,arr,delay15_rate,0.17417417417417416,0.19326379926706685,-0.019089625092892692,False
2025-08-20,EWR,arr,delay15_rate,0.39520958083832336,0.3777912028529624,0.017418377985360944,False
2025-08-21,EWR,arr,delay15_rate,0.4463768115942029,0.27488460718533514,0.17149220440886775,False
2025-08-22,EWR,arr,delay15_rate,0.19420289855072465,0.23070622207606375,-0.03650332352533911,False
2025-08-23,EWR,arr,delay15_rate,0.1974921630094044,0.22010624852973684,-0.02261408552033245,False
2025-08-24,EWR,arr,delay15_rate,0.13333333333333333,0.18591874450866833,-0.052585411175334995,False
2025-08-25,EWR,arr,delay15_rate,0.08405797101449275,0.1303651069973608,-0.046307135982868064,False
2025-08-26,EWR,arr,delay15_rate,0.06042296072507553,0.08287714984083926,-0.022454189115763724,False
2025-08-27,EWR,arr,delay15_rate,0.08059701492537313,0.10382386712616623,-0.023226852200793097,False
2025-08-28,EWR,arr,delay15_rate,0.5335276967930029,0.16269731179407235,0.3708303849989306,False
2025-08-29,EWR,arr,delay15_rate,0.1791907514450867,0.18889569811667273,-0.009704946671586029,False
2025-08-30,EWR,arr,delay15_rate,0.12380952380952381,0.15408377007012952,-0.03027424626060571,False
2025-08-31,EWR,arr,delay15_rate,0.12063492063492064,0.182210280478937,-0.06157535984401637,False
2025-09-01,EWR,arr,delay15_rate,0.34782608695652173,0.1617514737868834,0.18607461316963833,False
2025-09-02,EWR,arr,delay15_rate,0.22023809523809523,0.1228025305872564,0.09743556465083883,False
2025-09-03,EWR,arr,delay15_rate,0.09174311926605505,0.10596498198167265,-0.014221862715617595,False
2025-09-04,EWR,arr,delay15_rate,0.4551083591331269,0.22056029208595715,0.23454806704716977,False
2025-09-05,EWR,arr,delay15_rate,0.22118380062305296,0.18360676757101743,0.037577033052035524,False
2025-09-06,EWR,arr,delay15_rate,0.4808510638297872,0.25232821836720754,0.22852284546257967,False
2025-09-07,EWR,arr,delay15_rate,0.1636904761904762,0.3430863241087394,-0.1793958479182632,False
2025-09-08,EWR,arr,delay15_rate,0.12138728323699421,0.12967185974380252,-0.008284576506808305,False
2025-09-09,EWR,arr,delay15_rate,0.08868501529051988,0.10817812381501742,-0.019493108524497538,False
2025-09-10,EWR,arr,delay15_rate,0.09907120743034056,0.11438859965559384,-0.015317392225253273,False
2025-09-11,EWR,arr,delay15_rate,0.14739884393063585,0.17793075053226257,-0.030531906601626718,False
2025-09-12,EWR,arr,delay15_rate,0.14121037463976946,0.14511150532805825,-0.0039011306882887897,False
2025-09-13,EWR,arr,delay15_rate,0.11397058823529412,0.1482387763612942,-0.03426818812600009,False
2025-09-14,EWR,arr,delay15_rate,0.14492753623188406,0.15902747165978826,-0.014099935427904192,False
2025-09-15,EWR,arr,delay15_rate,0.11884057971014493,0.15707335029460345,-0.03823277058445852,False
2025-09-16,EWR,arr,delay15_rate,0.11246200607902736,0.16376733429940638,-0.05130532822037902,False
2025-09-17,EWR,arr,delay15_rate,0.31790123456790126,0.27236571984686314,0.04553551472103812,False
2025-09-18,EWR,arr,delay15_rate,0.13005780346820808,0.23507736632428247,-0.10501956285607439,False
2025-09-19,EWR,arr,delay15_rate,0.13333333333333333,0.1598460109207327,-0.026512677587399364,False
2025-09-20,EWR,arr,delay15_rate,0.5328467153284672,0.1266945753447731,0.40615213998369404,False
2025-09-21,EWR,arr,delay15_rate,0.13196480938416422,0.18360099184272985,-0.05163618245856563,False
2025-09-22,EWR,arr,delay15_rate,0.12427745664739884,0.1777001275894431,-0.053422670942044254,False
2025-09-23,EWR,arr,delay15_rate,0.23100303951367782,0.15699862684978447,0.07400441266389335,False
2025-09-24,EWR,arr,delay15_rate,0.10429447852760736,0.22870209515958942,-0.12440761663198206,False
2025-09-25,EWR,arr,delay15_rate,0.46938775510204084,0.43358879619270474,0.0357989589093361,False
2025-09-26,EWR,arr,delay15_rate,0.13333333333333333,0.16661357640019872,-0.03328024306686539,False
2025-09-27,EWR,arr,delay15_rate,0.11678832116788321,0.08652698665342234,0.030261334514460864,False
2025-09-28,EWR,arr,delay15_rate,0.09116809116809117,0.14386847540360123,-0.05270038423551006,False
2025-09-29,EWR,arr,delay15_rate,0.10601719197707736,0.1426399166636024,-0.03662272468652504,False
2025-09-30,EWR,arr,delay15_rate,0.08433734939759036,0.06348842789199324,0.020848921505597112,False
2025-10-01,EWR,arr,delay15_rate,0.07507507507507508,0.11832763058676175,-0.04325255551168668,False
2025-10-02,EWR,arr,delay15_rate,0.09915014164305949,0.095389220586977,0.0037609210560824863,False
2025-10-03,EWR,arr,delay15_rate,0.3179190751445087,0.12736966934419017,0.1905494058003185,False
2025-10-04,EWR,arr,delay15_rate,0.08191126279863481,0.11409215354212797,-0.03218089074349316,False
2025-10-05,EWR,arr,delay15_rate,0.1794871794871795,0.1700930650039605,0.009394114483219002,False
2025-10-06,EWR,arr,delay15_rate,0.2914285714285714,0.20481912762900648,0.08660944379956495,False
2025-10-07,EWR,arr,delay15_rate,0.05865102639296188,0.15028932553739496,-0.09163829914443308,False
2025-10-08,EWR,arr,delay15_rate,0.07854984894259819,0.24160921381839615,-0.16305936487579797,False
2025-10-09,EWR,arr,delay15_rate,0.36363636363636365,0.3385097745173325,0.02512658911903115,False
2025-10-10,EWR,arr,delay15_rate,0.2755681818181818,0.24621147256756123,0.02935670925062059,False
2025-10-11,EWR,arr,delay15_rate,0.5220338983050847,0.15631496629789687,0.36571893200718786,False
2025-10-12,EWR,arr,delay15_rate,0.5346820809248555,0.49341200253185713,0.041270078392998344,False
2025-10-13,EWR,arr,delay15_rate,0.5304347826086957,0.5578704661320195,-0.027435683523323817,False
2025-10-14,EWR,arr,delay15_rate,0.3029411764705882,0.47711915009268885,-0.17417797362210063,False
2025-10-15,EWR,arr,delay15_rate,0.16224188790560473,0.14132709671925284,0.020914791186351894,False
2025-10-16,EWR,arr,delay15_rate,0.24431818181818182,0.2118300541933082,0.03248812762487363,False
2025-10-17,EWR,arr,delay15_rate,0.08547008547008547,0.17861776864083356,-0.09314768317074809,False
2025-10-18,EWR,arr,delay15_rate,0.1054421768707483,0.18920054203779893,-0.08375836516705062,False
2025-10-19,EWR,arr,delay15_rate,0.29714285714285715,0.27902930069083226,0.018113556452024893,False
2025-10-20,EWR,arr,delay15_rate,0.25925925925925924,0.2906674001672711,-0.03140814090801186,False
2025-10-21,EWR,arr,delay15_rate,0.12023460410557185,0.11464381091043038,0.005590793195141469,False
2025-10-22,EWR,arr,delay15_rate,0.08579881656804733,0.1338379452417867,-0.048039128673739356,False
2025-10-23,EWR,arr,delay15_rate,0.35428571428571426,0.16270789434073288,0.19157781994498138,False
2025-10-24,EWR,arr,delay15_rate,0.3438395415472779,0.20888435997757043,0.13495518156970748,False
2025-10-25,EWR,arr,delay15_rate,0.29896907216494845,0.1447529985908096,0.15421607357413886,False
2025-10-26,EWR,arr,delay15_rate,0.509915014164306,0.23452086707243408,0.2753941470918719,False
2025-10-27,EWR,arr,delay15_rate,0.28055555555555556,0.22036956713023967,0.06018598842531589,False
2025-10-28,EWR,arr,delay15_rate,0.3994252873563218,0.23247503806401948,0.16695024929230234,False
2025-10-29,EWR,arr,delay15_rate,0.18786127167630057,0.21654091000293607,-0.028679638326635504,False
2025-10-30,EWR,arr,delay15_rate,0.5836177474402731,0.47654551925855165,0.10707222818172141,False
2025-10-31,EWR,arr,delay15_rate,0.5578635014836796,0.4152489272591264,0.1426145742245532,False
2025-11-01,EWR,arr,delay15_rate,0.14233576642335766,0.19728302818685692,-0.05494726176349926,False
2025-11-02,EWR,arr,delay15_rate,0.6419753086419753,0.16132810895747735,0.4806471996844979,False
2025-11-03,EWR,arr,delay15_rate,0.24860335195530725,0.21275232206086675,0.0358510298944405,False
2025-11-04,EWR,arr,delay15_rate,0.3595505617977528,0.3147060192386561,0.0448445425590967,False
2025-11-05,EWR,arr,delay15_rate,0.39204545454545453,0.11665466320201184,0.2753907913434427,False
2025-11-06,EWR,arr,delay15_rate,0.7450424929178471,0.36807979590863715,0.3769626970092099,False
2025-11-07,EWR,arr,delay15_rate,0.36182336182336183,0.2128929024556615,0.14893045936770033,False
2025-11-08,EWR,arr,delay15_rate,0.7089201877934272,0.456855591810345,0.25206459598308223,False
2025-11-09,EWR,arr,delay15_rate,0.6715686274509803,0.5689299888980841,0.10263863855289623,False
2025-11-10,EWR,arr,delay15_rate,0.54375,0.5218254246029154,0.02192457539708459,False
2025-11-11,EWR,arr,delay15_rate,0.23964497041420119,0.3782844899531952,-0.138639519538994,False
2025-11-12,EWR,arr,delay15_rate,0.12389380530973451,0.08240564155517657,0.04148816375455794,False
2025-11-13,EWR,arr,delay15_rate,0.17595307917888564,0.2607626492728751,-0.08480957009398948,False
2025-11-14,EWR,arr,delay15_rate,0.09401709401709402,0.12498126715425063,-0.030964173137156617,False
2025-11-15,EWR,arr,delay15_rate,0.099644128113879,0.10026556677045538,-0.0006214386565763785,False
2025-11-16,EWR,arr,delay15_rate,0.1267605633802817,0.33589429853883646,-0.20913373515855477,False
2025-11-17,EWR,arr,delay15_rate,0.16620498614958448,0.32746539992246687,-0.1612604137728824,False
2025-11-18,EWR,arr,delay15_rate,0.07042253521126761,0.11252192645272784,-0.04209939124146023,False
2025-11-19,EWR,arr,delay15_rate,0.07344632768361582,0.09975252396479528,-0.02630619628117946,False
2025-11-20,EWR,arr,delay15_rate,0.24795640326975477,0.1771665367281863,0.07078986654156846,False
2025-11-21,EWR,arr,delay15_rate,0.18478260869565216,0.17380860726276434,0.01097400143288782,False
2025-11-22,EWR,arr,delay15_rate,0.09880239520958084,0.1363567819660506,-0.03755438675646977,False
2025-11-23,EWR,arr,delay15_rate,0.14555256064690028,0.18374952758845542,-0.03819696694155514,False
2025-11-24,EWR,arr,delay15_rate,0.12365591397849462,0.20076560960038906,-0.07710969562189443,False
2025-11-25,EWR,arr,delay15_rate,0.08847184986595175,0.16130070350980666,-0.07282885364385491,False
2025-11-26,EWR,arr,delay15_rate,0.16172506738544473,0.2122751152894604,-0.050550047904015655,False
2025-11-27,EWR,arr,delay15_rate,0.05851063829787234,0.06366734592795892,-0.005156707630086577,False
2025-11-28,EWR,arr,delay15_rate,0.12320916905444126,0.16258587195568688,-0.03937670290124562,False
2025-11-29,EWR,arr,delay15_rate,0.24251497005988024,0.26919680902677295,-0.026681838966892718,False
2025-11-30,EWR,arr,delay15_rate,0.5494505494505495,0.45026316965502616,0.09918737979552333,False
2025-12-01,EWR,arr,delay15_rate,0.232,0.29464664821250147,-0.06264664821250146,False
2025-12-02,EWR,arr,delay15_rate,0.4661016949152542,0.40458752470888004,0.061514170206374175,False
2025-12-03,EWR,arr,delay15_rate,0.1340782122905028,0.21985481104603122,-0.08577659875552843,False
2025-12-04,EWR,arr,delay15_rate,0.29916897506925205,0.340903719859275,-0.041734744790022926,False
2025-12-05,EWR,arr,delay15_rate,0.14958448753462603,0.2756634491642654,-0.12607896162963936,False
2025-12-06,EWR,arr,delay15_rate,0.12457912457912458,0.17494670284013056,-0.05036757826100598,False
2025-12-07,EWR,arr,delay15_rate,0.3163841807909605,0.33409330443957347,-0.01770912364861299,False
2025-12-08,EWR,arr,delay15_rate,0.1712707182320442,0.2500583147582577,-0.07878759652621348,False
2025-12-09,EWR,arr,delay15_rate,0.13142857142857142,0.1707064208464612,-0.03927784941788978,False
2025-12-10,EWR,arr,delay15_rate,0.26436781609195403,0.19623793668278192,0.06812987940917212,False
2025-12-11,EWR,arr,delay15_rate,0.3739612188365651,0.48937033454450307,-0.11540911570793799,False
2025-12-12,EWR,arr,delay15_rate,0.2534435261707989,0.21775379548092855,0.03568973068987036,False
2025-12-13,EWR,arr,delay15_rate,0.15593220338983052,0.184266492338015,-0.02833428894818449,False
2025-12-14,EWR,arr,delay15_rate,0.8960573476702509,0.7027680389316315,0.19328930873861938,False
2025-12-15,EWR,arr,delay15_rate,0.4747191011235955,0.3689531573210865,0.10576594380250898,False
2025-12-16,EWR,arr,delay15_rate,0.1111111111111111,0.15735994839365802,-0.04624883728254692,False
2025-12-17,EWR,arr,delay15_rate,0.30484330484330485,0.14590894298938703,0.15893436185391782,False
2025-12-18,EWR,arr,delay15_rate,0.31412103746397696,0.2687442209022148,0.04537681656176218,False
2025-12-19,EWR,arr,delay15_rate,0.4690265486725664,0.5512192484077951,-0.08219269973522875,False
2025-12-20,EWR,arr,delay15_rate,0.21428571428571427,0.3005826781477855,-0.08629696386207122,False
2025-12-21,EWR,arr,delay15_rate,0.2088235294117647,0.21459127933314515,-0.005767749921380433,False
2025-12-22,EWR,arr,delay15_rate,0.15835777126099707,0.17585321126071254,-0.01749543999971548,False
2025-12-23,EWR,arr,delay15_rate,0.3519061583577713,0.26190529926371375,0.09000085909405753,False
2025-12-24,EWR,arr,delay15_rate,0.14968152866242038,0.11184460087819985,0.03783692778422053,False
2025-12-25,EWR,arr,delay15_rate,0.11320754716981132,0.11258371616832728,0.0006238310014840404,False
2025-12-26,EWR,arr,delay15_rate,0.326271186440678,0.24974068947602865,0.07653049696464934,False
2025-12-27,EWR,arr,delay15_rate,0.5032894736842105,0.501246157268992,0.002043316415218488,False
2025-12-28,EWR,arr,delay15_rate,0.39465875370919884,0.4256931301803377,-0.03103437647113888,False
2025-12-29,EWR,arr,delay15_rate,0.3746312684365782,0.41895484348746115,-0.04432357505088297,False
2025-12-30,EWR,arr,delay15_rate,0.32047477744807124,0.3664029327798423,-0.04592815533177108,False
2025-12-31,EWR,arr,delay15_rate,0.19937694704049844,0.2374603194270325,-0.03808337238653406,False
2025-01-01,EWR,arr,nas_delay_per_scheduled_op,1.58125,0.5370432586999593,1.0442067413000409,False
2025-01-02,EWR,arr,nas_delay_per_scheduled_op,2.383720930232558,1.0187628824550532,1.3649580477775047,False
2025-01-03,EWR,arr,nas_delay_per_scheduled_op,1.5176470588235293,1.8978087820675669,-0.3801617232440375,False
2025-01-04,EWR,arr,nas_delay_per_scheduled_op,4.7323076923076925,3.1950669989899394,1.5372406933177531,False
2025-01-05,EWR,arr,nas_delay_per_scheduled_op,2.9069767441860463,2.1299959577056207,0.7769807864804257,False
2025-01-06,EWR,arr,nas_delay_per_scheduled_op,5.2105263157894735,9.241406662470267,-4.030880346680793,False
2025-01-07,EWR,arr,nas_delay_per_scheduled_op,10.708588957055214,12.939855018019575,-2.2312660609643604,False
2025-01-08,EWR,arr,nas_delay_per_scheduled_op,3.3685800604229605,13.273418797955012,-9.904838737532051,False
2025-01-09,EWR,arr,nas_delay_per_scheduled_op,14.77245508982036,23.97133457215065,-9.19887948233029,False
2025-01-10,EWR,arr,nas_delay_per_scheduled_op,4.317365269461078,4.917518138799075,-0.6001528693379967,False
2025-01-11,EWR,arr,nas_delay_per_scheduled_op,2.705084745762712,2.5330480937670825,0.17203665199562934,False
2025-01-12,EWR,arr,nas_delay_per_scheduled_op,2.2857142857142856,1.2827029294992052,1.0030113562150804,False
2025-01-13,EWR,arr,nas_delay_per_scheduled_op,2.62089552238806,0.44273157916678446,2.1781639432212754,False
2025-01-14,EWR,arr,nas_delay_per_scheduled_op,0.41823899371069184,0.39489338630920334,0.0233456074014885,False
2025-01-15,EWR,arr,nas_delay_per_scheduled_op,0.896875,0.5768043122250514,0.3200706877749486,False
2025-01-16,EWR,arr,nas_delay_per_scheduled_op,2.2388059701492535,3.0103577813762223,-0.7715518112269688,False
2025-01-17,EWR,arr,nas_delay_per_scheduled_op,0.9161676646706587,1.4064954551608975,-0.4903277904902388,False
2025-01-18,EWR,arr,nas_delay_per_scheduled_op,5.26530612244898,0.6713377819163218,4.593968340532658,False
2025-01-19,EWR,arr,nas_delay_per_scheduled_op,2.3577981651376145,11.321239384246075,-8.96344121910846,False
2025-01-20,EWR,arr,nas_delay_per_scheduled_op,10.328358208955224,2.2667325280107544,8.06162568094447,False
2025-01-21,EWR,arr,nas_delay_per_scheduled_op,1.482866043613707,1.6484136973317867,-0.16554765371807956,False
2025-01-22,EWR,arr,nas_delay_per_scheduled_op,1.8068535825545171,1.687428074649843,0.11942550790467421,False
2025-01-23,EWR,arr,nas_delay_per_scheduled_op,2.0597014925373136,1.3254820859903689,0.7342194065469447,False
2025-01-24,EWR,arr,nas_delay_per_scheduled_op,0.4444444444444444,0.6856649491718262,-0.24122050472738177,False
2025-01-25,EWR,arr,nas_delay_per_scheduled_op,0.4271186440677966,0.3716546250377342,0.05546401903006237,False
2025-01-26,EWR,arr,nas_delay_per_scheduled_op,0.41641337386018235,0.2046600732676797,0.21175330059250264,False
2025-01-27,EWR,arr,nas_delay_per_scheduled_op,0.7671641791044777,0.24043704962198853,0.5267271294824891,False
2025-01-28,EWR,arr,nas_delay_per_scheduled_op,0.49216300940438873,2.3420292447862985,-1.8498662353819098,False
2025-01-29,EWR,arr,nas_delay_per_scheduled_op,1.5077881619937694,2.7340249470314575,-1.226236785037688,False
2025-01-30,EWR,arr,nas_delay_per_scheduled_op,1.2149253731343284,0.4618832183978961,0.7530421547364323,False
2025-01-31,EWR,arr,nas_delay_per_scheduled_op,6.009009009009009,1.862958330577439,4.14605067843157,False
2025-02-01,EWR,arr,nas_delay_per_scheduled_op,0.7661016949152543,0.6386796437185571,0.12742205119669714,False
2025-02-02,EWR,arr,nas_delay_per_scheduled_op,4.188449848024316,2.847216878472513,1.341232969551803,False
2025-02-03,EWR,arr,nas_delay_per_scheduled_op,1.2059701492537314,0.7434954769670803,0.46247467228665107,False
2025-02-04,EWR,arr,nas_delay_per_scheduled_op,0.5329153605015674,0.2584944688713696,0.2744208916301978,False
2025-02-05,EWR,arr,nas_delay_per_scheduled_op,0.6137071651090342,0.37956152093071505,0.23414564417831918,False
2025-02-06,EWR,arr,nas_delay_per_scheduled_op,26.234421364985163,13.20744793116193,13.026973433823233,False
2025-02-07,EWR,arr,nas_delay_per_scheduled_op,0.564179104477612,0.7727133782571406,-0.2085342737795286,False
2025-02-08,EWR,arr,nas_delay_per_scheduled_op,3.311864406779661,4.738324547497805,-1.4264601407181439,False
2025-02-09,EWR,arr,nas_delay_per_scheduled_op,2.088957055214724,0.7900325237233122,1.2989245314914117,False
2025-02-10,EWR,arr,nas_delay_per_scheduled_op,1.2176470588235293,1.5335446637489962,-0.3158976049254669,False
2025-02-11,EWR,arr,nas_delay_per_scheduled_op,1.4528301886792452,0.7167367176978622,0.736093470981383,False
2025-02-12,EWR,arr,nas_delay_per_scheduled_op,1.9259259259259258,2.8573072357894893,-0.9313813098635635,False
2025-02-13,EWR,arr,nas_delay_per_scheduled_op,5.661971830985915,4.427274587305685,1.2346972436802304,False
2025-02-14,EWR,arr,nas_delay_per_scheduled_op,2.8333333333333335,1.3162103444747024,1.517122988858631,False
2025-02-15,EWR,arr,nas_delay_per_scheduled_op,4.106796116504855,8.618317586484896,-4.511521469980041,False
2025-02-16,EWR,arr,nas_delay_per_scheduled_op,38.910919540229884,29.821295683149323,9.08962385708056,False
2025-02-17,EWR,arr,nas_delay_per_scheduled_op,25.463276836158194,17.329498843708834,8.13377799244936,False
2025-02-18,EWR,arr,nas_delay_per_scheduled_op,1.6046511627906976,3.4277238446745977,-1.8230726818839,False
2025-02-19,EWR,arr,nas_delay_per_scheduled_op,1.4298245614035088,2.4967550914211523,-1.0669305300176435,False
2025-02-20,EWR,arr,nas_delay_per_scheduled_op,9.022535211267606,12.817443049690795,-3.794907838423189,False
2025-02-21,EWR,arr,nas_delay_per_scheduled_op,2.211864406779661,3.89518855763353,-1.6833241508538692,False
2025-02-22,EWR,arr,nas_delay_per_scheduled_op,1.3483870967741935,0.7019805209350669,0.6464065758391266,False
2025-02-23,EWR,arr,nas_delay_per_scheduled_op,1.5698005698005697,1.1602740111007035,0.4095265586998662,False
2025-02-24,EWR,arr,nas_delay_per_scheduled_op,1.0788732394366196,1.0343362421090418,0.044536997327577765,False
2025-02-25,EWR,arr,nas_delay_per_scheduled_op,0.7151162790697675,0.2584862138295049,0.4566300652402626,False
2025-02-26,EWR,arr,nas_delay_per_scheduled_op,0.7953216374269005,0.12161641545264613,0.6737052219742544,False
2025-02-27,EWR,arr,nas_delay_per_scheduled_op,0.9295774647887324,1.1308887806819423,-0.20131131589320994,False
2025-02-28,EWR,arr,nas_delay_per_scheduled_op,0.7175141242937854,0.7724538665518152,-0.05493974225802989,False
2025-03-01,EWR,arr,nas_delay_per_scheduled_op,2.504918032786885,1.282720572964352,1.2221974598225331,False
2025-03-02,EWR,arr,nas_delay_per_scheduled_op,0.9971509971509972,1.4358790853422065,-0.43872808819120934,False
2025-03-03,EWR,arr,nas_delay_per_scheduled_op,1.0621468926553672,0.914947344830641,0.14719954782472622,False
2025-03-04,EWR,arr,nas_delay_per_scheduled_op,0.7771260997067448,1.6793684693125777,-0.9022423696058328,False
2025-03-05,EWR,arr,nas_delay_per_scheduled_op,22.708454810495628,25.27968152404951,-2.5712267135538838,False
2025-03-06,EWR,arr,nas_delay_per_scheduled_op,4.409604519774011,5.28949535260075,-0.8798908328267387,False
2025-03-07,EWR,arr,nas_delay_per_scheduled_op,3.456338028169014,10.880890783534806,-7.4245527553657915,False
2025-03-08,EWR,arr,nas_delay_per_scheduled_op,1.5445544554455446,1.6650098516771643,-0.12045539623161972,False
2025-03-09,EWR,arr,nas_delay_per_scheduled_op,1.4114285714285715,2.1260004308057128,-0.7145718593771413,False
2025-03-10,EWR,arr,nas_delay_per_scheduled_op,2.752808988764045,2.347504502603598,0.4053044861604467,False
2025-03-11,EWR,arr,nas_delay_per_scheduled_op,1.0402298850574712,0.6445316144655558,0.3956982705919153,False
2025-03-12,EWR,arr,nas_delay_per_scheduled_op,0.7549857549857549,1.2278467746976018,-0.4728610197118469,False
2025-03-13,EWR,arr,nas_delay_per_scheduled_op,0.923728813559322,0.6587494084573569,0.26497940510196516,False
2025-03-14,EWR,arr,nas_delay_per_scheduled_op,1.5887323943661973,1.8058635696512213,-0.21713117528502401,False
2025-03-15,EWR,arr,nas_delay_per_scheduled_op,56.51162790697674,4.268395419789243,52.2432324871875,False
2025-03-16,EWR,arr,nas_delay_per_scheduled_op,24.564469914040114,32.89234935098713,-8.327879436947018,False
2025-03-17,EWR,arr,nas_delay_per_scheduled_op,3.419718309859155,2.438937177190966,0.9807811326681888,False
2025-03-18,EWR,arr,nas_delay_per_scheduled_op,1.1551724137931034,2.6124696377711927,-1.4572972239780893,False
2025-03-19,EWR,arr,nas_delay_per_scheduled_op,0.90625,1.329943103327962,-0.42369310332796206,False
2025-03-20,EWR,arr,nas_delay_per_scheduled_op,5.91340782122905,13.6756816315572,-7.76227381032815,False
2025-03-21,EWR,arr,nas_delay_per_scheduled_op,11.069637883008356,20.535518323093946,-9.46588044008559,False
2025-03-22,EWR,arr,nas_delay_per_scheduled_op,2.310457516339869,0.7590386303622778,1.5514188859775913,False
2025-03-23,EWR,arr,nas_delay_per_scheduled_op,0.4702549575070821,1.3115074713140575,-0.8412525138069754,False
2025-03-24,EWR,arr,nas_delay_per_scheduled_op,1.5571030640668524,1.6804554542787136,-0.12335239021186117,False
2025-03-25,EWR,arr,nas_delay_per_scheduled_op,1.1196581196581197,1.1751722821630965,-0.05551416250497687,False
2025-03-26,EWR,arr,nas_delay_per_scheduled_op,1.2011331444759208,0.9751834874539561,0.22594965702196468,False
2025-03-27,EWR,arr,nas_delay_per_scheduled_op,2.664804469273743,1.0680122029680965,1.5967922663056466,False
2025-03-28,EWR,arr,nas_delay_per_scheduled_op,5.894150417827298,2.6951021615238493,3.1990482563034486,False
2025-03-29,EWR,arr,nas_delay_per_scheduled_op,9.79672131147541,1.9397677318086075,7.856953579666803,False
2025-03-30,EWR,arr,nas_delay_per_scheduled_op,15.185074626865672,10.348890918619116,4.836183708246557,False
2025-03-31,EWR,arr,nas_delay_per_scheduled_op,19.516320474777448,10.775340493988809,8.740979980788639,False
2025-04-01,EWR,arr,nas_delay_per_scheduled_op,1.5993975903614457,1.267901303860059,0.33149628650138663,False
2025-04-02,EWR,arr,nas_delay_per_scheduled_op,4.078313253012048,5.446958436403365,-1.3686451833913171,False
2025-04-03,EWR,arr,nas_delay_per_scheduled_op,3.208955223880597,6.243409979882158,-3.034454756001561,False
2025-04-04,EWR,arr,nas_delay_per_scheduled_op,1.498507462686567,2.9816369582335067,-1.4831294955469396,False
2025-04-05,EWR,arr,nas_delay_per_scheduled_op,8.049668874172186,3.2284672289591,4.821201645213086,False
2025-04-06,EWR,arr,nas_delay_per_scheduled_op,1.148036253776435,1.6957764893564709,-0.5477402355800358,False
2025-04-07,EWR,arr,nas_delay_per_scheduled_op,27.3044776119403,1.8266725101988337,25.477805101741467,False
2025-04-08,EWR,arr,nas_delay_per_scheduled_op,11.212765957446809,8.91417466589024,2.298591291556569,False
2025-04-09,EWR,arr,nas_delay_per_scheduled_op,2.3395061728395063,0.9545375815504422,1.3849685912890641,False
2025-04-10,EWR,arr,nas_delay_per_scheduled_op,1.2680722891566265,1.3635100799288746,-0.09543779077224812,False
2025-04-11,EWR,arr,nas_delay_per_scheduled_op,1.6355421686746987,2.175953286021436,-0.5404111173467374,False
2025-04-12,EWR,arr,nas_delay_per_scheduled_op,2.1308724832214767,3.4862294434014904,-1.3553569601800137,False
2025-04-13,EWR,arr,nas_delay_per_scheduled_op,3.206060606060606,2.521458075358442,0.6846025307021639,False
2025-04-14,EWR,arr,nas_delay_per_scheduled_op,2.4680851063829787,0.5825685884609318,1.885516517922047,False
2025-04-15,EWR,arr,nas_delay_per_scheduled_op,10.943894389438944,3.164133577061851,7.779760812377093,False
2025-04-16,EWR,arr,nas_delay_per_scheduled_op,4.160130718954249,11.100046888705311,-6.939916169751062,False
2025-04-17,EWR,arr,nas_delay_per_scheduled_op,38.22857142857143,2.2510598720616373,35.97751155650979,False
2025-04-18,EWR,arr,nas_delay_per_scheduled_op,36.177215189873415,1.320856920424656,34.85635826944876,False
2025-04-19,EWR,arr,nas_delay_per_scheduled_op,0.5993031358885017,0.7726271726461952,-0.17332403675769348,False
2025-04-20,EWR,arr,nas_delay_per_scheduled_op,68.87106918238993,1.0971819709967043,67.77388721139323,False
2025-04-21,EWR,arr,nas_delay_per_scheduled_op,43.7515923566879,0.940378013308715,42.811214343379184,False
2025-04-22,EWR,arr,nas_delay_per_scheduled_op,3.380327868852459,0.3366357242481124,3.043692144604347,False
2025-04-23,EWR,arr,nas_delay_per_scheduled_op,7.9640522875816995,0.9001719871061318,7.063880300475567,False
2025-04-24,EWR,arr,nas_delay_per_scheduled_op,28.726114649681527,1.3030369796437598,27.423077670037767,False
2025-04-25,EWR,arr,nas_delay_per_scheduled_op,27.65714285714286,1.8921585329801025,25.764984324162757,False
2025-04-26,EWR,arr,nas_delay_per_scheduled_op,81.05208333333333,7.167812536963757,73.88427079636958,False
2025-04-27,EWR,arr,nas_delay_per_scheduled_op,38.99367088607595,3.2529817619620407,35.740689124113906,False
2025-04-28,EWR,arr,nas_delay_per_scheduled_op,46.296178343949045,3.3474428775576333,42.94873546639141,False
2025-04-29,EWR,arr,nas_delay_per_scheduled_op,16.14851485148515,6.378979565418703,9.769535286066446,False
2025-04-30,EWR,arr,nas_delay_per_scheduled_op,58.01948051948052,0.6593094626794546,57.360171056801065,False
2025-05-01,EWR,arr,nas_delay_per_scheduled_op,79.53353658536585,2.142409678192564,77.39112690717329,False
2025-05-02,EWR,arr,nas_delay_per_scheduled_op,52.01238390092879,3.5773299162484844,48.4350539846803,False
2025-05-03,EWR,arr,nas_delay_per_scheduled_op,34.09180327868852,3.3098369293826257,30.781966349305897,False
2025-05-04,EWR,arr,nas_delay_per_scheduled_op,83.76780185758514,10.06044699087755,73.70735486670759,False
2025-05-05,EWR,arr,nas_delay_per_scheduled_op,75.4,45.755777558755135,29.64422244124487,False
2025-05-06,EWR,arr,nas_delay_per_scheduled_op,81.57741935483871,36.074429341870115,45.502990012968596,False
2025-05-07,EWR,arr,nas_delay_per_scheduled_op,5.315112540192926,1.3690300960654036,3.9460824441275224,False
2025-05-08,EWR,arr,nas_delay_per_scheduled_op,39.53086419753087,13.992295595365347,25.53856860216552,False
2025-05-09,EWR,arr,nas_delay_per_scheduled_op,83.26543209876543,10.866150607863887,72.39928149090154,False
2025-05-10,EWR,arr,nas_delay_per_scheduled_op,2.5724907063197024,0.5249783444480801,2.047512361871622,False
2025-05-11,EWR,arr,nas_delay_per_scheduled_op,46.81849315068493,1.2851833041530079,45.53330984653192,False
2025-05-12,EWR,arr,nas_delay_per_scheduled_op,32.93515358361775,2.0404696793011716,30.894683904316576,False
2025-05-13,EWR,arr,nas_delay_per_scheduled_op,11.975265017667844,5.46590450316426,6.509360514503585,False
2025-05-14,EWR,arr,nas_delay_per_scheduled_op,80.59786476868328,32.06014755324761,48.53771721543567,False
2025-05-15,EWR,arr,nas_delay_per_scheduled_op,73.78571428571429,36.55557554740379,37.2301387383105,False
2025-05-16,EWR,arr,nas_delay_per_scheduled_op,68.21088435374149,37.15043537330572,31.060448980435773,False
2025-05-17,EWR,arr,nas_delay_per_scheduled_op,1.011111111111111,2.4097035087196685,-1.3985923976085575,False
2025-05-18,EWR,arr,nas_delay_per_scheduled_op,32.97931034482759,2.8451615374309034,30.134148807396684,False
2025-05-19,EWR,arr,nas_delay_per_scheduled_op,4.737024221453288,2.7513457703212385,1.985678451132049,False
2025-05-20,EWR,arr,nas_delay_per_scheduled_op,13.797101449275363,2.3709966460449206,11.426104803230443,True
2025-05-21,EWR,arr,nas_delay_per_scheduled_op,27.98201438848921,5.969861598389505,22.012152790099705,True
2025-05-22,EWR,arr,nas_delay_per_scheduled_op,60.93992932862191,8.182314056298342,52.75761527232356,True
2025-05-23,EWR,arr,nas_delay_per_scheduled_op,6.498257839721254,0.9805313607003374,5.517726479020917,True
2025-05-24,EWR,arr,nas_delay_per_scheduled_op,61.60456273764259,1.066631432901004,60.53793130474158,True
2025-05-25,EWR,arr,nas_delay_per_scheduled_op,14.240143369175627,4.982383034824423,9.257760334351204,True
2025-05-26,EWR,arr,nas_delay_per_scheduled_op,2.8811188811188813,0.9640096411875719,1.9171092399313094,True
2025-05-27,EWR,arr,nas_delay_per_scheduled_op,3.5144927536231885,1.315997177626669,2.1984955759965192,True
2025-05-28,EWR,arr,nas_delay_per_scheduled_op,1.7381818181818183,1.2535943252754778,0.4845874929063405,True
2025-05-29,EWR,arr,nas_delay_per_scheduled_op,40.76655052264808,1.8651826556020497,38.901367867046034,True
2025-05-30,EWR,arr,nas_delay_per_scheduled_op,2.658536585365854,3.005578218579647,-0.34704163321379333,True
2025-05-31,EWR,arr,nas_delay_per_scheduled_op,2.4202334630350193,1.6485277654921449,0.7717056975428744,True
2025-06-01,EWR,arr,nas_delay_per_scheduled_op,2.7746478873239435,1.8061447872842182,0.9685031000397253,True
2025-06-02,EWR,arr,nas_delay_per_scheduled_op,2.6056338028169015,2.062596185413405,0.5430376174034963,True
2025-06-03,EWR,arr,nas_delay_per_scheduled_op,0.6592592592592592,0.9549019825862797,-0.29564272332702046,True
2025-06-04,EWR,arr,nas_delay_per_scheduled_op,3.3542435424354244,0.9678555969077128,2.3863879455277117,True
2025-06-05,EWR,arr,nas_delay_per_scheduled_op,2.527972027972028,1.9518565264994263,0.5761155014726016,True
2025-06-06,EWR,arr,nas_delay_per_scheduled_op,15.4822695035461,13.052926354618446,2.4293431489276536,True
2025-06-07,EWR,arr,nas_delay_per_scheduled_op,1.7182539682539681,11.829366456234268,-10.1111124879803,True
2025-06-08,EWR,arr,nas_delay_per_scheduled_op,1.2285714285714286,6.65839343479051,-5.429822006219081,True
2025-06-09,EWR,arr,nas_delay_per_scheduled_op,1.3851590106007068,8.714548239057503,-7.3293892284567965,True
2025-06-10,EWR,arr,nas_delay_per_scheduled_op,3.7865168539325844,12.46214026387414,-8.675623409941556,True
2025-06-11,EWR,arr,nas_delay_per_scheduled_op,0.2825278810408922,1.7487705798655713,-1.466242698824679,True
2025-06-12,EWR,arr,nas_delay_per_scheduled_op,1.3794326241134751,1.5837086183647315,-0.20427599425125642,True
2025-06-13,EWR,arr,nas_delay_per_scheduled_op,1.3942652329749103,4.052483080055262,-2.6582178470803512,True
2025-06-14,EWR,arr,nas_delay_per_scheduled_op,1.595330739299611,3.308091930046775,-1.7127611907471638,True
2025-06-15,EWR,arr,nas_delay_per_scheduled_op,3.028673835125448,7.842799713458642,-4.8141258783331935,True
2025-06-16,EWR,arr,nas_delay_per_scheduled_op,1.4484848484848485,2.736060041162419,-1.2875751926775705,False
2025-06-17,EWR,arr,nas_delay_per_scheduled_op,1.1724137931034482,32.74277715373438,-31.57036336063093,False
2025-06-18,EWR,arr,nas_delay_per_scheduled_op,17.31366459627329,25.674012862306185,-8.360348266032894,False
2025-06-19,EWR,arr,nas_delay_per_scheduled_op,47.75975975975976,27.79755987864551,19.96219988111425,False
2025-06-20,EWR,arr,nas_delay_per_scheduled_op,23.239520958083833,2.0642567519258312,21.175264206158,False
2025-06-21,EWR,arr,nas_delay_per_scheduled_op,45.90728476821192,0.6118290288845398,45.29545573932738,False
2025-06-22,EWR,arr,nas_delay_per_scheduled_op,23.93577981651376,23.982647401107585,-0.0468675845938229,False
2025-06-23,EWR,arr,nas_delay_per_scheduled_op,2.2065868263473054,1.6613732883258088,0.5452135380214966,False
2025-06-24,EWR,arr,nas_delay_per_scheduled_op,1.1981424148606812,2.760456149174052,-1.5623137343133706,False
2025-06-25,EWR,arr,nas_delay_per_scheduled_op,17.384146341463413,21.110489969700037,-3.7263436282366236,False
2025-06-26,EWR,arr,nas_delay_per_scheduled_op,29.839181286549707,23.113785119649027,6.72539616690068,False
2025-06-27,EWR,arr,nas_delay_per_scheduled_op,33.43023255813954,23.14918281629593,10.281049741843606,False
2025-06-28,EWR,arr,nas_delay_per_scheduled_op,25.488888888888887,5.572981298092536,19.91590759079635,False
2025-06-29,EWR,arr,nas_delay_per_scheduled_op,13.946902654867257,5.001939466103649,8.944963188763609,False
2025-06-30,EWR,arr,nas_delay_per_scheduled_op,40.13823529411765,26.19947319190216,13.938762102215488,False
2025-07-01,EWR,arr,nas_delay_per_scheduled_op,43.87202380952381,21.521441950266524,22.350581859257286,False
2025-07-02,EWR,arr,nas_delay_per_scheduled_op,14.207207207207206,6.56209922557769,7.645107981629517,False
2025-07-03,EWR,arr,nas_delay_per_scheduled_op,37.002881844380404,28.43129931548542,8.571582528894986,False
2025-07-04,EWR,arr,nas_delay_per_scheduled_op,2.7525083612040135,2.179980000645158,0.5725283605588554,False
2025-07-05,EWR,arr,nas_delay_per_scheduled_op,7.894389438943894,0.9827824714011101,6.911606967542784,False
2025-07-06,EWR,arr,nas_delay_per_scheduled_op,3.2005813953488373,4.1187966954867825,-0.9182153001379452,False
2025-07-07,EWR,arr,nas_delay_per_scheduled_op,30.77521613832853,20.42016597880385,10.35505015952468,False
2025-07-08,EWR,arr,nas_delay_per_scheduled_op,35.75739644970414,22.63143575390705,13.12596069579709,False
2025-07-09,EWR,arr,nas_delay_per_scheduled_op,26.47462686567164,10.084247595927582,16.39037926974406,False
2025-07-10,EWR,arr,nas_delay_per_scheduled_op,7.893982808022923,9.979467450272141,-2.0854846422492184,False
2025-07-11,EWR,arr,nas_delay_per_scheduled_op,5.896848137535817,3.8438622459857594,2.0529858915500574,False
2025-07-12,EWR,arr,nas_delay_per_scheduled_op,30.866666666666667,10.235824585680534,20.630842080986135,False
2025-07-13,EWR,arr,nas_delay_per_scheduled_op,40.283236994219656,25.924432967722687,14.35880402649697,False
2025-07-14,EWR,arr,nas_delay_per_scheduled_op,22.53448275862069,14.63929162803721,7.8951911305834805,False
2025-07-15,EWR,arr,nas_delay_per_scheduled_op,3.533923303834808,5.631218740342552,-2.097295436507744,False
2025-07-16,EWR,arr,nas_delay_per_scheduled_op,25.55952380952381,15.203006334212036,10.356517475311774,False
2025-07-17,EWR,arr,nas_delay_per_scheduled_op,21.289398280802292,7.554007861125538,13.735390419676754,False
2025-07-18,EWR,arr,nas_delay_per_scheduled_op,2.9054441260744985,6.45976467490186,-3.554320548827361,False
2025-07-19,EWR,arr,nas_delay_per_scheduled_op,1.9936507936507937,6.04017323292845,-4.046522439277656,False
2025-07-20,EWR,arr,nas_delay_per_scheduled_op,26.46820809248555,11.687572083339578,14.780636009145972,False
2025-07-21,EWR,arr,nas_delay_per_scheduled_op,1.4183381088825215,1.5513261701169871,-0.1329880612344656,False
2025-07-22,EWR,arr,nas_delay_per_scheduled_op,4.215339233038348,2.7825366071020463,1.4328026259363016,False
2025-07-23,EWR,arr,nas_delay_per_scheduled_op,1.2857142857142858,1.471561964343038,-0.18584767862875218,False
2025-07-24,EWR,arr,nas_delay_per_scheduled_op,3.04297994269341,1.762021722004602,1.280958220688808,False
2025-07-25,EWR,arr,nas_delay_per_scheduled_op,34.39655172413793,21.631095799518167,12.765455924619761,False
2025-07-26,EWR,arr,nas_delay_per_scheduled_op,3.232484076433121,1.2641160062675056,1.9683680701656154,False
2025-07-27,EWR,arr,nas_delay_per_scheduled_op,60.335260115606935,20.8772103701833,39.45804974542364,False
2025-07-28,EWR,arr,nas_delay_per_scheduled_op,39.17528735632184,2.525377365967975,36.64990999035386,False
2025-07-29,EWR,arr,nas_delay_per_scheduled_op,10.778761061946902,1.1893835504113175,9.589377511535584,False
2025-07-30,EWR,arr,nas_delay_per_scheduled_op,21.625,16.57678445538441,5.048215544615591,False
2025-07-31,EWR,arr,nas_delay_per_scheduled_op,26.45977011494253,19.683611479001137,6.776158635941393,False
2025-08-01,EWR,arr,nas_delay_per_scheduled_op,27.0,3.453125896946933,23.546874103053067,False
2025-08-02,EWR,arr,nas_delay_per_scheduled_op,45.78175895765472,1.5503190278863084,44.23143992976841,False
2025-08-03,EWR,arr,nas_delay_per_scheduled_op,7.54093567251462,1.753233928734013,5.787701743780607,False
2025-08-04,EWR,arr,nas_delay_per_scheduled_op,0.8294797687861272,0.7806938415338633,0.04878592725226383,False
2025-08-05,EWR,arr,nas_delay_per_scheduled_op,7.222551928783383,0.8845032690534266,6.338048659729957,False
2025-08-06,EWR,arr,nas_delay_per_scheduled_op,6.477341389728097,0.7904742900207788,5.686867099707318,False
2025-08-07,EWR,arr,nas_delay_per_scheduled_op,0.8323699421965318,1.0698101740914556,-0.2374402318949238,False
2025-08-08,EWR,arr,nas_delay_per_scheduled_op,11.151162790697674,1.0162442301170698,10.134918560580605,False
2025-08-09,EWR,arr,nas_delay_per_scheduled_op,40.557003257328994,1.5805200989720203,38.97648315835697,False
2025-08-10,EWR,arr,nas_delay_per_scheduled_op,3.371345029239766,2.4516588489279214,0.9196861803118446,False
2025-08-11,EWR,arr,nas_delay_per_scheduled_op,0.5668604651162791,1.1032358448023167,-0.5363753796860377,False
2025-08-12,EWR,arr,nas_delay_per_scheduled_op,3.279279279279279,5.535653637578995,-2.2563743582997158,False
2025-08-13,EWR,arr,nas_delay_per_scheduled_op,53.61933534743203,42.44615506906062,11.173180278371404,False
2025-08-14,EWR,arr,nas_delay_per_scheduled_op,31.821325648414987,14.955605490813168,16.86572015760182,False
2025-08-15,EWR,arr,nas_delay_per_scheduled_op,10.409883720930232,2.1409150856504775,8.268968635279755,False
2025-08-16,EWR,arr,nas_delay_per_scheduled_op,4.387096774193548,2.549158001365989,1.8379387728275591,False
2025-08-17,EWR,arr,nas_delay_per_scheduled_op,37.95307917888563,20.494262580133803,17.458816598751827,False
2025-08-18,EWR,arr,nas_delay_per_scheduled_op,13.34402332361516,5.587714856007618,7.756308467607542,False
2025-08-19,EWR,arr,nas_delay_per_scheduled_op,1.4672619047619047,2.3715566549571205,-0.9042947501952159,False
2025-08-20,EWR,arr,nas_delay_per_scheduled_op,14.982089552238806,14.328082372530051,0.6540071797087545,False
2025-08-21,EWR,arr,nas_delay_per_scheduled_op,12.089595375722544,4.280443027206365,7.809152348516179,False
2025-08-22,EWR,arr,nas_delay_per_scheduled_op,4.878612716763006,2.707409850731209,2.1712028660317966,False
2025-08-23,EWR,arr,nas_delay_per_scheduled_op,2.6018808777429467,2.105885689562262,0.49599518818068455,False
2025-08-24,EWR,arr,nas_delay_per_scheduled_op,1.1242774566473988,1.2401383198333127,-0.11586086318591393,False
2025-08-25,EWR,arr,nas_delay_per_scheduled_op,0.8901734104046243,1.522638708923563,-0.6324652985189386,False
2025-08-26,EWR,arr,nas_delay_per_scheduled_op,0.2298507462686567,0.4280552312962103,-0.1982044850275536,False
2025-08-27,EWR,arr,nas_delay_per_scheduled_op,0.9223880597014925,0.479696643555084,0.4426914161464085,False
2025-08-28,EWR,arr,nas_delay_per_scheduled_op,40.95375722543353,0.8421660453715251,40.111591180062,False
2025-08-29,EWR,arr,nas_delay_per_scheduled_op,3.9310344827586206,1.0941737303254455,2.836860752433175,False
2025-08-30,EWR,arr,nas_delay_per_scheduled_op,0.9365079365079365,0.6034396464564759,0.33306829005146066,False
2025-08-31,EWR,arr,nas_delay_per_scheduled_op,0.7088607594936709,2.073203178988217,-1.3643424194945462,False
2025-09-01,EWR,arr,nas_delay_per_scheduled_op,14.344927536231884,1.1692488617761614,13.175678674455723,False
2025-09-02,EWR,arr,nas_delay_per_scheduled_op,6.0148809523809526,0.7851767896694137,5.229704162711538,False
2025-09-03,EWR,arr,nas_delay_per_scheduled_op,0.7247706422018348,0.5432001009320868,0.18157054126974803,False
2025-09-04,EWR,arr,nas_delay_per_scheduled_op,41.59356725146199,11.156766823904896,30.436800427557095,False
2025-09-05,EWR,arr,nas_delay_per_scheduled_op,3.2956521739130435,0.7504429706490915,2.545209203263952,False
2025-09-06,EWR,arr,nas_delay_per_scheduled_op,51.604395604395606,19.283266894852556,32.321128709543046,False
2025-09-07,EWR,arr,nas_delay_per_scheduled_op,1.7683284457478006,9.297983648627836,-7.529655202880035,False
2025-09-08,EWR,arr,nas_delay_per_scheduled_op,0.8872832369942196,0.635752245440069,0.2515309915541506,False
2025-09-09,EWR,arr,nas_delay_per_scheduled_op,1.091743119266055,0.5475264085829853,0.5442167106830696,False
2025-09-10,EWR,arr,nas_delay_per_scheduled_op,0.941358024691358,0.9560167523304224,-0.014658727639064395,False
2025-09-11,EWR,arr,nas_delay_per_scheduled_op,1.6676300578034682,3.9569389206926697,-2.2893088628892015,False
2025-09-12,EWR,arr,nas_delay_per_scheduled_op,2.2247838616714697,0.5988494571241424,1.6259344045473272,False
2025-09-13,EWR,arr,nas_delay_per_scheduled_op,1.7226277372262773,0.648906760582657,1.0737209766436204,False
2025-09-14,EWR,arr,nas_delay_per_scheduled_op,1.0057971014492753,1.0968347121098478,-0.09103761066057259,False
2025-09-15,EWR,arr,nas_delay_per_scheduled_op,1.23121387283237,1.873486650230781,-0.6422727773984109,False
2025-09-16,EWR,arr,nas_delay_per_scheduled_op,1.3768996960486322,1.7492588432059923,-0.3723591471573602,False
2025-09-17,EWR,arr,nas_delay_per_scheduled_op,11.98776758409786,13.20117978104998,-1.2134121969521203,False
2025-09-18,EWR,arr,nas_delay_per_scheduled_op,1.3919308357348703,2.214486186953172,-0.8225553512183017,False
2025-09-19,EWR,arr,nas_delay_per_scheduled_op,2.5129682997118157,2.5533411488041278,-0.04037284909231209,False
2025-09-20,EWR,arr,nas_delay_per_scheduled_op,54.50545454545455,1.4505529207543275,53.05490162470022,False
2025-09-21,EWR,arr,nas_delay_per_scheduled_op,1.749271137026239,1.0931219561224996,0.6561491809037394,False
2025-09-22,EWR,arr,nas_delay_per_scheduled_op,0.7630057803468208,1.069326434512111,-0.3063206541652902,False
2025-09-23,EWR,arr,nas_delay_per_scheduled_op,11.148484848484848,1.8453920471948873,9.303092801289962,False
2025-09-24,EWR,arr,nas_delay_per_scheduled_op,0.8384146341463414,1.4839553949483886,-0.6455407608020471,False
2025-09-25,EWR,arr,nas_delay_per_scheduled_op,45.2378223495702,18.36469866342199,26.87312368614821,False
2025-09-26,EWR,arr,nas_delay_per_scheduled_op,0.8218390804597702,1.3135088329269409,-0.4916697524671707,False
2025-09-27,EWR,arr,nas_delay_per_scheduled_op,1.5912408759124088,0.6716420002366397,0.9195988756757691,False
2025-09-28,EWR,arr,nas_delay_per_scheduled_op,0.6096866096866097,1.021219495461726,-0.41153288577511626,False
2025-09-29,EWR,arr,nas_delay_per_scheduled_op,0.8314285714285714,2.2079622091651694,-1.376533637736598,False
2025-09-30,EWR,arr,nas_delay_per_scheduled_op,1.078078078078078,0.5276117130956057,0.5504663649824724,False
2025-10-01,EWR,arr,nas_delay_per_scheduled_op,0.4431137724550898,3.021745286785376,-2.578631514330286,False
2025-10-02,EWR,arr,nas_delay_per_scheduled_op,0.8611898016997167,0.4580165659874654,0.40317323571225133,False
2025-10-03,EWR,arr,nas_delay_per_scheduled_op,13.045845272206304,0.7593652907498452,12.28647998145646,False
2025-10-04,EWR,arr,nas_delay_per_scheduled_op,0.9351535836177475,1.0858618705406853,-0.1507082869229378,False
2025-10-05,EWR,arr,nas_delay_per_scheduled_op,2.25,1.6711658605524145,0.5788341394475855,False
2025-10-06,EWR,arr,nas_delay_per_scheduled_op,12.136363636363637,2.0351327898896785,10.101230846473959,False
2025-10-07,EWR,arr,nas_delay_per_scheduled_op,0.39882697947214074,1.180296826260925,-0.7814698467887843,False
2025-10-08,EWR,arr,nas_delay_per_scheduled_op,0.8761329305135952,5.295180621034025,-4.41904769052043,False
2025-10-09,EWR,arr,nas_delay_per_scheduled_op,22.31534090909091,9.383794627633646,12.931546281457264,False
2025-10-10,EWR,arr,nas_delay_per_scheduled_op,2.15625,2.0253172716960557,0.1309327283039443,False
2025-10-11,EWR,arr,nas_delay_per_scheduled_op,37.66101694915254,0.9609652328895394,36.700051716263,False
2025-10-12,EWR,arr,nas_delay_per_scheduled_op,29.12857142857143,30.987197543657043,-1.8586261150856132,False
2025-10-13,EWR,arr,nas_delay_per_scheduled_op,28.43019943019943,41.65842819235744,-13.228228762158011,False
2025-10-14,EWR,arr,nas_delay_per_scheduled_op,8.073313782991203,15.018975243888914,-6.9456614608977105,False
2025-10-15,EWR,arr,nas_delay_per_scheduled_op,1.4323529411764706,2.038917267982478,-0.6065643268060075,False
2025-10-16,EWR,arr,nas_delay_per_scheduled_op,6.872159090909091,4.217563369889171,2.65459572101992,False
2025-10-17,EWR,arr,nas_delay_per_scheduled_op,0.875,3.7104643099567207,-2.8354643099567207,False
2025-10-18,EWR,arr,nas_delay_per_scheduled_op,1.223728813559322,2.4707816782037075,-1.2470528646443855,False
2025-10-19,EWR,arr,nas_delay_per_scheduled_op,8.017094017094017,4.0605805807435305,3.9565134363504866,False
2025-10-20,EWR,arr,nas_delay_per_scheduled_op,5.073863636363637,5.236512541312035,-0.1626489049483979,False
2025-10-21,EWR,arr,nas_delay_per_scheduled_op,2.19941348973607,0.8202660680636449,1.3791474216724253,False
2025-10-22,EWR,arr,nas_delay_per_scheduled_op,0.28106508875739644,0.41147237421788785,-0.1304072854604914,False
2025-10-23,EWR,arr,nas_delay_per_scheduled_op,9.883522727272727,1.923096132844734,7.960426594427993,False
2025-10-24,EWR,arr,nas_delay_per_scheduled_op,11.179487179487179,2.922110676514214,8.257376502972965,False
2025-10-25,EWR,arr,nas_delay_per_scheduled_op,4.636986301369863,1.2573700407194779,3.379616260650385,False
2025-10-26,EWR,arr,nas_delay_per_scheduled_op,33.78491620111732,2.4002581568227908,31.38465804429453,False
2025-10-27,EWR,arr,nas_delay_per_scheduled_op,6.716666666666667,3.451800336663789,3.264866330002878,False
2025-10-28,EWR,arr,nas_delay_per_scheduled_op,15.545977011494253,6.190056875785909,9.355920135708345,False
2025-10-29,EWR,arr,nas_delay_per_scheduled_op,5.0491329479768785,4.937103546103893,0.11202940187298527,False
2025-10-30,EWR,arr,nas_delay_per_scheduled_op,58.173669467787114,42.731256401229395,15.44241306655772,False
2025-10-31,EWR,arr,nas_delay_per_scheduled_op,32.80911680911681,22.59126352008874,10.217853289028067,False
2025-11-01,EWR,arr,nas_delay_per_scheduled_op,1.2166064981949458,1.3613671823702982,-0.14476068417535237,False
2025-11-02,EWR,arr,nas_delay_per_scheduled_op,63.91899441340782,1.2934688513895265,62.6255255620183,False
2025-11-03,EWR,arr,nas_delay_per_scheduled_op,2.8950276243093924,3.9221551170097917,-1.0271274927003993,False
2025-11-04,EWR,arr,nas_delay_per_scheduled_op,12.946629213483146,25.06928357857447,-12.122654365091325,False
2025-11-05,EWR,arr,nas_delay_per_scheduled_op,19.47887323943662,1.3075300398643988,18.17134319957222,False
2025-11-06,EWR,arr,nas_delay_per_scheduled_op,51.85479452054795,14.712245476379158,37.14254904416879,False
2025-11-07,EWR,arr,nas_delay_per_scheduled_op,12.263013698630138,1.669485530810984,10.593528167819153,False
2025-11-08,EWR,arr,nas_delay_per_scheduled_op,74.25435540069687,19.51460914322784,54.73974625746902,False
2025-11-09,EWR,arr,nas_delay_per_scheduled_op,69.30555555555556,34.37625254068535,34.92930301487021,False
2025-11-10,EWR,arr,nas_delay_per_scheduled_op,20.876033057851238,25.180150090408084,-4.304117032556846,False
2025-11-11,EWR,arr,nas_delay_per_scheduled_op,3.2729805013927575,22.63013706721583,-19.35715656582307,False
2025-11-12,EWR,arr,nas_delay_per_scheduled_op,2.672316384180791,0.3566246248081556,2.3156917593726356,False
2025-11-13,EWR,arr,nas_delay_per_scheduled_op,4.15934065934066,17.44630856716046,-13.2869679078198,False
2025-11-14,EWR,arr,nas_delay_per_scheduled_op,0.9038461538461539,2.349639582011376,-1.445793428165222,False
2025-11-15,EWR,arr,nas_delay_per_scheduled_op,1.5138888888888888,1.125073078680945,0.38881581020794376,False
2025-11-16,EWR,arr,nas_delay_per_scheduled_op,0.841225626740947,31.790312910156565,-30.94908728341562,False
2025-11-17,EWR,arr,nas_delay_per_scheduled_op,2.3093922651933703,33.788412892384436,-31.479020627191066,False
2025-11-18,EWR,arr,nas_delay_per_scheduled_op,0.3126760563380282,2.0044684067490377,-1.6917923504110095,False
2025-11-19,EWR,arr,nas_delay_per_scheduled_op,0.6610169491525424,1.778332638266613,-1.1173156891140705,False
2025-11-20,EWR,arr,nas_delay_per_scheduled_op,6.170731707317073,1.5135376662761075,4.657194041040966,False
2025-11-21,EWR,arr,nas_delay_per_scheduled_op,5.283783783783784,0.8902548172527083,4.3935289665310755,False
2025-11-22,EWR,arr,nas_delay_per_scheduled_op,0.46745562130177515,1.0630683890973287,-0.5956127677955536,False
2025-11-23,EWR,arr,nas_delay_per_scheduled_op,1.2903225806451613,2.5407944402817217,-1.2504718596365605,False
2025-11-24,EWR,arr,nas_delay_per_scheduled_op,0.7634408602150538,1.41134847117496,-0.6479076109599062,False
2025-11-25,EWR,arr,nas_delay_per_scheduled_op,0.7506702412868632,1.6510626973118345,-0.9003924560249713,False
2025-11-26,EWR,arr,nas_delay_per_scheduled_op,2.059299191374663,3.879521934615099,-1.820222743240436,False
2025-11-27,EWR,arr,nas_delay_per_scheduled_op,0.1702127659574468,0.27532129971505337,-0.10510853375760656,False
2025-11-28,EWR,arr,nas_delay_per_scheduled_op,1.2464183381088825,2.127347406375619,-0.8809290682667363,False
2025-11-29,EWR,arr,nas_delay_per_scheduled_op,3.207492795389049,2.5930360504910235,0.6144567448980256,False
2025-11-30,EWR,arr,nas_delay_per_scheduled_op,24.037533512064343,4.164482434052766,19.873051078011578,False
2025-12-01,EWR,arr,nas_delay_per_scheduled_op,2.952254641909814,3.162994615038297,-0.21073997312848292,False
2025-12-02,EWR,arr,nas_delay_per_scheduled_op,17.27887323943662,11.063217842952781,6.2156553964838395,False
2025-12-03,EWR,arr,nas_delay_per_scheduled_op,1.8575418994413408,2.232068454156875,-0.3745265547155343,False
2025-12-04,EWR,arr,nas_delay_per_scheduled_op,6.986149584487535,15.685682039956538,-8.699532455469003,False
2025-12-05,EWR,arr,nas_delay_per_scheduled_op,0.928374655647383,1.9784328245528293,-1.0500581689054465,False
2025-12-06,EWR,arr,nas_delay_per_scheduled_op,1.1986531986531987,0.6555812858140464,0.5430719128391523,False
2025-12-07,EWR,arr,nas_delay_per_scheduled_op,7.47075208913649,3.2402786923036833,4.2304733968328065,False
2025-12-08,EWR,arr,nas_delay_per_scheduled_op,3.1294765840220387,4.919598071692323,-1.7901214876702842,False
2025-12-09,EWR,arr,nas_delay_per_scheduled_op,1.3628571428571428,2.050882482281552,-0.6880253394244094,False
2025-12-10,EWR,arr,nas_delay_per_scheduled_op,9.675287356321839,2.6371118386177863,7.038175517704053,False
2025-12-11,EWR,arr,nas_delay_per_scheduled_op,17.12707182320442,43.59201605355657,-26.46494423035215,False
2025-12-12,EWR,arr,nas_delay_per_scheduled_op,5.446280991735537,2.3613488117159056,3.0849321800196314,False
2025-12-13,EWR,arr,nas_delay_per_scheduled_op,3.6385135135135136,3.6532308416170873,-0.014717328103573735,False
2025-12-14,EWR,arr,nas_delay_per_scheduled_op,64.72423398328691,45.93028411857482,18.79394986471209,False
2025-12-15,EWR,arr,nas_delay_per_scheduled_op,11.826446280991735,3.6675733682553195,8.158872912736417,False
2025-12-16,EWR,arr,nas_delay_per_scheduled_op,2.1025641025641026,1.6112676421803842,0.49129646038371844,False
2025-12-17,EWR,arr,nas_delay_per_scheduled_op,8.165242165242166,0.9402886618172266,7.224953503424939,False
2025-12-18,EWR,arr,nas_delay_per_scheduled_op,8.169540229885058,2.44737593747778,5.722164292407278,False
2025-12-19,EWR,arr,nas_delay_per_scheduled_op,16.82336182336182,30.409010111339622,-13.5856482879778,False
2025-12-20,EWR,arr,nas_delay_per_scheduled_op,0.5575757575757576,3.24615209031753,-2.688576332741772,False
2025-12-21,EWR,arr,nas_delay_per_scheduled_op,0.9707602339181286,2.0444874383104925,-1.0737272043923638,False
2025-12-22,EWR,arr,nas_delay_per_scheduled_op,1.25,1.3516937138837488,-0.10169371388374882,False
2025-12-23,EWR,arr,nas_delay_per_scheduled_op,10.0,3.596798045602649,6.4032019543973515,False
2025-12-24,EWR,arr,nas_delay_per_scheduled_op,2.4984126984126984,0.8077543580995996,1.6906583403130988,False
2025-12-25,EWR,arr,nas_delay_per_scheduled_op,0.8025078369905956,1.024318817806726,-0.22181098081613038,False
2025-12-26,EWR,arr,nas_delay_per_scheduled_op,2.345029239766082,3.382037775721575,-1.037008535955493,False
2025-12-27,EWR,arr,nas_delay_per_scheduled_op,8.296969696969697,9.194843662481887,-0.8978739655121899,False
2025-12-28,EWR,arr,nas_delay_per_scheduled_op,6.434402332361516,4.676901970394766,1.7575003619667493,False
2025-12-29,EWR,arr,nas_delay_per_scheduled_op,7.770348837209302,7.190049645561908,0.5802991916473941,False
2025-12-30,EWR,arr,nas_delay_per_scheduled_op,3.7419354838709675,6.347685603046,-2.6057501191750325,False
2025-12-31,EWR,arr,nas_delay_per_scheduled_op,1.881619937694704,1.9713533540871992,-0.08973341639249521,False
2025-01-01,EWR,dep,scheduled_ops,322.0,300.1370680679189,21.862931932081096,False
2025-01-02,EWR,dep,scheduled_ops,344.0,321.73899083364296,22.26100916635704,False
2025-01-03,EWR,dep,scheduled_ops,340.0,322.5415341469449,17.45846585305509,False
2025-01-04,EWR,dep,scheduled_ops,323.0,328.3041876325085,-5.304187632508501,False
2025-01-05,EWR,dep,scheduled_ops,348.0,333.7548147504157,14.245185249584324,False
2025-01-06,EWR,dep,scheduled_ops,344.0,333.47860315413516,10.521396845864842,False
2025-01-07,EWR,dep,scheduled_ops,331.0,313.7392588036241,17.260741196375875,False
2025-01-08,EWR,dep,scheduled_ops,328.0,319.72591321103056,8.274086788969441,False
2025-01-09,EWR,dep,scheduled_ops,334.0,330.00848006335843,3.9915199366415663,False
2025-01-10,EWR,dep,scheduled_ops,333.0,335.8286366731915,-2.828636673191511,False
2025-01-11,EWR,dep,scheduled_ops,295.0,288.61892807795977,6.381071922040235,False
2025-01-12,EWR,dep,scheduled_ops,330.0,327.18119203228,2.8188079677199767,False
2025-01-13,EWR,dep,scheduled_ops,335.0,328.9656339185942,6.0343660814057785,False
2025-01-14,EWR,dep,scheduled_ops,320.0,309.90090677336116,10.099093226638843,False
2025-01-15,EWR,dep,scheduled_ops,319.0,311.964981949208,7.035018050792019,False
2025-01-16,EWR,dep,scheduled_ops,334.0,333.707159117795,0.2928408822049846,False
2025-01-17,EWR,dep,scheduled_ops,332.0,334.1362355811755,-2.1362355811755265,False
2025-01-18,EWR,dep,scheduled_ops,294.0,288.3192360595573,5.680763940442716,False
2025-01-19,EWR,dep,scheduled_ops,328.0,316.53593499133547,11.464065008664534,False
2025-01-20,EWR,dep,scheduled_ops,335.0,334.32034667527995,0.67965332472005,False
2025-01-21,EWR,dep,scheduled_ops,322.0,311.2032677709099,10.796732229090082,False
2025-01-22,EWR,dep,scheduled_ops,320.0,312.64748259297494,7.352517407025061,False
2025-01-23,EWR,dep,scheduled_ops,334.0,332.32073475787894,1.6792652421210619,False
2025-01-24,EWR,dep,scheduled_ops,332.0,332.9933417046741,-0.9933417046740942,False
2025-01-25,EWR,dep,scheduled_ops,295.0,290.4016704947634,4.59832950523662,False
2025-01-26,EWR,dep,scheduled_ops,330.0,329.5724662200321,0.4275337799679164,False
2025-01-27,EWR,dep,scheduled_ops,335.0,329.6481345623612,5.351865437638821,False
2025-01-28,EWR,dep,scheduled_ops,321.0,310.13434276722705,10.865657232772946,False
2025-01-29,EWR,dep,scheduled_ops,320.0,312.64748259297494,7.352517407025061,False
2025-01-30,EWR,dep,scheduled_ops,334.0,331.5905381415118,2.409461858488214,False
2025-01-31,EWR,dep,scheduled_ops,332.0,332.2631450883068,-0.26314508830682826,False
2025-02-01,EWR,dep,scheduled_ops,295.0,290.15329018351275,4.846709816487248,False
2025-02-02,EWR,dep,scheduled_ops,330.0,328.84226960366493,1.1577303963350687,False
2025-02-03,EWR,dep,scheduled_ops,335.0,329.6481345623612,5.351865437638821,False
2025-02-04,EWR,dep,scheduled_ops,321.0,310.15576583960916,10.84423416039084,False
2025-02-05,EWR,dep,scheduled_ops,320.0,312.64748259297494,7.352517407025061,False
2025-02-06,EWR,dep,scheduled_ops,336.0,335.8023570216961,0.19764297830391797,False
2025-02-07,EWR,dep,scheduled_ops,337.0,335.54408301347354,1.4559169865264607,False
2025-02-08,EWR,dep,scheduled_ops,295.0,291.311128377399,3.6888716226010274,False
2025-02-09,EWR,dep,scheduled_ops,328.0,322.4324353639765,5.567564636023519,False
2025-02-10,EWR,dep,scheduled_ops,336.0,333.1774527987786,2.8225472012214254,False
2025-02-11,EWR,dep,scheduled_ops,321.0,310.9009067733612,10.099093226638786,False
2025-02-12,EWR,dep,scheduled_ops,325.0,324.49351726914983,0.5064827308501663,False
2025-02-13,EWR,dep,scheduled_ops,355.0,347.70418860135237,7.295811398647629,False
2025-02-14,EWR,dep,scheduled_ops,353.0,344.49256376246774,8.50743623753226,False
2025-02-15,EWR,dep,scheduled_ops,313.0,320.2879319282119,-7.28793192821189,False
2025-02-16,EWR,dep,scheduled_ops,345.0,333.40520895707596,11.594791042924044,False
2025-02-17,EWR,dep,scheduled_ops,354.0,344.3640253281753,9.635974671824727,False
2025-02-18,EWR,dep,scheduled_ops,347.0,331.21341860339163,15.78658139660837,False
2025-02-19,EWR,dep,scheduled_ops,339.0,329.8370887330244,9.162911266975584,False
2025-02-20,EWR,dep,scheduled_ops,355.0,347.232272744485,7.7677272555150125,False
2025-02-21,EWR,dep,scheduled_ops,353.0,344.0285547951819,8.97144520481811,False
2025-02-22,EWR,dep,scheduled_ops,314.0,319.38475875927406,-5.384758759274064,False
2025-02-23,EWR,dep,scheduled_ops,348.0,338.48097059598524,9.51902940401476,False
2025-02-24,EWR,dep,scheduled_ops,354.0,343.692860018519,10.307139981480987,False
2025-02-25,EWR,dep,scheduled_ops,347.0,328.30396072075604,18.696039279243962,False
2025-02-26,EWR,dep,scheduled_ops,339.0,327.23018588923713,11.769814110762866,False
2025-02-27,EWR,dep,scheduled_ops,355.0,345.4083063588009,9.591693641199072,False
2025-02-28,EWR,dep,scheduled_ops,353.0,342.56816156244736,10.431838437552642,False
2025-03-01,EWR,dep,scheduled_ops,309.0,318.65456214290685,-9.654562142906855,False
2025-03-02,EWR,dep,scheduled_ops,348.0,337.67680510679946,10.323194893200537,False
2025-03-03,EWR,dep,scheduled_ops,354.0,342.3707048757493,11.629295124250689,False
2025-03-04,EWR,dep,scheduled_ops,345.0,326.16106684425466,18.838933155745337,False
2025-03-05,EWR,dep,scheduled_ops,336.0,325.23018588923713,10.769814110762866,False
2025-03-06,EWR,dep,scheduled_ops,353.0,347.16175576728824,5.838244232711759,False
2025-03-07,EWR,dep,scheduled_ops,355.0,344.0667519046868,10.933248095313218,False
2025-03-08,EWR,dep,scheduled_ops,303.0,322.272629730598,-19.272629730598,False
2025-03-09,EWR,dep,scheduled_ops,348.0,347.16060821930637,0.8393917806936315,False
2025-03-10,EWR,dep,scheduled_ops,355.0,346.0586442225284,8.941355777471585,False
2025-03-11,EWR,dep,scheduled_ops,349.0,341.4895067007222,7.510493299277812,False
2025-03-12,EWR,dep,scheduled_ops,348.0,338.53254688678595,9.467453113214049,False
2025-03-13,EWR,dep,scheduled_ops,354.0,348.9745808601612,5.025419139838789,False
2025-03-14,EWR,dep,scheduled_ops,355.0,346.0586442225284,8.941355777471585,False
2025-03-15,EWR,dep,scheduled_ops,302.0,327.16913010323896,-25.169130103238956,False
2025-03-16,EWR,dep,scheduled_ops,348.0,348.23438305082533,-0.23438305082532906,False
2025-03-17,EWR,dep,scheduled_ops,355.0,345.39756665114356,9.602433348856437,False
2025-03-18,EWR,dep,scheduled_ops,348.0,340.8975481743198,7.102451825680191,False
2025-03-19,EWR,dep,scheduled_ops,349.0,340.06205916450284,8.937940835497159,False
2025-03-20,EWR,dep,scheduled_ops,358.0,350.57806201069656,7.421937989303444,False
2025-03-21,EWR,dep,scheduled_ops,359.0,347.57158325569924,11.428416744300762,False
2025-03-22,EWR,dep,scheduled_ops,307.0,330.1246550313137,-23.124655031313694,False
2025-03-23,EWR,dep,scheduled_ops,352.0,349.198209702358,2.8017902976420146,False
2025-03-24,EWR,dep,scheduled_ops,359.0,347.59300632808134,11.406993671918656,False
2025-03-25,EWR,dep,scheduled_ops,353.0,342.4104872074907,10.58951279250931,False
2025-03-26,EWR,dep,scheduled_ops,351.0,340.7494096361059,10.250590363894105,False
2025-03-27,EWR,dep,scheduled_ops,358.0,351.21771650969936,6.782283490300642,False
2025-03-28,EWR,dep,scheduled_ops,359.0,347.61442940046345,11.38557059953655,False
2025-03-29,EWR,dep,scheduled_ops,309.0,330.172351003914,-21.172351003914002,False
2025-03-30,EWR,dep,scheduled_ops,329.0,349.96438562589304,-20.964385625893044,False
2025-03-31,EWR,dep,scheduled_ops,340.0,343.88566766995774,-3.8856676699577406,False
2025-04-01,EWR,dep,scheduled_ops,332.0,340.70780433590375,-8.707804335903745,False
2025-04-02,EWR,dep,scheduled_ops,331.0,338.42182254160144,-7.421822541601443,False
2025-04-03,EWR,dep,scheduled_ops,336.0,346.668216045462,-10.668216045461975,False
2025-04-04,EWR,dep,scheduled_ops,335.0,342.1099559296801,-7.109955929680098,False
2025-04-05,EWR,dep,scheduled_ops,302.0,306.28805612402414,-4.288056124024138,False
2025-04-06,EWR,dep,scheduled_ops,332.0,345.97522607827,-13.975226078269998,False
2025-04-07,EWR,dep,scheduled_ops,335.0,340.7021084973822,-5.7021084973821985,False
2025-04-08,EWR,dep,scheduled_ops,330.0,329.59717398416143,0.4028260158385706,False
2025-04-09,EWR,dep,scheduled_ops,323.0,325.05148329577514,-2.0514832957751423,False
2025-04-10,EWR,dep,scheduled_ops,332.0,336.588708421774,-4.588708421774015,False
2025-04-11,EWR,dep,scheduled_ops,332.0,333.64164905608686,-1.6416490560868624,False
2025-04-12,EWR,dep,scheduled_ops,298.0,293.9929265955783,4.007073404421703,False
2025-04-13,EWR,dep,scheduled_ops,330.0,335.77004979201274,-5.770049792012742,False
2025-04-14,EWR,dep,scheduled_ops,328.0,335.3307922937807,-7.330792293780689,False
2025-04-15,EWR,dep,scheduled_ops,305.0,326.6306783534825,-21.630678353482494,False
2025-04-16,EWR,dep,scheduled_ops,305.0,325.75739381931436,-20.75739381931436,False
2025-04-17,EWR,dep,scheduled_ops,315.0,336.2303497281671,-21.230349728167084,False
2025-04-18,EWR,dep,scheduled_ops,315.0,336.01814276538374,-21.018142765383743,False
2025-04-19,EWR,dep,scheduled_ops,287.0,296.30840894205113,-9.30840894205113,False
2025-04-20,EWR,dep,scheduled_ops,319.0,337.7783213131007,-18.77832131310072,False
2025-04-21,EWR,dep,scheduled_ops,314.0,334.60544550524963,-20.605445505249634,False
2025-04-22,EWR,dep,scheduled_ops,305.0,319.54091915259346,-14.54091915259346,False
2025-04-23,EWR,dep,scheduled_ops,306.0,322.6144999428129,-16.614499942812927,False
2025-04-24,EWR,dep,scheduled_ops,314.0,330.32450758008304,-16.324507580083036,False
2025-04-25,EWR,dep,scheduled_ops,314.0,333.1236292001331,-19.12362920013311,False
2025-04-26,EWR,dep,scheduled_ops,288.0,286.233594058547,1.7664059414530016,False
2025-04-27,EWR,dep,scheduled_ops,317.0,332.292244055324,-15.292244055323977,False
2025-04-28,EWR,dep,scheduled_ops,313.0,332.2980406385653,-19.298040638565283,False
2025-04-29,EWR,dep,scheduled_ops,304.0,318.6987573464797,-14.698757346479681,False
2025-04-30,EWR,dep,scheduled_ops,310.0,319.1755297824606,-9.175529782460615,False
2025-05-01,EWR,dep,scheduled_ops,327.0,327.9182958262234,-0.9182958262234138,False
2025-05-02,EWR,dep,scheduled_ops,323.0,330.1616322683384,-7.161632268338394,False
2025-05-03,EWR,dep,scheduled_ops,304.0,286.528248959091,17.471751040908998,False
2025-05-04,EWR,dep,scheduled_ops,324.0,326.8480359845364,-2.848035984536409,False
2025-05-05,EWR,dep,scheduled_ops,324.0,320.7003930249184,3.2996069750815877,False
2025-05-06,EWR,dep,scheduled_ops,312.0,305.5877758657855,6.412224134214512,False
2025-05-07,EWR,dep,scheduled_ops,311.0,300.62092235487734,10.379077645122663,False
2025-05-08,EWR,dep,scheduled_ops,324.0,316.66422642772835,7.335773572271648,False
2025-05-09,EWR,dep,scheduled_ops,324.0,319.51104402037873,4.488955979621267,False
2025-05-10,EWR,dep,scheduled_ops,268.0,269.11523077237507,-1.115230772375071,False
2025-05-11,EWR,dep,scheduled_ops,293.0,311.2247976424274,-18.224797642427404,False
2025-05-12,EWR,dep,scheduled_ops,293.0,318.05065078764426,-25.05065078764426,False
2025-05-13,EWR,dep,scheduled_ops,282.0,300.0073467147933,-18.0073467147933,False
2025-05-14,EWR,dep,scheduled_ops,282.0,299.69004139985975,-17.69004139985975,False
2025-05-15,EWR,dep,scheduled_ops,294.0,316.0508448289438,-22.05084482894381,False
2025-05-16,EWR,dep,scheduled_ops,294.0,319.4419249753963,-25.44192497539632,False
2025-05-17,EWR,dep,scheduled_ops,269.0,268.6334144672585,0.3665855327415102,False
2025-05-18,EWR,dep,scheduled_ops,295.0,310.6114160436428,-15.611416043642805,False
2025-05-19,EWR,dep,scheduled_ops,289.0,316.66422642772835,-27.66422642772835,False
2025-05-20,EWR,dep,scheduled_ops,277.0,299.09141007716056,-22.09141007716056,True
2025-05-21,EWR,dep,scheduled_ops,276.0,299.9533660284953,-23.95336602849528,True
2025-05-22,EWR,dep,scheduled_ops,287.0,316.1187297806415,-29.1187297806415,True
2025-05-23,EWR,dep,scheduled_ops,287.0,316.93279571807636,-29.932795718076363,True
2025-05-24,EWR,dep,scheduled_ops,264.0,271.6647379878897,-7.66473798788968,True
2025-05-25,EWR,dep,scheduled_ops,278.0,300.74122552486716,-22.74122552486716,True
2025-05-26,EWR,dep,scheduled_ops,286.0,317.61529636184326,-31.615296361843264,True
2025-05-27,EWR,dep,scheduled_ops,276.0,303.6194942202931,-27.61949422029312,True
2025-05-28,EWR,dep,scheduled_ops,275.0,299.9586106902079,-24.958610690207877,True
2025-05-29,EWR,dep,scheduled_ops,288.0,316.95421879045847,-28.95421879045847,True
2025-05-30,EWR,dep,scheduled_ops,286.0,316.83740377287575,-30.837403772875746,True
2025-05-31,EWR,dep,scheduled_ops,258.0,271.41635767663905,-13.416357676639052,True
2025-06-01,EWR,dep,scheduled_ops,284.0,312.29268259412504,-28.29268259412504,True
2025-06-02,EWR,dep,scheduled_ops,284.0,317.70564443790823,-33.705644437908234,True
2025-06-03,EWR,dep,scheduled_ops,270.0,297.8106729445708,-27.810672944570797,True
2025-06-04,EWR,dep,scheduled_ops,272.0,296.61503247505607,-24.61503247505607,True
2025-06-05,EWR,dep,scheduled_ops,285.0,309.1949164557971,-24.194916455797113,True
2025-06-06,EWR,dep,scheduled_ops,280.0,310.7541233269841,-30.754123326984086,True
2025-06-07,EWR,dep,scheduled_ops,255.0,278.76391625784873,-23.763916257848734,True
2025-06-08,EWR,dep,scheduled_ops,278.0,307.8526723817875,-29.8526723817875,True
2025-06-09,EWR,dep,scheduled_ops,280.0,310.7064273543838,-30.706427354383777,True
2025-06-10,EWR,dep,scheduled_ops,268.0,293.00204571014797,-25.002045710147968,True
2025-06-11,EWR,dep,scheduled_ops,268.0,289.4102812250451,-21.410281225045082,True
2025-06-12,EWR,dep,scheduled_ops,281.0,309.6868272504624,-28.686827250462386,True
2025-06-13,EWR,dep,scheduled_ops,278.0,307.28422447987685,-29.284224479876855,True
2025-06-14,EWR,dep,scheduled_ops,259.0,281.31198858750173,-22.31198858750173,True
2025-06-15,EWR,dep,scheduled_ops,277.0,303.59983032529976,-26.599830325299763,True
2025-06-16,EWR,dep,scheduled_ops,331.0,307.4271183563783,23.572881643621713,False
2025-06-17,EWR,dep,scheduled_ops,318.0,296.0972436140492,21.902756385950795,False
2025-06-18,EWR,dep,scheduled_ops,323.0,291.1190547690304,31.880945230969587,False
2025-06-19,EWR,dep,scheduled_ops,334.0,310.77717532652724,23.222824673472758,False
2025-06-20,EWR,dep,scheduled_ops,334.0,309.0833460999269,24.916653900073072,False
2025-06-21,EWR,dep,scheduled_ops,302.0,282.97306615888664,19.02693384111336,False
2025-06-22,EWR,dep,scheduled_ops,327.0,304.7641472741832,22.235852725816812,False
2025-06-23,EWR,dep,scheduled_ops,334.0,308.10961900014513,25.89038099985487,False
2025-06-24,EWR,dep,scheduled_ops,323.0,296.24033153185013,26.75966846814987,False
2025-06-25,EWR,dep,scheduled_ops,320.0,291.8492513853976,28.150748614602378,False
2025-06-26,EWR,dep,scheduled_ops,345.0,312.01907688278067,32.980923117219334,False
2025-06-27,EWR,dep,scheduled_ops,343.0,309.828487033679,33.17151296632102,False
2025-06-28,EWR,dep,scheduled_ops,316.0,282.1525214664544,33.8474785335456,False
2025-06-29,EWR,dep,scheduled_ops,338.0,304.00119900260046,33.99880099739954,False
2025-06-30,EWR,dep,scheduled_ops,341.0,305.346864769862,35.65313523013799,False
2025-07-01,EWR,dep,scheduled_ops,335.0,294.7948826165004,40.20511738349961,False
2025-07-02,EWR,dep,scheduled_ops,337.0,291.6158153915317,45.384184608468274,False
2025-07-03,EWR,dep,scheduled_ops,346.0,309.3794223837779,36.62057761622208,False
2025-07-04,EWR,dep,scheduled_ops,294.0,262.2850610498143,31.714938950185683,False
2025-07-05,EWR,dep,scheduled_ops,310.0,278.5557131122158,31.444286887784187,False
2025-07-06,EWR,dep,scheduled_ops,343.0,308.647138215301,34.35286178469897,False
2025-07-07,EWR,dep,scheduled_ops,349.0,310.86104464759495,38.13895535240505,False
2025-07-08,EWR,dep,scheduled_ops,337.0,298.5099408741833,38.490059125816686,False
2025-07-09,EWR,dep,scheduled_ops,336.0,294.0285126516659,41.97148734833411,False
2025-07-10,EWR,dep,scheduled_ops,348.0,313.59124126396216,34.40875873603784,False
2025-07-11,EWR,dep,scheduled_ops,349.0,312.0354560860271,36.964543913972875,False
2025-07-12,EWR,dep,scheduled_ops,316.0,284.56521872658857,31.43478127341143,False
2025-07-13,EWR,dep,scheduled_ops,345.0,307.0963969065016,37.90360309349842,False
2025-07-14,EWR,dep,scheduled_ops,349.0,311.79192560261254,37.20807439738746,False
2025-07-15,EWR,dep,scheduled_ops,337.0,297.14493958664946,39.85506041335054,False
2025-07-16,EWR,dep,scheduled_ops,338.0,294.0285126516659,43.97148734833411,False
2025-07-17,EWR,dep,scheduled_ops,348.0,313.59124126396216,34.40875873603784,False
2025-07-18,EWR,dep,scheduled_ops,349.0,312.08315205862743,36.916847941372566,False
2025-07-19,EWR,dep,scheduled_ops,316.0,284.51752275398826,31.48247724601174,False
2025-07-20,EWR,dep,scheduled_ops,345.0,307.7788975502685,37.22110244973152,False
2025-07-21,EWR,dep,scheduled_ops,349.0,311.79192560261254,37.20807439738746,False
2025-07-22,EWR,dep,scheduled_ops,337.0,297.14493958664946,39.85506041335054,False
2025-07-23,EWR,dep,scheduled_ops,338.0,294.0285126516659,43.97148734833411,False
2025-07-24,EWR,dep,scheduled_ops,348.0,313.59124126396216,34.40875873603784,False
2025-07-25,EWR,dep,scheduled_ops,348.0,310.7181507710936,37.281849228906424,False
2025-07-26,EWR,dep,scheduled_ops,315.0,284.2691424427376,30.730857557262425,False
2025-07-27,EWR,dep,scheduled_ops,345.0,307.7788975502685,37.22110244973152,False
2025-07-28,EWR,dep,scheduled_ops,349.0,311.79192560261254,37.20807439738746,False
2025-07-29,EWR,dep,scheduled_ops,337.0,297.14493958664946,39.85506041335054,False
2025-07-30,EWR,dep,scheduled_ops,338.0,294.02851265166584,43.971487348334165,False
2025-07-31,EWR,dep,scheduled_ops,347.0,313.59124126396216,33.40875873603784,False
2025-08-01,EWR,dep,scheduled_ops,346.0,311.84971606476154,34.15028393523846,False
2025-08-02,EWR,dep,scheduled_ops,308.0,284.51752275398826,23.48247724601174,False
2025-08-03,EWR,dep,scheduled_ops,341.0,307.15903719648674,33.840962803513264,False
2025-08-04,EWR,dep,scheduled_ops,347.0,311.8068699199974,35.19313008000262,False
2025-08-05,EWR,dep,scheduled_ops,335.0,295.66149435437165,39.338505645628345,False
2025-08-06,EWR,dep,scheduled_ops,333.0,284.77765740256825,48.22234259743175,False
2025-08-07,EWR,dep,scheduled_ops,346.0,306.43558391876576,39.56441608123424,False
2025-08-08,EWR,dep,scheduled_ops,344.0,303.948917785813,40.05108221418698,False
2025-08-09,EWR,dep,scheduled_ops,307.0,266.34770400788256,40.652295992117445,False
2025-08-10,EWR,dep,scheduled_ops,341.0,298.21702169993523,42.78297830006477,False
2025-08-11,EWR,dep,scheduled_ops,345.0,301.0806771207806,43.91932287921941,False
2025-08-12,EWR,dep,scheduled_ops,333.0,284.38618917351664,48.61381082648336,False
2025-08-13,EWR,dep,scheduled_ops,331.0,281.4981543632632,49.50184563673679,False
2025-08-14,EWR,dep,scheduled_ops,346.0,306.13950763491476,39.860492365085236,False
2025-08-15,EWR,dep,scheduled_ops,345.0,301.80602390931165,43.19397609068835,False
2025-08-16,EWR,dep,scheduled_ops,310.0,268.9495629825341,41.050437017465924,False
2025-08-17,EWR,dep,scheduled_ops,340.0,296.94236848846634,43.05763151153366,False
2025-08-18,EWR,dep,scheduled_ops,344.0,301.08067712078054,42.919322879219465,False
2025-08-19,EWR,dep,scheduled_ops,335.0,278.9833856103543,56.016614389645724,False
2025-08-20,EWR,dep,scheduled_ops,334.0,279.45852911917405,54.541470880825955,False
2025-08-21,EWR,dep,scheduled_ops,346.0,302.49600640641387,43.50399359358613,False
2025-08-22,EWR,dep,scheduled_ops,346.0,300.21021865341106,45.78978134658894,False
2025-08-23,EWR,dep,scheduled_ops,320.0,267.8769920419299,52.123007958070104,False
2025-08-24,EWR,dep,scheduled_ops,345.0,295.8598970996131,49.14010290038692,False
2025-08-25,EWR,dep,scheduled_ops,347.0,298.7118291037486,48.288170896251415,False
2025-08-26,EWR,dep,scheduled_ops,335.0,277.54907123653845,57.45092876346155,False
2025-08-27,EWR,dep,scheduled_ops,334.0,279.38941007419163,54.61058992580837,False
2025-08-28,EWR,dep,scheduled_ops,346.0,301.38423525796685,44.61576474203315,False
2025-08-29,EWR,dep,scheduled_ops,348.0,298.9143364108597,49.085663589140324,False
2025-08-30,EWR,dep,scheduled_ops,317.0,263.82464028279287,53.17535971720713,False
2025-08-31,EWR,dep,scheduled_ops,315.0,282.0672911882072,32.93270881179279,False
2025-09-01,EWR,dep,scheduled_ops,348.0,299.7856039352676,48.2143960647324,False
2025-09-02,EWR,dep,scheduled_ops,338.0,277.73985512693974,60.260144873060256,False
2025-09-03,EWR,dep,scheduled_ops,325.0,263.5700363808341,61.4299636191659,False
2025-09-04,EWR,dep,scheduled_ops,345.0,281.98804139689116,63.01195860310884,False
2025-09-05,EWR,dep,scheduled_ops,344.0,287.80839204802373,56.191607951976266,False
2025-09-06,EWR,dep,scheduled_ops,268.0,232.94541947440845,35.05458052559155,False
2025-09-07,EWR,dep,scheduled_ops,347.0,279.1445749551431,67.85542504485687,False
2025-09-08,EWR,dep,scheduled_ops,346.0,287.7012766861134,58.298723313886626,False
2025-09-09,EWR,dep,scheduled_ops,325.0,259.803860457299,65.19613954270102,False
2025-09-10,EWR,dep,scheduled_ops,325.0,261.98292768226776,63.01707231773224,False
2025-09-11,EWR,dep,scheduled_ops,347.0,287.01249132864876,59.987508671351236,False
2025-09-12,EWR,dep,scheduled_ops,346.0,289.7590671482623,56.24093285173768,False
2025-09-13,EWR,dep,scheduled_ops,270.0,232.1639111508896,37.83608884911041,False
2025-09-14,EWR,dep,scheduled_ops,350.0,280.8468697441311,69.15313025586892,False
2025-09-15,EWR,dep,scheduled_ops,346.0,289.673374858734,56.32662514126599,False
2025-09-16,EWR,dep,scheduled_ops,328.0,261.0457620135524,66.9542379864476,False
2025-09-17,EWR,dep,scheduled_ops,327.0,262.5423285947543,64.45767140524572,False
2025-09-18,EWR,dep,scheduled_ops,348.0,286.3299906848818,61.67000931511819,False
2025-09-19,EWR,dep,scheduled_ops,345.0,289.3249468157461,55.6750531842539,False
2025-09-20,EWR,dep,scheduled_ops,270.0,232.1639111508896,37.83608884911041,False
2025-09-21,EWR,dep,scheduled_ops,349.0,280.8468697441311,68.15313025586892,False
2025-09-22,EWR,dep,scheduled_ops,346.0,289.673374858734,56.32662514126599,False
2025-09-23,EWR,dep,scheduled_ops,329.0,261.0457620135524,67.9542379864476,False
2025-09-24,EWR,dep,scheduled_ops,325.0,263.22482923852124,61.77517076147876,False
2025-09-25,EWR,dep,scheduled_ops,352.0,286.907198935199,65.092801064801,False
2025-09-26,EWR,dep,scheduled_ops,349.0,290.426817515944,58.57318248405602,False
2025-09-27,EWR,dep,scheduled_ops,272.0,233.83651134640732,38.16348865359268,False
2025-09-28,EWR,dep,scheduled_ops,351.0,279.6051622291772,71.39483777082279,False
2025-09-29,EWR,dep,scheduled_ops,351.0,290.34112522641567,60.65887477358433,False
2025-09-30,EWR,dep,scheduled_ops,333.0,261.9618926924847,71.0381073075153,False
2025-10-01,EWR,dep,scheduled_ops,333.0,263.527578318669,69.47242168133101,False
2025-10-02,EWR,dep,scheduled_ops,353.0,286.5799931720164,66.42000682798363,False
2025-10-03,EWR,dep,scheduled_ops,349.0,290.35284189184813,58.64715810815187,False
2025-10-04,EWR,dep,scheduled_ops,293.0,233.9482757435771,59.05172425642289,False
2025-10-05,EWR,dep,scheduled_ops,351.0,279.5196639809484,71.4803360190516,False
2025-10-06,EWR,dep,scheduled_ops,352.0,308.32985973779245,43.67014026220755,False
2025-10-07,EWR,dep,scheduled_ops,341.0,279.764887182596,61.235112817404,False
2025-10-08,EWR,dep,scheduled_ops,331.0,280.3568457089985,50.64315429100151,False
2025-10-09,EWR,dep,scheduled_ops,352.0,307.2346618338914,44.76533816610862,False
2025-10-10,EWR,dep,scheduled_ops,352.0,309.32500990995635,42.67499009004365,False
2025-10-11,EWR,dep,scheduled_ops,296.0,259.53200239200913,36.46799760799087,False
2025-10-12,EWR,dep,scheduled_ops,349.0,302.7383893418465,46.26161065815347,False
2025-10-13,EWR,dep,scheduled_ops,351.0,309.2607406928101,41.73925930718991,False
2025-10-14,EWR,dep,scheduled_ops,341.0,279.7911600828142,61.2088399171858,False
2025-10-15,EWR,dep,scheduled_ops,340.0,281.10846539774775,58.89153460225225,False
2025-10-16,EWR,dep,scheduled_ops,352.0,306.9862815226407,45.013718477359305,False
2025-10-17,EWR,dep,scheduled_ops,352.0,308.3727058825566,43.6272941174434,False
2025-10-18,EWR,dep,scheduled_ops,295.0,257.2623930496759,37.73760695032411,False
2025-10-19,EWR,dep,scheduled_ops,351.0,301.80750838682894,49.19249161317106,False
2025-10-20,EWR,dep,scheduled_ops,352.0,306.96485845025865,45.035141549741354,False
2025-10-21,EWR,dep,scheduled_ops,341.0,279.7434641102139,61.25653588978611,False
2025-10-22,EWR,dep,scheduled_ops,338.0,281.0393463527654,56.96065364723461,False
2025-10-23,EWR,dep,scheduled_ops,352.0,305.62128023510684,46.37871976489316,False
2025-10-24,EWR,dep,scheduled_ops,351.0,305.59500733488863,45.404992665111365,False
2025-10-25,EWR,dep,scheduled_ops,295.0,257.23612014945763,37.76387985054237,False
2025-10-26,EWR,dep,scheduled_ops,359.0,300.4475509684308,58.55244903156921,False
2025-10-27,EWR,dep,scheduled_ops,361.0,312.68333164991606,48.316668350083944,False
2025-10-28,EWR,dep,scheduled_ops,345.0,280.0906513086397,64.90934869136032,False
2025-10-29,EWR,dep,scheduled_ops,346.0,284.79903677002574,61.20096322997426,False
2025-10-30,EWR,dep,scheduled_ops,356.0,309.6245011357818,46.37549886421817,False
2025-10-31,EWR,dep,scheduled_ops,348.0,296.61861125596005,51.38138874403995,False
2025-11-01,EWR,dep,scheduled_ops,275.0,253.53906327090493,21.460936729095067,False
2025-11-02,EWR,dep,scheduled_ops,359.0,318.1141303370377,40.88586966296231,False
2025-11-03,EWR,dep,scheduled_ops,363.0,322.69892793668663,40.30107206331337,False
2025-11-04,EWR,dep,scheduled_ops,355.0,305.63439483275334,49.365605167246656,False
2025-11-05,EWR,dep,scheduled_ops,352.0,307.8676367853197,44.13236321468031,False
2025-11-06,EWR,dep,scheduled_ops,366.0,325.9849097309891,40.0150902690109,False
2025-11-07,EWR,dep,scheduled_ops,362.0,325.256342041783,36.743657958217,False
2025-11-08,EWR,dep,scheduled_ops,284.0,290.8421158809572,-6.842115880957181,False
2025-11-09,EWR,dep,scheduled_ops,362.0,324.68808073303256,37.311919266967436,False
2025-11-10,EWR,dep,scheduled_ops,364.0,330.37455499157994,33.62544500842006,False
2025-11-11,EWR,dep,scheduled_ops,357.0,310.0454631657264,46.9545368342736,False
2025-11-12,EWR,dep,scheduled_ops,352.0,309.7279638094932,42.27203619050681,False
2025-11-13,EWR,dep,scheduled_ops,364.0,330.5127930815448,33.48720691845517,False
2025-11-14,EWR,dep,scheduled_ops,362.0,329.7991697097235,32.200830290276485,False
2025-11-15,EWR,dep,scheduled_ops,284.0,294.095346020044,-10.095346020044019,False
2025-11-16,EWR,dep,scheduled_ops,361.0,326.78327863693363,34.21672136306637,False
2025-11-17,EWR,dep,scheduled_ops,363.0,329.45357448481144,33.54642551518856,False
2025-11-18,EWR,dep,scheduled_ops,354.0,310.0454631657264,43.9545368342736,False
2025-11-19,EWR,dep,scheduled_ops,352.0,310.4367373534784,41.56326264652159,False
2025-11-20,EWR,dep,scheduled_ops,369.0,331.16902082509347,37.83097917490653,False
2025-11-21,EWR,dep,scheduled_ops,367.0,334.0964800868593,32.90351991314071,False
2025-11-22,EWR,dep,scheduled_ops,339.0,311.1902128811411,27.80978711885888,False
2025-11-23,EWR,dep,scheduled_ops,370.0,334.65636912980233,35.34363087019767,False
2025-11-24,EWR,dep,scheduled_ops,372.0,338.7407903723986,33.25920962760142,False
2025-11-25,EWR,dep,scheduled_ops,372.0,335.8840723314991,36.11592766850089,False
2025-11-26,EWR,dep,scheduled_ops,369.0,338.5876012137717,30.412398786228323,False
2025-11-27,EWR,dep,scheduled_ops,191.0,188.83125049266923,2.168749507330773,False
2025-11-28,EWR,dep,scheduled_ops,343.0,297.3635775163109,45.6364224836891,False
2025-11-29,EWR,dep,scheduled_ops,348.0,335.1864064916226,12.81359350837738,False
2025-11-30,EWR,dep,scheduled_ops,372.0,342.3716214287847,29.628378571215308,False
2025-12-01,EWR,dep,scheduled_ops,377.0,339.57305173026333,37.42694826973667,False
2025-12-02,EWR,dep,scheduled_ops,355.0,322.0299367244429,32.970063275557095,False
2025-12-03,EWR,dep,scheduled_ops,355.0,315.4314994430431,39.568500556956906,False
2025-12-04,EWR,dep,scheduled_ops,360.0,330.7399511129901,29.260048887009873,False
2025-12-05,EWR,dep,scheduled_ops,360.0,333.4699536880578,26.530046311942215,False
2025-12-06,EWR,dep,scheduled_ops,295.0,296.67597596361304,-1.6759759636130411,False
2025-12-07,EWR,dep,scheduled_ops,358.0,330.1268568520853,27.873143147914675,False
2025-12-08,EWR,dep,scheduled_ops,361.0,333.45338044351183,27.546619556488167,False
2025-12-09,EWR,dep,scheduled_ops,348.0,315.0139523550728,32.986047644927226,False
2025-12-10,EWR,dep,scheduled_ops,346.0,315.3838034704428,30.616196529557214,False
2025-12-11,EWR,dep,scheduled_ops,360.0,331.44872465697534,28.551275343024656,False
2025-12-12,EWR,dep,scheduled_ops,360.0,334.39093419482634,25.609065805173657,False
2025-12-13,EWR,dep,scheduled_ops,294.0,296.44901872474446,-2.4490187247444624,False
2025-12-14,EWR,dep,scheduled_ops,358.0,329.44435620831837,28.555643791681632,False
2025-12-15,EWR,dep,scheduled_ops,361.0,332.1098022283601,28.89019777163992,False
2025-12-16,EWR,dep,scheduled_ops,349.0,314.3791476839062,34.62085231609382,False
2025-12-17,EWR,dep,scheduled_ops,346.0,314.6536068540756,31.346393145924424,False
2025-12-18,EWR,dep,scheduled_ops,348.0,340.3135738311258,7.68642616887422,False
2025-12-19,EWR,dep,scheduled_ops,351.0,347.3964963967884,3.603503603211607,False
2025-12-20,EWR,dep,scheduled_ops,329.0,340.2953743275014,-11.295374327501406,False
2025-12-21,EWR,dep,scheduled_ops,344.0,338.2396579149078,5.760342085092191,False
2025-12-22,EWR,dep,scheduled_ops,344.0,340.1541664179563,3.845833582043724,False
2025-12-23,EWR,dep,scheduled_ops,341.0,332.1911159316217,8.80888406837829,False
2025-12-24,EWR,dep,scheduled_ops,314.0,250.3978150213797,63.6021849786203,False
2025-12-25,EWR,dep,scheduled_ops,319.0,228.30361752634636,90.69638247365364,False
2025-12-26,EWR,dep,scheduled_ops,343.0,335.5411091106986,7.458890889301415,False
2025-12-27,EWR,dep,scheduled_ops,330.0,340.4306788546708,-10.430678854670816,False
2025-12-28,EWR,dep,scheduled_ops,342.0,335.2397881651351,6.76021183486489,False
2025-12-29,EWR,dep,scheduled_ops,344.0,336.20218668208344,7.797813317916564,False
2025-12-30,EWR,dep,scheduled_ops,341.0,336.18561343753754,4.8143865624624596,False
2025-12-31,EWR,dep,scheduled_ops,319.0,303.0117640368558,15.988235963144177,False
2025-01-01,EWR,dep,cancel_rate,0.0,3.544372201751513e-18,-3.544372201751513e-18,False
2025-01-02,EWR,dep,cancel_rate,0.0029069767441860465,0.002370758998924749,0.0005362177452612974,False
2025-01-03,EWR,dep,cancel_rate,0.0029411764705882353,0.0007373442159177013,0.002203832254670534,False
2025-01-04,EWR,dep,cancel_rate,0.009287925696594427,0.0052153172703005134,0.0040726084262939135,False
2025-01-05,EWR,dep,cancel_rate,0.02586206896551724,0.03760077608868513,-0.01173870712316789,False
2025-01-06,EWR,dep,cancel_rate,0.03197674418604651,0.09950650358411141,-0.0675297593980649,False
2025-01-07,EWR,dep,cancel_rate,0.0030211480362537764,0.03786822014403086,-0.03484707210777708,False
2025-01-08,EWR,dep,cancel_rate,0.0,0.012405037900792929,-0.012405037900792929,False
2025-01-09,EWR,dep,cancel_rate,0.03293413173652695,0.04876603470702558,-0.015831902970498628,False
2025-01-10,EWR,dep,cancel_rate,0.06606606606606606,0.11535727231783496,-0.0492912062517689,False
2025-01-11,EWR,dep,cancel_rate,0.006779661016949152,0.05317142268932099,-0.04639176167237184,False
2025-01-12,EWR,dep,cancel_rate,0.0,0.004586738356378656,-0.004586738356378656,False
2025-01-13,EWR,dep,cancel_rate,0.0,0.001767323726682553,-0.001767323726682553,False
2025-01-14,EWR,dep,cancel_rate,0.0,5.84973390481771e-19,-5.84973390481771e-19,False
2025-01-15,EWR,dep,cancel_rate,0.0,3.1405076628719377e-06,-3.1405076628719377e-06,False
2025-01-16,EWR,dep,cancel_rate,0.0,2.364693604735411e-18,-2.364693604735411e-18,False
2025-01-17,EWR,dep,cancel_rate,0.0030120481927710845,3.824468908662229e-18,0.0030120481927710806,False
2025-01-18,EWR,dep,cancel_rate,0.0,0.0,0.0,False
2025-01-19,EWR,dep,cancel_rate,0.2621951219512195,0.1612444103159058,0.10095071163531372,False
2025-01-20,EWR,dep,cancel_rate,0.03283582089552239,0.02534267225355057,0.0074931486419718175,False
2025-01-21,EWR,dep,cancel_rate,0.062111801242236024,0.0696020955220738,-0.0074902942798377795,False
2025-01-22,EWR,dep,cancel_rate,0.05625,0.04364815750003179,0.012601842499968215,False
2025-01-23,EWR,dep,cancel_rate,0.020958083832335328,0.016552560624568113,0.004405523207767215,False
2025-01-24,EWR,dep,cancel_rate,0.006024096385542169,0.0002692091347660467,0.005754887250776122,False
2025-01-25,EWR,dep,cancel_rate,0.0,0.0,0.0,False
2025-01-26,EWR,dep,cancel_rate,0.0,0.00016935197155459528,-0.00016935197155459528,False
2025-01-27,EWR,dep,cancel_rate,0.0,0.004550540835070481,-0.004550540835070481,False
2025-01-28,EWR,dep,cancel_rate,0.0,8.662794723375498e-20,-8.662794723375498e-20,False
2025-01-29,EWR,dep,cancel_rate,0.0,0.0030037980901337718,-0.0030037980901337718,False
2025-01-30,EWR,dep,cancel_rate,0.008982035928143712,0.031659036174825794,-0.02267700024668208,False
2025-01-31,EWR,dep,cancel_rate,0.0,0.011393664903657057,-0.011393664903657057,False
2025-02-01,EWR,dep,cancel_rate,0.0,0.012276349162727894,-0.012276349162727894,False
2025-02-02,EWR,dep,cancel_rate,0.0030303030303030303,0.00039023027514451333,0.002640072755158517,False
2025-02-03,EWR,dep,cancel_rate,0.0029850746268656717,0.005290848781819586,-0.0023057741549539147,False
2025-02-04,EWR,dep,cancel_rate,0.0,0.002560240533210786,-0.002560240533210786,False
2025-02-05,EWR,dep,cancel_rate,0.0,0.0038148539682000024,-0.0038148539682000024,False
2025-02-06,EWR,dep,cancel_rate,0.02976190476190476,0.041887740016915226,-0.012125835255010466,False
2025-02-07,EWR,dep,cancel_rate,0.002967359050445104,0.004750240158237417,-0.0017828811077923133,False
2025-02-08,EWR,dep,cancel_rate,0.0711864406779661,0.03706545650673611,0.034120984171229995,False
2025-02-09,EWR,dep,cancel_rate,0.036585365853658534,0.031341073499825074,0.00524429235383346,False
2025-02-10,EWR,dep,cancel_rate,0.0,4.3799995448976125e-18,-4.3799995448976125e-18,False
2025-02-11,EWR,dep,cancel_rate,0.0,0.014571389718779306,-0.014571389718779306,False
2025-02-12,EWR,dep,cancel_rate,0.003076923076923077,0.029646484325676924,-0.026569561248753846,False
2025-02-13,EWR,dep,cancel_rate,0.011267605633802818,0.00903751175180008,0.002230093882002737,False
2025-02-14,EWR,dep,cancel_rate,0.0,0.00653154857402132,-0.00653154857402132,False
2025-02-15,EWR,dep,cancel_rate,0.009584664536741214,0.012259942453005953,-0.0026752779162647396,False
2025-02-16,EWR,dep,cancel_rate,0.09855072463768116,0.17988260213081855,-0.08133187749313739,False
2025-02-17,EWR,dep,cancel_rate,0.05084745762711865,0.07359478091446103,-0.022747323287342386,False
2025-02-18,EWR,dep,cancel_rate,0.0,0.010350554475802583,-0.010350554475802583,False
2025-02-19,EWR,dep,cancel_rate,0.008849557522123894,0.02517134956705598,-0.016321792044932087,False
2025-02-20,EWR,dep,cancel_rate,0.0,0.015580635436752081,-0.015580635436752081,False
2025-02-21,EWR,dep,cancel_rate,0.0,0.0009495894086419465,-0.0009495894086419465,False
2025-02-22,EWR,dep,cancel_rate,0.0,6.18839981826153e-06,-6.18839981826153e-06,False
2025-02-23,EWR,dep,cancel_rate,0.0,7.878507420837906e-05,-7.878507420837906e-05,False
2025-02-24,EWR,dep,cancel_rate,0.002824858757062147,0.0005714516380622625,0.0022534071189998844,False
2025-02-25,EWR,dep,cancel_rate,0.002881844380403458,0.0005297556592016712,0.0023520887212017867,False
2025-02-26,EWR,dep,cancel_rate,0.0,1.205364559901078e-05,-1.205364559901078e-05,False
2025-02-27,EWR,dep,cancel_rate,0.0,0.005872360898054806,-0.005872360898054806,False
2025-02-28,EWR,dep,cancel_rate,0.0,0.0009181945094928483,-0.0009181945094928483,False
2025-03-01,EWR,dep,cancel_rate,0.0,0.001103521429999695,-0.001103521429999695,False
2025-03-02,EWR,dep,cancel_rate,0.0,0.004074931707963945,-0.004074931707963945,False
2025-03-03,EWR,dep,cancel_rate,0.005649717514124294,7.344393676027769e-05,0.0055762735773640165,False
2025-03-04,EWR,dep,cancel_rate,0.0,0.013847220966693377,-0.013847220966693377,False
2025-03-05,EWR,dep,cancel_rate,0.044642857142857144,0.057128488214535963,-0.01248563107167882,False
2025-03-06,EWR,dep,cancel_rate,0.0,0.006587711942896351,-0.006587711942896351,False
2025-03-07,EWR,dep,cancel_rate,0.0,0.0050220087657391116,-0.0050220087657391116,False
2025-03-08,EWR,dep,cancel_rate,0.0,0.00039721787374510584,-0.00039721787374510584,False
2025-03-09,EWR,dep,cancel_rate,0.014367816091954023,0.001156838942048831,0.013210977149905191,False
2025-03-10,EWR,dep,cancel_rate,0.0,0.0052734250152476295,-0.0052734250152476295,False
2025-03-11,EWR,dep,cancel_rate,0.0,0.008204013855558143,-0.008204013855558143,False
2025-03-12,EWR,dep,cancel_rate,0.0,7.869112950717708e-06,-7.869112950717708e-06,False
2025-03-13,EWR,dep,cancel_rate,0.002824858757062147,0.002095565668941467,0.0007292930881206798,False
2025-03-14,EWR,dep,cancel_rate,0.0028169014084507044,0.01244152909534777,-0.009624627686897065,False
2025-03-15,EWR,dep,cancel_rate,0.04966887417218543,0.009722179831494466,0.03994669434069096,False
2025-03-16,EWR,dep,cancel_rate,0.028735632183908046,0.04485710858675737,-0.016121476402849326,False
2025-03-17,EWR,dep,cancel_rate,0.008450704225352112,0.015521787082855041,-0.007071082857502929,False
2025-03-18,EWR,dep,cancel_rate,0.0,0.005353906841414114,-0.005353906841414114,False
2025-03-19,EWR,dep,cancel_rate,0.0,0.009782855162085359,-0.009782855162085359,False
2025-03-20,EWR,dep,cancel_rate,0.0,0.0011697203422080514,-0.0011697203422080514,False
2025-03-21,EWR,dep,cancel_rate,0.0,0.0008252592860356269,-0.0008252592860356269,False
2025-03-22,EWR,dep,cancel_rate,0.0,0.004290548627846252,-0.004290548627846252,False
2025-03-23,EWR,dep,cancel_rate,0.0,5.7820184572850886e-18,-5.7820184572850886e-18,False
2025-03-24,EWR,dep,cancel_rate,0.0,6.773973609542877e-05,-6.773973609542877e-05,False
2025-03-25,EWR,dep,cancel_rate,0.0,0.004139943760959369,-0.004139943760959369,False
2025-03-26,EWR,dep,cancel_rate,0.0,2.7670941092818595e-18,-2.7670941092818595e-18,False
2025-03-27,EWR,dep,cancel_rate,0.0,7.719977030803166e-06,-7.719977030803166e-06,False
2025-03-28,EWR,dep,cancel_rate,0.002785515320334262,0.0003396728067955651,0.002445842513538697,False
2025-03-29,EWR,dep,cancel_rate,0.0,0.0042648604002619205,-0.0042648604002619205,False
2025-03-30,EWR,dep,cancel_rate,0.00911854103343465,0.022817903116126304,-0.013699362082691654,False
2025-03-31,EWR,dep,cancel_rate,0.11176470588235295,0.08923936638682167,0.022525339495531274,False
2025-04-01,EWR,dep,cancel_rate,0.018072289156626505,0.032511995531918,-0.014439706375291492,False
2025-04-02,EWR,dep,cancel_rate,0.01812688821752266,0.029441269973625138,-0.011314381756102478,False
2025-04-03,EWR,dep,cancel_rate,0.002976190476190476,0.01866269076458973,-0.015686500288399255,False
2025-04-04,EWR,dep,cancel_rate,0.0029850746268656717,0.0019527038968486631,0.0010323707300170086,False
2025-04-05,EWR,dep,cancel_rate,0.009933774834437087,0.006587473948914785,0.0033463008855223013,False
2025-04-06,EWR,dep,cancel_rate,0.006024096385542169,0.008138445677145884,-0.002114349291603715,False
2025-04-07,EWR,dep,cancel_rate,0.014925373134328358,0.0014696761804142955,0.013455696953914062,False
2025-04-08,EWR,dep,cancel_rate,0.0030303030303030303,0.007063666124139386,-0.004033363093836355,False
2025-04-09,EWR,dep,cancel_rate,0.0,4.6072029590959856e-18,-4.6072029590959856e-18,False
2025-04-10,EWR,dep,cancel_rate,0.0,0.001502226496067097,-0.001502226496067097,False
2025-04-11,EWR,dep,cancel_rate,0.0,0.009785024781223568,-0.009785024781223568,False
2025-04-12,EWR,dep,cancel_rate,0.0,0.004474828942637217,-0.004474828942637217,False
2025-04-13,EWR,dep,cancel_rate,0.0,0.0010115184491675967,-0.0010115184491675967,False
2025-04-14,EWR,dep,cancel_rate,0.0,0.001848268354515796,-0.001848268354515796,False
2025-04-15,EWR,dep,cancel_rate,0.0,4.5014618199023654e-18,-4.5014618199023654e-18,False
2025-04-16,EWR,dep,cancel_rate,0.0,0.0012683891277605846,-0.0012683891277605846,False
2025-04-17,EWR,dep,cancel_rate,0.0031746031746031746,2.0128363993738625e-18,0.0031746031746031724,False
2025-04-18,EWR,dep,cancel_rate,0.015873015873015872,0.003651901758540903,0.01222111411447497,False
2025-04-19,EWR,dep,cancel_rate,0.003484320557491289,0.0012097815745618725,0.0022745389829294167,False
2025-04-20,EWR,dep,cancel_rate,0.06896551724137931,0.004933139990582738,0.06403237725079657,False
2025-04-21,EWR,dep,cancel_rate,0.03821656050955414,0.0015561463323569209,0.03666041417719722,False
2025-04-22,EWR,dep,cancel_rate,0.0,0.0008359773917881311,-0.0008359773917881311,False
2025-04-23,EWR,dep,cancel_rate,0.0,0.00010452731922992096,-0.00010452731922992096,False
2025-04-24,EWR,dep,cancel_rate,0.006369426751592357,0.008072050225427814,-0.0017026234738354573,False
2025-04-25,EWR,dep,cancel_rate,0.0031847133757961785,0.0006729142573021646,0.002511799118494014,False
2025-04-26,EWR,dep,cancel_rate,0.041666666666666664,0.015219621447474766,0.026447045219191896,False
2025-04-27,EWR,dep,cancel_rate,0.025236593059936908,0.004508177059203274,0.020728416000733635,False
2025-04-28,EWR,dep,cancel_rate,0.1597444089456869,0.00919689701237905,0.15054751193330784,False
2025-04-29,EWR,dep,cancel_rate,0.023026315789473683,1.0900935689303654e-05,0.023015414853784378,False
2025-04-30,EWR,dep,cancel_rate,0.035483870967741936,0.011530388509528476,0.02395348245821346,False
2025-05-01,EWR,dep,cancel_rate,0.22935779816513763,0.01817203909879223,0.2111857590663454,False
2025-05-02,EWR,dep,cancel_rate,0.02476780185758514,0.013003410729583855,0.011764391128001286,False
2025-05-03,EWR,dep,cancel_rate,0.10855263157894737,0.00613633031269871,0.10241630126624866,False
2025-05-04,EWR,dep,cancel_rate,0.15123456790123457,0.005738661112971389,0.14549590678826319,False
2025-05-05,EWR,dep,cancel_rate,0.17592592592592593,0.05621036268734688,0.11971556323857904,False
2025-05-06,EWR,dep,cancel_rate,0.15384615384615385,0.045483411743149564,0.10836274210300428,False
2025-05-07,EWR,dep,cancel_rate,0.09003215434083602,0.009615679077971404,0.0804164752628646,False
2025-05-08,EWR,dep,cancel_rate,0.043209876543209874,0.008638955254143954,0.03457092128906592,False
2025-05-09,EWR,dep,cancel_rate,0.14814814814814814,0.01744979662826045,0.13069835151988768,False
2025-05-10,EWR,dep,cancel_rate,0.007462686567164179,3.632259912328138e-18,0.0074626865671641755,False
2025-05-11,EWR,dep,cancel_rate,0.0034129692832764505,2.2496229545368173e-18,0.0034129692832764484,False
2025-05-12,EWR,dep,cancel_rate,0.010238907849829351,0.0059286431132678915,0.00431026473656146,False
2025-05-13,EWR,dep,cancel_rate,0.0,0.0007584542052643047,-0.0007584542052643047,False
2025-05-14,EWR,dep,cancel_rate,0.0425531914893617,0.03235969557291464,0.010193495916447061,False
2025-05-15,EWR,dep,cancel_rate,0.0782312925170068,0.0068108997274532075,0.0714203927895536,False
2025-05-16,EWR,dep,cancel_rate,0.10884353741496598,0.09899071642337036,0.009852820991595623,False
2025-05-17,EWR,dep,cancel_rate,0.01486988847583643,0.021586325673485323,-0.0067164371976488925,False
2025-05-18,EWR,dep,cancel_rate,0.003389830508474576,0.00019448864528596554,0.003195341863188611,False
2025-05-19,EWR,dep,cancel_rate,0.0034602076124567475,0.005713426574844736,-0.0022532189623879883,False
2025-05-20,EWR,dep,cancel_rate,0.010830324909747292,0.0030505763733470006,0.007779748536400292,True
2025-05-21,EWR,dep,cancel_rate,0.0036231884057971015,1.5180631361608834e-18,0.0036231884057970998,True
2025-05-22,EWR,dep,cancel_rate,0.017421602787456445,0.006636148214637364,0.01078545457281908,True
2025-05-23,EWR,dep,cancel_rate,0.0,0.002431119170544004,-0.002431119170544004,True
2025-05-24,EWR,dep,cancel_rate,0.0,7.359053556058175e-05,-7.359053556058175e-05,True
2025-05-25,EWR,dep,cancel_rate,0.0,0.00010217366933406692,-0.00010217366933406692,True
2025-05-26,EWR,dep,cancel_rate,0.0,0.005706271063328651,-0.005706271063328651,True
2025-05-27,EWR,dep,cancel_rate,0.0036231884057971015,0.0005020816172517672,0.0031211067885453343,True
2025-05-28,EWR,dep,cancel_rate,0.0,0.0008162261471673975,-0.0008162261471673975,True
2025-05-29,EWR,dep,cancel_rate,0.0,7.677183366553147e-06,-7.677183366553147e-06,True
2025-05-30,EWR,dep,cancel_rate,0.006993006993006993,0.004303143687126175,0.002689863305880818,True
2025-05-31,EWR,dep,cancel_rate,0.003875968992248062,0.00023340495226529889,0.0036425640399827632,True
2025-06-01,EWR,dep,cancel_rate,0.0,0.004328369870044055,-0.004328369870044055,True
2025-06-02,EWR,dep,cancel_rate,0.007042253521126761,0.008855335461339965,-0.0018130819402132044,True
2025-06-03,EWR,dep,cancel_rate,0.0,0.0003509860118175682,-0.0003509860118175682,True
2025-06-04,EWR,dep,cancel_rate,0.003676470588235294,1.815070995642931e-18,0.0036764705882352923,True
2025-06-05,EWR,dep,cancel_rate,0.0,0.0011677099944516194,-0.0011677099944516194,True
2025-06-06,EWR,dep,cancel_rate,0.0035714285714285713,0.04445475672263726,-0.04088332815120869,True
2025-06-07,EWR,dep,cancel_rate,0.0,0.002801093375583838,-0.002801093375583838,True
2025-06-08,EWR,dep,cancel_rate,0.0035971223021582736,0.006757388730057402,-0.0031602664278991286,True
2025-06-09,EWR,dep,cancel_rate,0.0035714285714285713,0.006117482422807058,-0.0025460538513784868,True
2025-06-10,EWR,dep,cancel_rate,0.011194029850746268,0.010785577253394442,0.0004084525973518261,True
2025-06-11,EWR,dep,cancel_rate,0.0,0.009460319182375235,-0.009460319182375235,True
2025-06-12,EWR,dep,cancel_rate,0.0071174377224199285,0.004477856893360147,0.0026395808290597816,True
2025-06-13,EWR,dep,cancel_rate,0.01079136690647482,0.004412746306497981,0.00637862059997684,True
2025-06-14,EWR,dep,cancel_rate,0.007722007722007722,0.002013480626503876,0.005708527095503846,True
2025-06-15,EWR,dep,cancel_rate,0.0036101083032490976,0.01445531705105696,-0.010845208747807863,True
2025-06-16,EWR,dep,cancel_rate,0.0030211480362537764,0.010508227151211524,-0.007487079114957748,False
2025-06-17,EWR,dep,cancel_rate,0.0,0.026554585659528167,-0.026554585659528167,False
2025-06-18,EWR,dep,cancel_rate,0.0030959752321981426,0.05310037312760168,-0.050004397895403535,False
2025-06-19,EWR,dep,cancel_rate,0.09580838323353294,0.11663356581437592,-0.020825182580842982,False
2025-06-20,EWR,dep,cancel_rate,0.011976047904191617,0.03099098792488573,-0.019014940020694114,False
2025-06-21,EWR,dep,cancel_rate,0.06291390728476821,0.010099677730618947,0.052814229554149265,False
2025-06-22,EWR,dep,cancel_rate,0.03363914373088685,0.0229208886390909,0.010718255091795949,False
2025-06-23,EWR,dep,cancel_rate,0.0029940119760479044,0.0017634001198660772,0.0012306118561818272,False
2025-06-24,EWR,dep,cancel_rate,0.0,0.0004178757414276635,-0.0004178757414276635,False
2025-06-25,EWR,dep,cancel_rate,0.0125,0.04216853745408488,-0.02966853745408488,False
2025-06-26,EWR,dep,cancel_rate,0.03768115942028986,0.07787802603778293,-0.040196866617493075,False
2025-06-27,EWR,dep,cancel_rate,0.08454810495626822,0.0864301928494535,-0.0018820878931852802,False
2025-06-28,EWR,dep,cancel_rate,0.0981012658227848,0.07296018934660951,0.025141076476175292,False
2025-06-29,EWR,dep,cancel_rate,0.008875739644970414,0.010631294322730658,-0.0017555546777602432,False
2025-06-30,EWR,dep,cancel_rate,0.13196480938416422,0.10937425616089239,0.02259055322327183,False
2025-07-01,EWR,dep,cancel_rate,0.21492537313432836,0.1690205784992034,0.04590479463512495,False
2025-07-02,EWR,dep,cancel_rate,0.02967359050445104,0.03282812304358013,-0.0031545325391290936,False
2025-07-03,EWR,dep,cancel_rate,0.08959537572254335,0.06800767873159634,0.02158769699094701,False
2025-07-04,EWR,dep,cancel_rate,0.01020408163265306,0.011320260745271937,-0.0011161791126188762,False
2025-07-05,EWR,dep,cancel_rate,0.0032258064516129032,0.004493229194327924,-0.0012674227427150208,False
2025-07-06,EWR,dep,cancel_rate,0.0029154518950437317,0.0013906073975700473,0.0015248444974736845,False
2025-07-07,EWR,dep,cancel_rate,0.02005730659025788,0.029720045244279323,-0.009662738654021442,False
2025-07-08,EWR,dep,cancel_rate,0.08902077151335312,0.10830588612565704,-0.019285114612303922,False
2025-07-09,EWR,dep,cancel_rate,0.03869047619047619,0.05842233308317958,-0.01973185689270339,False
2025-07-10,EWR,dep,cancel_rate,0.014367816091954023,0.021115068371198854,-0.006747252279244831,False
2025-07-11,EWR,dep,cancel_rate,0.014326647564469915,0.009997645246338898,0.0043290023181310165,False
2025-07-12,EWR,dep,cancel_rate,0.056962025316455694,0.030011840112660816,0.02695018520379488,False
2025-07-13,EWR,dep,cancel_rate,0.14202898550724638,0.06935774891686841,0.07267123659037797,False
2025-07-14,EWR,dep,cancel_rate,0.38108882521489973,0.20046332752099189,0.18062549769390784,False
2025-07-15,EWR,dep,cancel_rate,0.19287833827893175,0.06364624806297076,0.129232090215961,False
2025-07-16,EWR,dep,cancel_rate,0.10650887573964497,0.1045903099404792,0.0019185657991657723,False
2025-07-17,EWR,dep,cancel_rate,0.034482758620689655,0.029239663581698647,0.005243095038991008,False
2025-07-18,EWR,dep,cancel_rate,0.0057306590257879654,0.001966257153100507,0.0037644018726874584,False
2025-07-19,EWR,dep,cancel_rate,0.0031645569620253164,0.007064432999443831,-0.003899876037418515,False
2025-07-20,EWR,dep,cancel_rate,0.020289855072463767,0.012176558768796664,0.008113296303667103,False
2025-07-21,EWR,dep,cancel_rate,0.0057306590257879654,0.002022875026864583,0.0037077839989233825,False
2025-07-22,EWR,dep,cancel_rate,0.005934718100890208,0.005728921708590258,0.00020579639229994975,False
2025-07-23,EWR,dep,cancel_rate,0.005917159763313609,0.002728560873159439,0.0031885988901541704,False
2025-07-24,EWR,dep,cancel_rate,0.008620689655172414,0.005702667478284483,0.0029180221768879307,False
2025-07-25,EWR,dep,cancel_rate,0.0603448275862069,0.09606139025940634,-0.03571656267319944,False
2025-07-26,EWR,dep,cancel_rate,0.006349206349206349,0.025235413439070993,-0.018886207089864646,False
2025-07-27,EWR,dep,cancel_rate,0.16521739130434782,0.11075104611840965,0.05446634518593817,False
2025-07-28,EWR,dep,cancel_rate,0.07163323782234957,0.03650096839613864,0.03513226942621093,False
2025-07-29,EWR,dep,cancel_rate,0.01483679525222552,0.00011461616620209443,0.014722179086023425,False
2025-07-30,EWR,dep,cancel_rate,0.01775147928994083,0.02407612421394032,-0.006324644923999492,False
2025-07-31,EWR,dep,cancel_rate,0.2564841498559078,0.19181451847072709,0.0646696313851807,False
2025-08-01,EWR,dep,cancel_rate,0.02601156069364162,0.062069830458727396,-0.036058269765085776,False
2025-08-02,EWR,dep,cancel_rate,0.03571428571428571,0.02515939543585136,0.010554890278434353,False
2025-08-03,EWR,dep,cancel_rate,0.002932551319648094,0.011357200443625242,-0.008424649123977147,False
2025-08-04,EWR,dep,cancel_rate,0.002881844380403458,0.00919996533496343,-0.006318120954559971,False
2025-08-05,EWR,dep,cancel_rate,0.0029850746268656717,0.0005776019239095989,0.0024074727029560726,False
2025-08-06,EWR,dep,cancel_rate,0.036036036036036036,0.004848909873316374,0.03118712616271966,False
2025-08-07,EWR,dep,cancel_rate,0.014450867052023121,0.01288703446267806,0.0015638325893450617,False
2025-08-08,EWR,dep,cancel_rate,0.0029069767441860465,0.001816390297801896,0.0010905864463841505,False
2025-08-09,EWR,dep,cancel_rate,0.013029315960912053,0.0035879658276178838,0.009441350133294169,False
2025-08-10,EWR,dep,cancel_rate,0.002932551319648094,0.0009551488724799205,0.001977402447168173,False
2025-08-11,EWR,dep,cancel_rate,0.0,0.004165374791233436,-0.004165374791233436,False
2025-08-12,EWR,dep,cancel_rate,0.003003003003003003,0.00973532303310654,-0.006732320030103538,False
2025-08-13,EWR,dep,cancel_rate,0.1148036253776435,0.13204046633589564,-0.017236840958252134,False
2025-08-14,EWR,dep,cancel_rate,0.014450867052023121,0.01775989979793227,-0.0033090327459091504,False
2025-08-15,EWR,dep,cancel_rate,0.005797101449275362,0.00015191040637787748,0.005645191042897485,False
2025-08-16,EWR,dep,cancel_rate,0.0032258064516129032,0.0038813346880782174,-0.0006555282364653142,False
2025-08-17,EWR,dep,cancel_rate,0.029411764705882353,0.03118041772740796,-0.0017686530215256062,False
2025-08-18,EWR,dep,cancel_rate,0.020348837209302327,0.027788496314716145,-0.007439659105413818,False
2025-08-19,EWR,dep,cancel_rate,0.005970149253731343,0.01107365326021209,-0.005103504006480747,False
2025-08-20,EWR,dep,cancel_rate,0.005988023952095809,0.0016669270568158722,0.004321096895279937,False
2025-08-21,EWR,dep,cancel_rate,0.0,0.0037770252964967137,-0.0037770252964967137,False
2025-08-22,EWR,dep,cancel_rate,0.0,0.0016304590813473287,-0.0016304590813473287,False
2025-08-23,EWR,dep,cancel_rate,0.0,0.00731396700260727,-0.00731396700260727,False
2025-08-24,EWR,dep,cancel_rate,0.002898550724637681,0.000764558456895263,0.002133992267742418,False
2025-08-25,EWR,dep,cancel_rate,0.002881844380403458,0.0004442094694911125,0.0024376349109123457,False
2025-08-26,EWR,dep,cancel_rate,0.008955223880597015,0.004761032021642734,0.004194191858954282,False
2025-08-27,EWR,dep,cancel_rate,0.0,1.884633033593969e-18,-1.884633033593969e-18,False
2025-08-28,EWR,dep,cancel_rate,0.005780346820809248,0.006620714125950036,-0.0008403673051407875,False
2025-08-29,EWR,dep,cancel_rate,0.008620689655172414,0.005131626588420842,0.003489063066751572,False
2025-08-30,EWR,dep,cancel_rate,0.0031545741324921135,0.010790375142813736,-0.007635801010321623,False
2025-08-31,EWR,dep,cancel_rate,0.0,0.00161502371679023,-0.00161502371679023,False
2025-09-01,EWR,dep,cancel_rate,0.0,0.0011214221373255103,-0.0011214221373255103,False
2025-09-02,EWR,dep,cancel_rate,0.0,8.475911134187013e-06,-8.475911134187013e-06,False
2025-09-03,EWR,dep,cancel_rate,0.0,2.8567736784771895e-06,-2.8567736784771895e-06,False
2025-09-04,EWR,dep,cancel_rate,0.0927536231884058,0.058204784420667094,0.034548838767738704,False
2025-09-05,EWR,dep,cancel_rate,0.03197674418604651,0.015558418105978588,0.016418326080067925,False
2025-09-06,EWR,dep,cancel_rate,0.13805970149253732,0.04748321330472659,0.09057648818781074,False
2025-09-07,EWR,dep,cancel_rate,0.01440922190201729,0.006090431985472758,0.008318789916544531,False
2025-09-08,EWR,dep,cancel_rate,0.0,0.0010621161129168773,-0.0010621161129168773,False
2025-09-09,EWR,dep,cancel_rate,0.003076923076923077,2.9849257080667987e-19,0.0030769230769230765,False
2025-09-10,EWR,dep,cancel_rate,0.0,0.0016327020571547583,-0.0016327020571547583,False
2025-09-11,EWR,dep,cancel_rate,0.002881844380403458,0.00015856985345244243,0.0027232745269510157,False
2025-09-12,EWR,dep,cancel_rate,0.002890173410404624,2.0921694396055596e-18,0.002890173410404622,False
2025-09-13,EWR,dep,cancel_rate,0.007407407407407408,0.005894444401861961,0.001512963005545447,False
2025-09-14,EWR,dep,cancel_rate,0.0,0.0008646615861646458,-0.0008646615861646458,False
2025-09-15,EWR,dep,cancel_rate,0.0,1.4989838471403659e-18,-1.4989838471403659e-18,False
2025-09-16,EWR,dep,cancel_rate,0.0,1.560377717358049e-18,-1.560377717358049e-18,False
2025-09-17,EWR,dep,cancel_rate,0.0,0.00420801610374749,-0.00420801610374749,False
2025-09-18,EWR,dep,cancel_rate,0.0,0.0007720034868996402,-0.0007720034868996402,False
2025-09-19,EWR,dep,cancel_rate,0.002898550724637681,0.0131284094288283,-0.010229858704190619,False
2025-09-20,EWR,dep,cancel_rate,0.007407407407407408,0.005524327237482506,0.001883080169924902,False
2025-09-21,EWR,dep,cancel_rate,0.0028653295128939827,0.0004087467533341211,0.0024565827595598617,False
2025-09-22,EWR,dep,cancel_rate,0.002890173410404624,0.0058407782781433075,-0.0029506048677386833,False
2025-09-23,EWR,dep,cancel_rate,0.00303951367781155,2.056465623233136e-18,0.003039513677811548,False
2025-09-24,EWR,dep,cancel_rate,0.006153846153846154,0.019791191401693005,-0.013637345247846851,False
2025-09-25,EWR,dep,cancel_rate,0.019886363636363636,0.019479460264052666,0.0004069033723109704,False
2025-09-26,EWR,dep,cancel_rate,0.0028653295128939827,0.006439649298551093,-0.0035743197856571104,False
2025-09-27,EWR,dep,cancel_rate,0.003676470588235294,0.0018200872177908216,0.0018563833704444725,False
2025-09-28,EWR,dep,cancel_rate,0.002849002849002849,5.00572277083272e-19,0.0028490028490028487,False
2025-09-29,EWR,dep,cancel_rate,0.005698005698005698,0.0003133914544754429,0.005384614243530255,False
2025-09-30,EWR,dep,cancel_rate,0.0,0.00023340638757865108,-0.00023340638757865108,False
2025-10-01,EWR,dep,cancel_rate,0.0,2.0916071691415207e-18,-2.0916071691415207e-18,False
2025-10-02,EWR,dep,cancel_rate,0.0,0.000860002102661041,-0.000860002102661041,False
2025-10-03,EWR,dep,cancel_rate,0.008595988538681949,0.0006419432525856175,0.00795404528609633,False
2025-10-04,EWR,dep,cancel_rate,0.0,2.382136778971204e-19,-2.382136778971204e-19,False
2025-10-05,EWR,dep,cancel_rate,0.002849002849002849,1.2977488242728739e-18,0.002849002849002848,False
2025-10-06,EWR,dep,cancel_rate,0.0,0.00038579638291312015,-0.00038579638291312015,False
2025-10-07,EWR,dep,cancel_rate,0.002932551319648094,0.010881522982003155,-0.007948971662355062,False
2025-10-08,EWR,dep,cancel_rate,0.0,1.2276770254385079e-18,-1.2276770254385079e-18,False
2025-10-09,EWR,dep,cancel_rate,0.0,6.0653870807857345e-05,-6.0653870807857345e-05,False
2025-10-10,EWR,dep,cancel_rate,0.0,3.0403500611197644e-18,-3.0403500611197644e-18,False
2025-10-11,EWR,dep,cancel_rate,0.0,0.0019823143585395607,-0.0019823143585395607,False
2025-10-12,EWR,dep,cancel_rate,0.008595988538681949,0.011668593273210535,-0.003072604734528587,False
2025-10-13,EWR,dep,cancel_rate,0.014245014245014245,0.07377998954443084,-0.05953497529941659,False
2025-10-14,EWR,dep,cancel_rate,0.002932551319648094,0.0068276152621338515,-0.0038950639424857577,False
2025-10-15,EWR,dep,cancel_rate,0.0029411764705882353,0.0008612520717807048,0.0020799243988075303,False
2025-10-16,EWR,dep,cancel_rate,0.0,0.0003896933160738604,-0.0003896933160738604,False
2025-10-17,EWR,dep,cancel_rate,0.0,6.047957807564899e-05,-6.047957807564899e-05,False
2025-10-18,EWR,dep,cancel_rate,0.003389830508474576,0.0015550268063585925,0.0018348037021159837,False
2025-10-19,EWR,dep,cancel_rate,0.002849002849002849,0.00017383348543475652,0.0026751693635680925,False
2025-10-20,EWR,dep,cancel_rate,0.0,2.466103773730806e-06,-2.466103773730806e-06,False
2025-10-21,EWR,dep,cancel_rate,0.0,0.0007950668731318823,-0.0007950668731318823,False
2025-10-22,EWR,dep,cancel_rate,0.0,0.00016214550467993135,-0.00016214550467993135,False
2025-10-23,EWR,dep,cancel_rate,0.005681818181818182,0.005234276690071675,0.0004475414917465073,False
2025-10-24,EWR,dep,cancel_rate,0.002849002849002849,0.004576154539015225,-0.0017271516900123755,False
2025-10-25,EWR,dep,cancel_rate,0.003389830508474576,0.0012806076774481132,0.002109222831026463,False
2025-10-26,EWR,dep,cancel_rate,0.013927576601671309,0.003019311949217624,0.010908264652453686,False
2025-10-27,EWR,dep,cancel_rate,0.002770083102493075,0.0016207800080289732,0.0011493030944641016,False
2025-10-28,EWR,dep,cancel_rate,0.0,0.0007835995624617154,-0.0007835995624617154,False
2025-10-29,EWR,dep,cancel_rate,0.0,0.00045928140822990504,-0.00045928140822990504,False
2025-10-30,EWR,dep,cancel_rate,0.18258426966292135,0.20856104590082195,-0.025976776237900595,False
2025-10-31,EWR,dep,cancel_rate,0.04310344827586207,0.07006238667087654,-0.026958938395014467,False
2025-11-01,EWR,dep,cancel_rate,0.0036363636363636364,0.018311007338209624,-0.014674643701845989,False
2025-11-02,EWR,dep,cancel_rate,0.10306406685236769,0.0014345727082405997,0.10162949414412709,False
2025-11-03,EWR,dep,cancel_rate,0.0027548209366391185,0.002422110311332515,0.0003327106253066033,False
2025-11-04,EWR,dep,cancel_rate,0.0028169014084507044,0.006083903790995291,-0.0032670023825445865,False
2025-11-05,EWR,dep,cancel_rate,0.002840909090909091,0.0009077561950896971,0.001933152895819394,False
2025-11-06,EWR,dep,cancel_rate,0.03278688524590164,0.005114418050685421,0.02767246719521622,False
2025-11-07,EWR,dep,cancel_rate,0.03591160220994475,0.025199559162121746,0.010712043047823003,False
2025-11-08,EWR,dep,cancel_rate,0.22183098591549297,0.10133728573904162,0.12049370017645135,False
2025-11-09,EWR,dep,cancel_rate,0.43646408839779005,0.1712462004711453,0.26521788792664475,False
2025-11-10,EWR,dep,cancel_rate,0.14835164835164835,0.128798022950108,0.019553625401540348,False
2025-11-11,EWR,dep,cancel_rate,0.058823529411764705,0.06536856162537895,-0.006545032213614244,False
2025-11-12,EWR,dep,cancel_rate,0.04261363636363636,0.029923583984749494,0.012690052378886867,False
2025-11-13,EWR,dep,cancel_rate,0.06043956043956044,0.03460584947879537,0.025833710960765068,False
2025-11-14,EWR,dep,cancel_rate,0.04143646408839779,0.010424650275772142,0.031011813812625647,False
2025-11-15,EWR,dep,cancel_rate,0.028169014084507043,0.005609166841708096,0.02255984724279895,False
2025-11-16,EWR,dep,cancel_rate,0.0110803324099723,0.0019320153259185042,0.009148317084053795,False
2025-11-17,EWR,dep,cancel_rate,0.0,0.005359184389952665,-0.005359184389952665,False
2025-11-18,EWR,dep,cancel_rate,0.002824858757062147,5.425376502398467e-19,0.0028248587570621464,False
2025-11-19,EWR,dep,cancel_rate,0.0,9.652053627443286e-19,-9.652053627443286e-19,False
2025-11-20,EWR,dep,cancel_rate,0.0,0.018521165459427044,-0.018521165459427044,False
2025-11-21,EWR,dep,cancel_rate,0.008174386920980926,0.0016394436341844122,0.006534943286796513,False
2025-11-22,EWR,dep,cancel_rate,0.008849557522123894,0.0010662195093652067,0.007783338012758687,False
2025-11-23,EWR,dep,cancel_rate,0.005405405405405406,0.00043003749738746236,0.0049753679080179435,False
2025-11-24,EWR,dep,cancel_rate,0.0,0.0016083352771841036,-0.0016083352771841036,False
2025-11-25,EWR,dep,cancel_rate,0.0,5.879020438638686e-05,-5.879020438638686e-05,False
2025-11-26,EWR,dep,cancel_rate,0.0,0.0001486090681155218,-0.0001486090681155218,False
2025-11-27,EWR,dep,cancel_rate,0.0,0.0002675076594341203,-0.0002675076594341203,False
2025-11-28,EWR,dep,cancel_rate,0.0,0.0015755127507967065,-0.0015755127507967065,False
2025-11-29,EWR,dep,cancel_rate,0.02586206896551724,0.05195354248180818,-0.02609147351629094,False
2025-11-30,EWR,dep,cancel_rate,0.03494623655913978,0.02268575480108488,0.0122604817580549,False
2025-12-01,EWR,dep,cancel_rate,0.005305039787798408,0.01324468269435883,-0.00793964290656042,False
2025-12-02,EWR,dep,cancel_rate,0.005633802816901409,0.007420447392995799,-0.0017866445760943905,False
2025-12-03,EWR,dep,cancel_rate,0.0,2.907145002786372e-06,-2.907145002786372e-06,False
2025-12-04,EWR,dep,cancel_rate,0.002777777777777778,0.0001555273208154453,0.0026222504569623326,False
2025-12-05,EWR,dep,cancel_rate,0.005555555555555556,0.022537203069984753,-0.016981647514429196,False
2025-12-06,EWR,dep,cancel_rate,0.0,0.010274466274817198,-0.010274466274817198,False
2025-12-07,EWR,dep,cancel_rate,0.008379888268156424,0.021968763344246744,-0.01358887507609032,False
2025-12-08,EWR,dep,cancel_rate,0.008310249307479225,0.014561366057403905,-0.006251116749924681,False
2025-12-09,EWR,dep,cancel_rate,0.0,0.0009296298383448639,-0.0009296298383448639,False
2025-12-10,EWR,dep,cancel_rate,0.0,0.004438807338100278,-0.004438807338100278,False
2025-12-11,EWR,dep,cancel_rate,0.002777777777777778,0.004274182062390546,-0.0014964042846127685,False
2025-12-12,EWR,dep,cancel_rate,0.002777777777777778,0.003517031081551035,-0.000739253303773257,False
2025-12-13,EWR,dep,cancel_rate,0.0,0.004910442659532226,-0.004910442659532226,False
2025-12-14,EWR,dep,cancel_rate,0.22905027932960895,0.22005537706916894,0.008994902260440002,False
2025-12-15,EWR,dep,cancel_rate,0.01662049861495845,0.020739537749203653,-0.004119039134245203,False
2025-12-16,EWR,dep,cancel_rate,0.0028653295128939827,7.059306849096821e-05,0.0027947364444030143,False
2025-12-17,EWR,dep,cancel_rate,0.002890173410404624,0.0029507608413252926,-6.058743092066847e-05,False
2025-12-18,EWR,dep,cancel_rate,0.0,0.0019730174307884237,-0.0019730174307884237,False
2025-12-19,EWR,dep,cancel_rate,0.03133903133903134,0.08348712105851842,-0.05214808971948708,False
2025-12-20,EWR,dep,cancel_rate,0.0243161094224924,0.008137447637628994,0.016178661784863407,False
2025-12-21,EWR,dep,cancel_rate,0.005813953488372093,0.010929428171862852,-0.005115474683490759,False
2025-12-22,EWR,dep,cancel_rate,0.005813953488372093,0.009721833245705917,-0.003907879757333824,False
2025-12-23,EWR,dep,cancel_rate,0.002932551319648094,0.0032092636204034512,-0.0002767123007553574,False
2025-12-24,EWR,dep,cancel_rate,0.0031847133757961785,0.010589955193531625,-0.007405241817735446,False
2025-12-25,EWR,dep,cancel_rate,0.0,0.008243033972970222,-0.008243033972970222,False
2025-12-26,EWR,dep,cancel_rate,0.2303206997084548,0.10956980976970225,0.12075088993875256,False
2025-12-27,EWR,dep,cancel_rate,0.1696969696969697,0.15004670388940952,0.019650265807560185,False
2025-12-28,EWR,dep,cancel_rate,0.005847953216374269,0.034241894481322414,-0.028393941264948146,False
2025-12-29,EWR,dep,cancel_rate,0.02616279069767442,0.023830717311018507,0.0023320733866559126,False
2025-12-30,EWR,dep,cancel_rate,0.008797653958944282,0.005009235177230936,0.003788418781713346,False
2025-12-31,EWR,dep,cancel_rate,0.003134796238244514,0.004464476621122475,-0.0013296803828779609,False
2025-01-01,EWR,dep,delay15_rate,0.15527950310559005,0.1316214201860012,0.023658082919588846,False
2025-01-02,EWR,dep,delay15_rate,0.18075801749271136,0.15245745648882505,0.02830056100388631,False
2025-01-03,EWR,dep,delay15_rate,0.22123893805309736,0.24302628385547886,-0.021787345802381508,False
2025-01-04,EWR,dep,delay15_rate,0.321875,0.29819470312594254,0.023680296874057483,False
2025-01-06,EWR,dep,delay15_rate,0.40540540540540543,0.45970146750971796,-0.05429606210431254,False
2025-01-07,EWR,dep,delay15_rate,0.33636363636363636,0.3164925952487908,0.019871041114845556,False
2025-01-08,EWR,dep,delay15_rate,0.1951219512195122,0.18156882739182606,0.013553123827686142,False
2025-01-09,EWR,dep,delay15_rate,0.3684210526315789,0.2945635253533535,0.07385752727822542,False
2025-01-10,EWR,dep,delay15_rate,0.17363344051446947,0.20900877199434134,-0.035375331479871874,False
2025-01-11,EWR,dep,delay15_rate,0.22525597269624573,0.24657489448184494,-0.021318921785599215,False
2025-01-12,EWR,dep,delay15_rate,0.11515151515151516,0.15352606412363579,-0.03837454897212063,False
2025-01-13,EWR,dep,delay15_rate,0.13134328358208955,0.08189365902101269,0.04944962456107686,False
2025-01-14,EWR,dep,delay15_rate,0.05,0.078354250256942,-0.028354250256941993,False
2025-01-15,EWR,dep,delay15_rate,0.07836990595611286,0.07749044571272048,0.0008794602433923743,False
2025-01-16,EWR,dep,delay15_rate,0.12275449101796407,0.1256710521379038,-0.0029165611199397368,False
2025-01-17,EWR,dep,delay15_rate,0.12386706948640483,0.12781070071137696,-0.003943631224972127,False
2025-01-18,EWR,dep,delay15_rate,0.1360544217687075,0.10545632102441127,0.030598100744296225,False
2025-01-19,EWR,dep,delay15_rate,0.1652892561983471,0.2072966956269531,-0.04200743942860599,False
2025-01-20,EWR,dep,delay15_rate,0.26851851851851855,0.30360959311871527,-0.035091074600196726,False
2025-01-23,EWR,dep,delay15_rate,0.12232415902140673,0.16362825461357355,-0.04130409559216683,False
2025-01-24,EWR,dep,delay15_rate,0.09090909090909091,0.12965779146118808,-0.03874870055209717,False
2025-01-25,EWR,dep,delay15_rate,0.10508474576271186,0.09795396128424708,0.007130784478464783,False
2025-01-26,EWR,dep,delay15_rate,0.06666666666666667,0.11352023681791372,-0.046853570151247054,False
2025-01-27,EWR,dep,delay15_rate,0.07761194029850746,0.09090910620942783,-0.013297165910920367,False
2025-01-28,EWR,dep,delay15_rate,0.09968847352024922,0.06778271771800294,0.03190575580224628,False
2025-01-29,EWR,dep,delay15_rate,0.090625,0.08757183822406851,0.0030531617759314844,False
2025-01-30,EWR,dep,delay15_rate,0.15709969788519637,0.14093950142287906,0.01616019646231731,False
2025-01-31,EWR,dep,delay15_rate,0.20783132530120482,0.14088594568257679,0.06694537961862804,False
2025-02-01,EWR,dep,delay15_rate,0.10847457627118644,0.13020771221006222,-0.021733135938875783,False
2025-02-02,EWR,dep,delay15_rate,0.1580547112462006,0.1745564213812721,-0.016501710135071485,False
2025-02-03,EWR,dep,delay15_rate,0.12874251497005987,0.1365700080200254,-0.007827493049965523,False
2025-02-04,EWR,dep,delay15_rate,0.0778816199376947,0.07482363283369681,0.0030579871039978918,False
2025-02-05,EWR,dep,delay15_rate,0.053125,0.08182270544589815,-0.02869770544589815,False
2025-02-06,EWR,dep,delay15_rate,0.6349693251533742,0.3292193278994414,0.3057499972539328,False
2025-02-07,EWR,dep,delay15_rate,0.12202380952380952,0.10778947194685504,0.014234337576954484,False
2025-02-08,EWR,dep,delay15_rate,0.14963503649635038,0.1104456739949458,0.039189362501404576,False
2025-02-09,EWR,dep,delay15_rate,0.2468354430379747,0.21611963944299478,0.030715803594979912,False
2025-02-10,EWR,dep,delay15_rate,0.11011904761904762,0.14031159862733542,-0.0301925510082878,False
2025-02-11,EWR,dep,delay15_rate,0.0778816199376947,0.19727496556797786,-0.11939334563028316,False
2025-02-12,EWR,dep,delay15_rate,0.18209876543209877,0.22267726488729814,-0.04057849945519937,False
2025-02-13,EWR,dep,delay15_rate,0.33048433048433046,0.3711371901264238,-0.040652859642093364,False
2025-02-14,EWR,dep,delay15_rate,0.22096317280453256,0.2173289064829717,0.0036342663215608584,False
2025-02-15,EWR,dep,delay15_rate,0.27419354838709675,0.28693558786030204,-0.012742039473205291,False
2025-02-16,EWR,dep,delay15_rate,0.4983922829581994,0.5279921108724157,-0.029599827914216337,False
2025-02-17,EWR,dep,delay15_rate,0.4880952380952381,0.45780711203728663,0.030288126057951448,False
2025-02-18,EWR,dep,delay15_rate,0.1440922190201729,0.2815143621288701,-0.1374221431086972,False
2025-02-19,EWR,dep,delay15_rate,0.14583333333333334,0.24909993243456488,-0.10326659910123154,False
2025-02-20,EWR,dep,delay15_rate,0.23098591549295774,0.2816232162785444,-0.050637300785586675,False
2025-02-21,EWR,dep,delay15_rate,0.17563739376770537,0.15760734144964947,0.018030052318055906,False
2025-02-22,EWR,dep,delay15_rate,0.12420382165605096,0.1199957500102442,0.004208071645806749,False
2025-02-23,EWR,dep,delay15_rate,0.15517241379310345,0.16071741692648603,-0.0055450031333825756,False
2025-02-24,EWR,dep,delay15_rate,0.1359773371104816,0.11993522155378698,0.016042115556694617,False
2025-02-25,EWR,dep,delay15_rate,0.10115606936416185,0.0850309947430396,0.016125074621122254,False
2025-02-26,EWR,dep,delay15_rate,0.06784660766961652,0.08305362400408658,-0.015207016334470067,False
2025-02-27,EWR,dep,delay15_rate,0.12394366197183099,0.14119449901577605,-0.01725083704394506,False
2025-02-28,EWR,dep,delay15_rate,0.10764872521246459,0.10789625671430177,-0.0002475315018371782,False
2025-03-01,EWR,dep,delay15_rate,0.13592233009708737,0.11359029797974407,0.022332032117343303,False
2025-03-02,EWR,dep,delay15_rate,0.09195402298850575,0.1609328951503089,-0.06897887216180315,False
2025-03-03,EWR,dep,delay15_rate,0.07954545454545454,0.21392258709750328,-0.13437713255204875,False
2025-03-04,EWR,dep,delay15_rate,0.10144927536231885,0.18213652125509444,-0.0806872458927756,False
2025-03-05,EWR,dep,delay15_rate,0.2367601246105919,0.23868266420952047,-0.0019225395989285743,False
2025-03-06,EWR,dep,delay15_rate,0.1558073654390935,0.1850035323831908,-0.029196166944097324,False
2025-03-07,EWR,dep,delay15_rate,0.18309859154929578,0.3057320416408321,-0.12263345009153634,False
2025-03-08,EWR,dep,delay15_rate,0.10561056105610561,0.18220555014144157,-0.07659498908533596,False
2025-03-09,EWR,dep,delay15_rate,0.22740524781341107,0.18916772335127413,0.038237524462136935,False
2025-03-10,EWR,dep,delay15_rate,0.14084507042253522,0.1821302279361769,-0.041285157513641674,False
2025-03-11,EWR,dep,delay15_rate,0.09455587392550144,0.0885943246480566,0.005961549277444841,False
2025-03-12,EWR,dep,delay15_rate,0.12931034482758622,0.12035270432596402,0.008957640501622191,False
2025-03-13,EWR,dep,delay15_rate,0.17280453257790368,0.1362541572685318,0.036550375309371885,False
2025-03-14,EWR,dep,delay15_rate,0.1638418079096045,0.17847318077026353,-0.01463137286065902,False
2025-03-15,EWR,dep,delay15_rate,0.5400696864111498,0.31609900079079745,0.22397068562035238,False
2025-03-16,EWR,dep,delay15_rate,0.4408284023668639,0.46320229271655977,-0.02237389034969589,False
2025-03-17,EWR,dep,delay15_rate,0.24147727272727273,0.2959473876537434,-0.054470114926470664,False
2025-03-18,EWR,dep,delay15_rate,0.14080459770114942,0.13052983141237737,0.010274766288772053,False
2025-03-19,EWR,dep,delay15_rate,0.1174785100286533,0.14002352026303644,-0.022545010234383142,False
2025-03-20,EWR,dep,delay15_rate,0.26536312849162014,0.22874105312706636,0.03662207536455378,False
2025-03-21,EWR,dep,delay15_rate,0.23676880222841226,0.26945652947499754,-0.03268772724658528,False
2025-03-22,EWR,dep,delay15_rate,0.13355048859934854,0.13086040609659716,0.0026900825027513786,False
2025-03-23,EWR,dep,delay15_rate,0.13636363636363635,0.14681078024077673,-0.01044714387714038,False
2025-03-24,EWR,dep,delay15_rate,0.19220055710306408,0.20267279717509076,-0.010472240072026684,False
2025-03-25,EWR,dep,delay15_rate,0.0906515580736544,0.10613603059276788,-0.015484472519113487,False
2025-03-26,EWR,dep,delay15_rate,0.10541310541310542,0.10666219628303225,-0.0012490908699268333,False
2025-03-27,EWR,dep,delay15_rate,0.15083798882681565,0.13741671010961504,0.013421278717200613,False
2025-03-28,EWR,dep,delay15_rate,0.18156424581005587,0.18140865473007858,0.00015559107997728527,False
2025-03-29,EWR,dep,delay15_rate,0.17475728155339806,0.13099462917865504,0.04376265237474303,False
2025-03-30,EWR,dep,delay15_rate,0.37116564417177916,0.3282518978298709,0.042913746341908254,False
2025-03-31,EWR,dep,delay15_rate,0.3443708609271523,0.38865528093408924,-0.04428442000693694,False
2025-04-01,EWR,dep,delay15_rate,0.1196319018404908,0.1670997494601434,-0.04746784761965259,False
2025-04-02,EWR,dep,delay15_rate,0.18153846153846154,0.2793460683738742,-0.09780760683541267,False
2025-04-03,EWR,dep,delay15_rate,0.23582089552238805,0.292940201520373,-0.057119305997984926,False
2025-04-04,EWR,dep,delay15_rate,0.1377245508982036,0.2557414079643325,-0.11801685706612888,False
2025-04-05,EWR,dep,delay15_rate,0.26421404682274247,0.30438281296023567,-0.040168766137493206,False
2025-04-06,EWR,dep,delay15_rate,0.14545454545454545,0.23722043031483386,-0.09176588486028842,False
2025-04-07,EWR,dep,delay15_rate,0.24545454545454545,0.2112200886550776,0.03423445679946785,False
2025-04-08,EWR,dep,delay15_rate,0.16717325227963525,0.1690245438800016,-0.0018512916003663449,False
2025-04-09,EWR,dep,delay15_rate,0.10835913312693499,0.10144845920645826,0.006910673920476729,False
2025-04-10,EWR,dep,delay15_rate,0.15060240963855423,0.1620573769020779,-0.011454967263523658,False
2025-04-11,EWR,dep,delay15_rate,0.1355421686746988,0.18264590189386917,-0.047103733219170385,False
2025-04-12,EWR,dep,delay15_rate,0.174496644295302,0.14612009585479588,0.028376548440506133,False
2025-04-13,EWR,dep,delay15_rate,0.1393939393939394,0.19636782510676096,-0.056973885712821554,False
2025-04-14,EWR,dep,delay15_rate,0.13414634146341464,0.12352098633791458,0.010625355125500058,False
2025-04-15,EWR,dep,delay15_rate,0.20655737704918034,0.1033359974627462,0.10322137958643414,False
2025-04-16,EWR,dep,delay15_rate,0.09180327868852459,0.15287678196735544,-0.06107350327883085,False
2025-04-17,EWR,dep,delay15_rate,0.40445859872611467,0.1580898808321838,0.24636871789393086,False
2025-04-18,EWR,dep,delay15_rate,0.2870967741935484,0.1583056391288481,0.1287911350647003,False
2025-04-19,EWR,dep,delay15_rate,0.11888111888111888,0.13132047891435095,-0.012439360033232066,False
2025-04-20,EWR,dep,delay15_rate,0.4074074074074074,0.1681711935281841,0.23923621387922328,False
2025-04-21,EWR,dep,delay15_rate,0.3675496688741722,0.252481474486513,0.1150681943876592,False
2025-04-22,EWR,dep,delay15_rate,0.14098360655737704,0.08756485032849551,0.053418756228881537,False
2025-04-23,EWR,dep,delay15_rate,0.20261437908496732,0.24934979737906546,-0.046735418294098136,False
2025-04-24,EWR,dep,delay15_rate,0.20192307692307693,0.24819005882580386,-0.046266981902726934,False
2025-04-25,EWR,dep,delay15_rate,0.2523961661341853,0.22366838069207862,0.02872778544210669,False
2025-04-26,EWR,dep,delay15_rate,0.48188405797101447,0.19208428118426366,0.28979977678675084,False
2025-04-27,EWR,dep,delay15_rate,0.2815533980582524,0.18709305185820424,0.09446034620004817,False
2025-04-28,EWR,dep,delay15_rate,0.39543726235741444,0.14595148182397016,0.24948578053344428,False
2025-04-29,EWR,dep,delay15_rate,0.21212121212121213,0.10581246447993639,0.10630874764127574,False
2025-04-30,EWR,dep,delay15_rate,0.34448160535117056,0.20107122003736286,0.1434103853138077,False
2025-05-01,EWR,dep,delay15_rate,0.6468253968253969,0.2465551543141892,0.4002702425112077,False
2025-05-02,EWR,dep,delay15_rate,0.526984126984127,0.3417843604761509,0.1851997665079761,False
2025-05-03,EWR,dep,delay15_rate,0.2988929889298893,0.20792409699229827,0.09096889193759103,False
2025-05-04,EWR,dep,delay15_rate,0.5054545454545455,0.34240817484740727,0.16304637060713822,False
2025-05-05,EWR,dep,delay15_rate,0.42696629213483145,0.4477802212570133,-0.02081392912218183,False
2025-05-06,EWR,dep,delay15_rate,0.4583333333333333,0.40151363564199544,0.05681969769133788,False
2025-05-07,EWR,dep,delay15_rate,0.127208480565371,0.18284411479382826,-0.05563563422845724,False
2025-05-08,EWR,dep,delay15_rate,0.3032258064516129,0.20713715728143822,0.09608864917017468,False
2025-05-09,EWR,dep,delay15_rate,0.5362318840579711,0.3040770349121213,0.23215484914584977,False
2025-05-10,EWR,dep,delay15_rate,0.13533834586466165,0.1603042818214294,-0.024965935956767743,False
2025-05-11,EWR,dep,delay15_rate,0.2636986301369863,0.19208803020194665,0.07161059993503965,False
2025-05-12,EWR,dep,delay15_rate,0.2620689655172414,0.24008890522463927,0.021980060292602133,False
2025-05-13,EWR,dep,delay15_rate,0.14184397163120568,0.12113052118333481,0.020713450447870874,False
2025-05-14,EWR,dep,delay15_rate,0.44074074074074077,0.26360464145537466,0.1771360992853661,False
2025-05-15,EWR,dep,delay15_rate,0.4833948339483395,0.3396388883439356,0.1437559456044039,False
2025-05-16,EWR,dep,delay15_rate,0.6068702290076335,0.44940292210440536,0.1574673069032282,False
2025-05-17,EWR,dep,delay15_rate,0.19245283018867926,0.27785899889520743,-0.08540616870652817,False
2025-05-18,EWR,dep,delay15_rate,0.30952380952380953,0.26319887549534626,0.04632493402846327,False
2025-05-19,EWR,dep,delay15_rate,0.1423611111111111,0.21695095613535062,-0.07458984502423952,False
2025-05-20,EWR,dep,delay15_rate,0.16423357664233576,0.20424905836700397,-0.040015481724668206,True
2025-05-21,EWR,dep,delay15_rate,0.22181818181818183,0.2477857927538742,-0.02596761093569236,True
2025-05-22,EWR,dep,delay15_rate,0.4326241134751773,0.3196741617770319,0.11294995169814542,True
2025-05-23,EWR,dep,delay15_rate,0.20557491289198607,0.22752881109123596,-0.021953898199249894,True
2025-05-24,EWR,dep,delay15_rate,0.42045454545454547,0.17535454671963613,0.24509999873490934,True
2025-05-25,EWR,dep,delay15_rate,0.22661870503597123,0.17759682697961462,0.049021878056356605,True
2025-05-26,EWR,dep,delay15_rate,0.10139860139860139,0.3059922932771569,-0.20459369187855547,True
2025-05-27,EWR,dep,delay15_rate,0.08727272727272728,0.19317876725946892,-0.10590603998674164,True
2025-05-28,EWR,dep,delay15_rate,0.09090909090909091,0.2488436730047843,-0.1579345820956934,True
2025-05-29,EWR,dep,delay15_rate,0.3402777777777778,0.19623867874393025,0.14403909903384754,True
2025-05-30,EWR,dep,delay15_rate,0.1056338028169014,0.2250678710013305,-0.11943406818442909,True
2025-05-31,EWR,dep,delay15_rate,0.11284046692607004,0.2206880569082633,-0.10784758998219325,True
2025-06-01,EWR,dep,delay15_rate,0.13380281690140844,0.21432083594332368,-0.08051801904191525,True
2025-06-02,EWR,dep,delay15_rate,0.1099290780141844,0.15910787401032037,-0.04917879599613596,True
2025-06-03,EWR,dep,delay15_rate,0.08888888888888889,0.12215234955596117,-0.03326346066707228,True
2025-06-04,EWR,dep,delay15_rate,0.09225092250922509,0.14356806063118496,-0.05131713812195987,True
2025-06-05,EWR,dep,delay15_rate,0.16842105263157894,0.18806078966300754,-0.0196397370314286,True
2025-06-06,EWR,dep,delay15_rate,0.27598566308243727,0.3119965214968285,-0.03601085841439122,True
2025-06-07,EWR,dep,delay15_rate,0.1568627450980392,0.24049115695480192,-0.0836284118567627,True
2025-06-08,EWR,dep,delay15_rate,0.16967509025270758,0.3326125401844732,-0.16293744993176565,True
2025-06-09,EWR,dep,delay15_rate,0.1111111111111111,0.4105039995374463,-0.2993928884263352,True
2025-06-10,EWR,dep,delay15_rate,0.22641509433962265,0.35991352955406136,-0.13349843521443872,True
2025-06-11,EWR,dep,delay15_rate,0.08208955223880597,0.2857547611158433,-0.20366520887703732,True
2025-06-12,EWR,dep,delay15_rate,0.15770609318996415,0.3850908497713132,-0.22738475658134905,True
2025-06-13,EWR,dep,delay15_rate,0.14545454545454545,0.2807966467966577,-0.13534210134211228,True
2025-06-14,EWR,dep,delay15_rate,0.1867704280155642,0.28967950362876477,-0.10290907561320056,True
2025-06-15,EWR,dep,delay15_rate,0.17391304347826086,0.3675155041381203,-0.19360246065985942,True
2025-06-16,EWR,dep,delay15_rate,0.19696969696969696,0.34870581063384004,-0.15173611366414308,False
2025-06-17,EWR,dep,delay15_rate,0.13522012578616352,0.38134339887302077,-0.24612327308685725,False
2025-06-18,EWR,dep,delay15_rate,0.3447204968944099,0.35348262732911445,-0.00876213043470453,False
2025-06-19,EWR,dep,delay15_rate,0.5,0.3993562889846586,0.10064371101534142,False
2025-06-20,EWR,dep,delay15_rate,0.3575757575757576,0.3308201891753953,0.026755568400362306,False
2025-06-21,EWR,dep,delay15_rate,0.38869257950530034,0.1995663502599263,0.18912622924537403,False
2025-06-22,EWR,dep,delay15_rate,0.33860759493670883,0.36256556849982724,-0.023957973563118407,False
2025-06-23,EWR,dep,delay15_rate,0.2012012012012012,0.23700510575035036,-0.03580390454914917,False
2025-06-24,EWR,dep,delay15_rate,0.1393188854489164,0.19277052232346809,-0.05345163687455168,False
2025-06-25,EWR,dep,delay15_rate,0.23734177215189872,0.30871439671421974,-0.07137262456232102,False
2025-06-26,EWR,dep,delay15_rate,0.29819277108433734,0.37587191429209377,-0.07767914320775643,False
2025-06-27,EWR,dep,delay15_rate,0.40445859872611467,0.3888118483804328,0.01564675034568186,False
2025-06-28,EWR,dep,delay15_rate,0.41403508771929826,0.31558893441373814,0.09844615330556011,False
2025-06-29,EWR,dep,delay15_rate,0.33134328358208953,0.37980073000614545,-0.04845744642405592,False
2025-06-30,EWR,dep,delay15_rate,0.375,0.34204699578794434,0.03295300421205566,False
2025-07-01,EWR,dep,delay15_rate,0.41825095057034223,0.36175809316288776,0.056492857407454466,False
2025-07-02,EWR,dep,delay15_rate,0.44648318042813456,0.35949438542145656,0.086988795006678,False
2025-07-03,EWR,dep,delay15_rate,0.326984126984127,0.3706986679828665,-0.043714540998739504,False
2025-07-04,EWR,dep,delay15_rate,0.1958762886597938,0.17589878441795592,0.01997750424183789,False
2025-07-05,EWR,dep,delay15_rate,0.22006472491909385,0.20613742285381992,0.013927302065273928,False
2025-07-06,EWR,dep,delay15_rate,0.1783625730994152,0.28501619122535593,-0.10665361812594074,False
2025-07-07,EWR,dep,delay15_rate,0.347953216374269,0.3439354515670041,0.004017764807264901,False
2025-07-08,EWR,dep,delay15_rate,0.2996742671009772,0.3678263889099531,-0.0681521218089759,False
2025-07-09,EWR,dep,delay15_rate,0.30959752321981426,0.38649801146893115,-0.07690048824911688,False
2025-07-10,EWR,dep,delay15_rate,0.24198250728862974,0.35001822765285023,-0.10803572036422049,False
2025-07-11,EWR,dep,delay15_rate,0.2616279069767442,0.3270346736338289,-0.06540676665708467,False
2025-07-12,EWR,dep,delay15_rate,0.41946308724832215,0.34731414220886003,0.07214894503946212,False
2025-07-13,EWR,dep,delay15_rate,0.3952702702702703,0.5297936003093975,-0.1345233300391272,False
2025-07-14,EWR,dep,delay15_rate,0.4722222222222222,0.47215267486816187,6.954735406033974e-05,False
2025-07-15,EWR,dep,delay15_rate,0.40441176470588236,0.3420213502716448,0.06239041443423754,False
2025-07-16,EWR,dep,delay15_rate,0.347682119205298,0.2935884123675948,0.054093706837703204,False
2025-07-17,EWR,dep,delay15_rate,0.375,0.2950326590897908,0.07996734091020918,False
2025-07-18,EWR,dep,delay15_rate,0.1786743515850144,0.23971812649345162,-0.06104377490843721,False
2025-07-19,EWR,dep,delay15_rate,0.16507936507936508,0.22106635562517252,-0.05598699054580744,False
2025-07-20,EWR,dep,delay15_rate,0.27514792899408286,0.29727728340268417,-0.02212935440860131,False
2025-07-21,EWR,dep,delay15_rate,0.1988472622478386,0.23362387403430063,-0.03477661178646202,False
2025-07-22,EWR,dep,delay15_rate,0.1880597014925373,0.20151812862215088,-0.013458427129613565,False
2025-07-23,EWR,dep,delay15_rate,0.10119047619047619,0.18927080695218595,-0.08808033076170976,False
2025-07-24,EWR,dep,delay15_rate,0.14202898550724638,0.2403856478910028,-0.09835666238375643,False
2025-07-25,EWR,dep,delay15_rate,0.4036697247706422,0.37447341637435233,0.029196308396289894,False
2025-07-26,EWR,dep,delay15_rate,0.24920127795527156,0.311787578526306,-0.06258630057103445,False
2025-07-27,EWR,dep,delay15_rate,0.5555555555555556,0.3825647565002772,0.17299079905527837,False
2025-07-28,EWR,dep,delay15_rate,0.49074074074074076,0.36181010053138113,0.12893064020935963,False
2025-07-29,EWR,dep,delay15_rate,0.3192771084337349,0.16421930729447523,0.15505780113925968,False
2025-07-30,EWR,dep,delay15_rate,0.3072289156626506,0.2512097212824074,0.056019194380243165,False
2025-07-31,EWR,dep,delay15_rate,0.45348837209302323,0.40498129456427817,0.04850707752874506,False
2025-08-01,EWR,dep,delay15_rate,0.42136498516320475,0.4055188670916,0.015846118071604742,False
2025-08-02,EWR,dep,delay15_rate,0.5622895622895623,0.2964245189878655,0.2658650433016968,False
2025-08-03,EWR,dep,delay15_rate,0.3264705882352941,0.2793000829756137,0.04717050525968042,False
2025-08-04,EWR,dep,delay15_rate,0.12427745664739884,0.23810600152245814,-0.1138285448750593,False
2025-08-05,EWR,dep,delay15_rate,0.12874251497005987,0.15137414485062162,-0.02263162988056175,False
2025-08-06,EWR,dep,delay15_rate,0.19626168224299065,0.17580885187151155,0.020452830371479103,False
2025-08-07,EWR,dep,delay15_rate,0.21114369501466276,0.22191749921119516,-0.0107738041965324,False
2025-08-08,EWR,dep,delay15_rate,0.16034985422740525,0.18468531061804241,-0.024335456390637167,False
2025-08-09,EWR,dep,delay15_rate,0.46864686468646866,0.20609088120078087,0.26255598348568776,False
2025-08-10,EWR,dep,delay15_rate,0.21176470588235294,0.28567949886081945,-0.07391479297846651,False
2025-08-11,EWR,dep,delay15_rate,0.1246376811594203,0.18393181054994714,-0.05929412939052685,False
2025-08-12,EWR,dep,delay15_rate,0.12349397590361445,0.1847821660037877,-0.06128819010017324,False
2025-08-13,EWR,dep,delay15_rate,0.40273037542662116,0.3089193847535278,0.09381099067309334,False
2025-08-14,EWR,dep,delay15_rate,0.3782991202346041,0.322022587185727,0.056276533048877087,False
2025-08-15,EWR,dep,delay15_rate,0.18658892128279883,0.21804019691058127,-0.03145127562778244,False
2025-08-16,EWR,dep,delay15_rate,0.22653721682847897,0.1791180537005376,0.047419163127941366,False
2025-08-17,EWR,dep,delay15_rate,0.38181818181818183,0.29427396293072733,0.0875442188874545,False
2025-08-18,EWR,dep,delay15_rate,0.3768545994065282,0.27956595317359506,0.09728864623293315,False
2025-08-19,EWR,dep,delay15_rate,0.1921921921921922,0.1650374496065292,0.027154742585663,False
2025-08-20,EWR,dep,delay15_rate,0.26506024096385544,0.2398237654747761,0.02523647548907934,False
2025-08-21,EWR,dep,delay15_rate,0.24855491329479767,0.2207731373700026,0.027781775924795082,False
2025-08-22,EWR,dep,delay15_rate,0.18786127167630057,0.2611489691507943,-0.07328769747449371,False
2025-08-23,EWR,dep,delay15_rate,0.19375,0.17725681620291037,0.01649318379708964,False
2025-08-24,EWR,dep,delay15_rate,0.13953488372093023,0.1660701244052701,-0.026535240684339878,False
2025-08-25,EWR,dep,delay15_rate,0.10982658959537572,0.1224246807553907,-0.01259809116001498,False
2025-08-26,EWR,dep,delay15_rate,0.1144578313253012,0.09993082192965133,0.014527009395649867,False
2025-08-27,EWR,dep,delay15_rate,0.10479041916167664,0.10421348472198191,0.0005769344396947262,False
2025-08-28,EWR,dep,delay15_rate,0.3866279069767442,0.19434392909152878,0.19228397788521542,False
2025-08-29,EWR,dep,delay15_rate,0.15942028985507245,0.24496968466859226,-0.08554939481351981,False
2025-08-30,EWR,dep,delay15_rate,0.0949367088607595,0.202121740512409,-0.1071850316516495,False
2025-08-31,EWR,dep,delay15_rate,0.13333333333333333,0.18727487670493892,-0.05394154337160559,False
2025-09-01,EWR,dep,delay15_rate,0.25862068965517243,0.1788211903987209,0.07979949925645152,False
2025-09-02,EWR,dep,delay15_rate,0.17751479289940827,0.1438311024736384,0.03368369042576988,False
2025-09-03,EWR,dep,delay15_rate,0.09846153846153846,0.09649475396040941,0.001966784501129054,False
2025-09-04,EWR,dep,delay15_rate,0.31629392971246006,0.19578752723921947,0.1205064024732406,False
2025-09-05,EWR,dep,delay15_rate,0.26426426426426425,0.1917162362460465,0.07254802801821775,False
2025-09-06,EWR,dep,delay15_rate,0.3939393939393939,0.2691400673980658,0.12479932654132814,False
2025-09-07,EWR,dep,delay15_rate,0.20760233918128654,0.3264137859684912,-0.11881144678720465,False
2025-09-08,EWR,dep,delay15_rate,0.11849710982658959,0.16415978574240653,-0.045662675915816936,False
2025-09-09,EWR,dep,delay15_rate,0.10493827160493827,0.09616413942384543,0.008774132181092839,False
2025-09-10,EWR,dep,delay15_rate,0.11076923076923077,0.1291497079055583,-0.018380477136327525,False
2025-09-11,EWR,dep,delay15_rate,0.13583815028901733,0.1914966856489812,-0.05565853535996387,False
2025-09-12,EWR,dep,delay15_rate,0.19420289855072465,0.18152058618226752,0.012682312368457127,False
2025-09-13,EWR,dep,delay15_rate,0.13432835820895522,0.1618438637092529,-0.027515505500297688,False
2025-09-14,EWR,dep,delay15_rate,0.14857142857142858,0.17583720526636495,-0.027265776694936378,False
2025-09-15,EWR,dep,delay15_rate,0.13872832369942195,0.22458814566066287,-0.08585982196124092,False
2025-09-16,EWR,dep,delay15_rate,0.08841463414634146,0.12304373191472376,-0.0346290977683823,False
2025-09-17,EWR,dep,delay15_rate,0.23853211009174313,0.2012710294708731,0.037261080620870024,False
2025-09-18,EWR,dep,delay15_rate,0.1235632183908046,0.28148504979222166,-0.15792183140141708,False
2025-09-19,EWR,dep,delay15_rate,0.10755813953488372,0.22726715064650205,-0.11970901111161833,False
2025-09-20,EWR,dep,delay15_rate,0.22388059701492538,0.14240835514459801,0.08147224187032737,False
2025-09-21,EWR,dep,delay15_rate,0.14942528735632185,0.20451604330604914,-0.05509075594972729,False
2025-09-22,EWR,dep,delay15_rate,0.11014492753623188,0.17599384601113355,-0.06584891847490167,False
2025-09-23,EWR,dep,delay15_rate,0.14634146341463414,0.1450278304731015,0.0013136329415326387,False
2025-09-24,EWR,dep,delay15_rate,0.09907120743034056,0.23275395678974398,-0.1336827493594034,False
2025-09-25,EWR,dep,delay15_rate,0.2782608695652174,0.3127435664058081,-0.03448269684059069,False
2025-09-26,EWR,dep,delay15_rate,0.13218390804597702,0.21302794721040488,-0.08084403916442787,False
2025-09-27,EWR,dep,delay15_rate,0.16974169741697417,0.10178287602197224,0.06795882139500194,False
2025-09-28,EWR,dep,delay15_rate,0.10571428571428572,0.19908120849539918,-0.09336692278111346,False
2025-09-29,EWR,dep,delay15_rate,0.11461318051575932,0.17114306997801673,-0.05652988946225741,False
2025-09-30,EWR,dep,delay15_rate,0.07807807807807808,0.06210668871752203,0.015971389360556053,False
2025-10-01,EWR,dep,delay15_rate,0.10510510510510511,0.14087784523514602,-0.035772740130040906,False
2025-10-02,EWR,dep,delay15_rate,0.1048158640226629,0.12150200428917592,-0.016686140266513022,False
2025-10-03,EWR,dep,delay15_rate,0.21965317919075145,0.17969763290504476,0.03995554628570669,False
2025-10-04,EWR,dep,delay15_rate,0.10580204778156997,0.07862334466372241,0.027178703117847564,False
2025-10-05,EWR,dep,delay15_rate,0.16,0.19769739568653066,-0.03769739568653066,False
2025-10-06,EWR,dep,delay15_rate,0.21875,0.24195745132147126,-0.023207451321471256,False
2025-10-07,EWR,dep,delay15_rate,0.10588235294117647,0.16266893167183183,-0.05678657873065536,False
2025-10-08,EWR,dep,delay15_rate,0.07854984894259819,0.23135477150464934,-0.15280492256205114,False
2025-10-09,EWR,dep,delay15_rate,0.20738636363636365,0.3114083095545222,-0.10402194591815855,False
2025-10-10,EWR,dep,delay15_rate,0.19318181818181818,0.28255857259371375,-0.08937675441189558,False
2025-10-11,EWR,dep,delay15_rate,0.3716216216216216,0.15226506226439732,0.21935655935722428,False
2025-10-12,EWR,dep,delay15_rate,0.33236994219653176,0.33998853879143065,-0.007618596594898885,False
2025-10-13,EWR,dep,delay15_rate,0.30057803468208094,0.4147177346188305,-0.11413969993674955,False
2025-10-14,EWR,dep,delay15_rate,0.16176470588235295,0.3720860467763723,-0.21032134089401935,False
2025-10-15,EWR,dep,delay15_rate,0.1592920353982301,0.15843703801063153,0.0008549973875985606,False
2025-10-16,EWR,dep,delay15_rate,0.1534090909090909,0.20977926255162924,-0.056370171642538325,False
2025-10-17,EWR,dep,delay15_rate,0.09375,0.15217555903477537,-0.058425559034775365,False
2025-10-18,EWR,dep,delay15_rate,0.11224489795918367,0.23464943895406387,-0.1224045409948802,False
2025-10-19,EWR,dep,delay15_rate,0.24285714285714285,0.2752311562185568,-0.03237401336141396,False
2025-10-20,EWR,dep,delay15_rate,0.2215909090909091,0.28256715217291295,-0.06097624308200386,False
2025-10-21,EWR,dep,delay15_rate,0.07331378299120235,0.1501932982940352,-0.07687951530283284,False
2025-10-22,EWR,dep,delay15_rate,0.10059171597633136,0.18261910874955234,-0.08202739277322098,False
2025-10-23,EWR,dep,delay15_rate,0.20857142857142857,0.23290405272264864,-0.02433262415122006,False
2025-10-24,EWR,dep,delay15_rate,0.21142857142857144,0.30159775931876676,-0.09016918789019532,False
2025-10-25,EWR,dep,delay15_rate,0.272108843537415,0.2136789960339396,0.05842984750347538,False
2025-10-26,EWR,dep,delay15_rate,0.3700564971751412,0.31892100501611004,0.05113549215903118,False
2025-10-27,EWR,dep,delay15_rate,0.18888888888888888,0.22248981433916967,-0.03360092545028079,False
2025-10-28,EWR,dep,delay15_rate,0.20869565217391303,0.22788881620748608,-0.019193164033573046,False
2025-10-29,EWR,dep,delay15_rate,0.1329479768786127,0.15761491551324006,-0.02466693863462735,False
2025-10-30,EWR,dep,delay15_rate,0.4845360824742268,0.3647154406734759,0.11982064180075092,False
2025-10-31,EWR,dep,delay15_rate,0.42342342342342343,0.3489193505345293,0.0745040728888941,False
2025-11-01,EWR,dep,delay15_rate,0.16058394160583941,0.19490228210154556,-0.034318340495706146,False
2025-11-02,EWR,dep,delay15_rate,0.4751552795031056,0.21794749901128538,0.25720778049182025,False
2025-11-03,EWR,dep,delay15_rate,0.2265193370165746,0.18467007562376742,0.041849261392807174,False
2025-11-04,EWR,dep,delay15_rate,0.2231638418079096,0.25905745562632937,-0.03589361381841977,False
2025-11-05,EWR,dep,delay15_rate,0.2022792022792023,0.1564015513532359,0.04587765092596638,False
2025-11-06,EWR,dep,delay15_rate,0.536723163841808,0.368822028767381,0.16790113507442694,False
2025-11-07,EWR,dep,delay15_rate,0.2664756446991404,0.25879138956533126,0.007684255133809159,False
2025-11-08,EWR,dep,delay15_rate,0.5294117647058824,0.35460780370234835,0.17480396100353401,False
2025-11-09,EWR,dep,delay15_rate,0.5245098039215687,0.413887040959687,0.11062276296188167,False
2025-11-10,EWR,dep,delay15_rate,0.44516129032258067,0.4472041336058835,-0.002042843283302842,False
2025-11-11,EWR,dep,delay15_rate,0.1875,0.2779102512536668,-0.0904102512536668,False
2025-11-12,EWR,dep,delay15_rate,0.10089020771513353,0.10991336437851806,-0.009023156663384532,False
2025-11-13,EWR,dep,delay15_rate,0.15497076023391812,0.21761561985892508,-0.06264485962500696,False
2025-11-14,EWR,dep,delay15_rate,0.07204610951008646,0.12329775857153236,-0.0512516490614459,False
2025-11-15,EWR,dep,delay15_rate,0.09782608695652174,0.09744630944909097,0.00037977750743077576,False
2025-11-16,EWR,dep,delay15_rate,0.15126050420168066,0.22627899078883296,-0.0750184865871523,False
2025-11-17,EWR,dep,delay15_rate,0.1184573002754821,0.21873016456174368,-0.10027286428626159,False
2025-11-18,EWR,dep,delay15_rate,0.07365439093484419,0.12942664058509404,-0.05577224965024985,False
2025-11-19,EWR,dep,delay15_rate,0.09375,0.09943122038531979,-0.005681220385319791,False
2025-11-20,EWR,dep,delay15_rate,0.18699186991869918,0.21498264138366607,-0.027990771464966896,False
2025-11-21,EWR,dep,delay15_rate,0.1620879120879121,0.2049369211901891,-0.042849009102277014,False
2025-11-22,EWR,dep,delay15_rate,0.13095238095238096,0.14259775082395992,-0.011645369871578964,False
2025-11-23,EWR,dep,delay15_rate,0.11684782608695653,0.13453498901896407,-0.017687162932007547,False
2025-11-24,EWR,dep,delay15_rate,0.17204301075268819,0.27334748139458676,-0.10130447064189857,False
2025-11-25,EWR,dep,delay15_rate,0.08333333333333333,0.16250860347624507,-0.07917527014291174,False
2025-11-26,EWR,dep,delay15_rate,0.16260162601626016,0.158094478985251,0.004507147031009157,False
2025-11-27,EWR,dep,delay15_rate,0.09947643979057591,0.06270556784307482,0.03677087194750109,False
2025-11-28,EWR,dep,delay15_rate,0.1749271137026239,0.15179898037668335,0.023128133325940547,False
2025-11-29,EWR,dep,delay15_rate,0.25073746312684364,0.3049964811683969,-0.05425901804155325,False
2025-11-30,EWR,dep,delay15_rate,0.4373259052924791,0.44403657631832344,-0.006710671025844328,False
2025-12-01,EWR,dep,delay15_rate,0.264,0.3395999531328178,-0.07559995313281781,False
2025-12-02,EWR,dep,delay15_rate,0.38243626062322944,0.3420158311990977,0.040420429424131765,False
2025-12-03,EWR,dep,delay15_rate,0.14929577464788732,0.2083685472774516,-0.059072772629564285,False
2025-12-04,EWR,dep,delay15_rate,0.23676880222841226,0.26600924525279385,-0.029240443024381585,False
2025-12-05,EWR,dep,delay15_rate,0.13966480446927373,0.2784780600833816,-0.13881325561410787,False
2025-12-06,EWR,dep,delay15_rate,0.13220338983050847,0.1371353649740799,-0.004931975143571438,False
2025-12-07,EWR,dep,delay15_rate,0.29859154929577464,0.31757867984817334,-0.0189871305523987,False
2025-12-08,EWR,dep,delay15_rate,0.1564245810055866,0.19801299416734158,-0.04158841316175499,False
2025-12-09,EWR,dep,delay15_rate,0.11781609195402298,0.13579014306145917,-0.01797405110743619,False
2025-12-10,EWR,dep,delay15_rate,0.1791907514450867,0.15304188577550285,0.026148865669583854,False
2025-12-11,EWR,dep,delay15_rate,0.17827298050139276,0.3096655627136022,-0.13139258221220942,False
2025-12-12,EWR,dep,delay15_rate,0.16991643454038996,0.2213146639811207,-0.05139822944073075,False
2025-12-13,EWR,dep,delay15_rate,0.14965986394557823,0.18409901644807836,-0.034439152502500125,False
2025-12-14,EWR,dep,delay15_rate,0.967391304347826,0.5320822357116668,0.43530906863615926,False
2025-12-15,EWR,dep,delay15_rate,0.4309859154929577,0.26984138299043686,0.16114453250252087,False
2025-12-16,EWR,dep,delay15_rate,0.15229885057471265,0.12726841466165648,0.025030435913056176,False
2025-12-17,EWR,dep,delay15_rate,0.13333333333333333,0.1490493638236921,-0.015716030490358773,False
2025-12-18,EWR,dep,delay15_rate,0.2471264367816092,0.2362810297577742,0.010845407023834991,False
2025-12-19,EWR,dep,delay15_rate,0.4294117647058823,0.45622872027468925,-0.02681695556880692,False
2025-12-20,EWR,dep,delay15_rate,0.2616822429906542,0.3439246557114447,-0.08224241272079053,False
2025-12-21,EWR,dep,delay15_rate,0.23976608187134502,0.2600362154414533,-0.020270133570108262,False
2025-12-22,EWR,dep,delay15_rate,0.19883040935672514,0.2590881234036189,-0.060257714046893784,False
2025-12-23,EWR,dep,delay15_rate,0.3,0.2742143721501411,0.025785627849858883,False
2025-12-24,EWR,dep,delay15_rate,0.17252396166134185,0.15762726783607456,0.014896693825267288,False
2025-12-25,EWR,dep,delay15_rate,0.19122257053291536,0.14832255417783247,0.04290001635508289,False
2025-12-26,EWR,dep,delay15_rate,0.3939393939393939,0.3599439832031861,0.03399541073620782,False
2025-12-27,EWR,dep,delay15_rate,0.6423357664233577,0.5305491396438966,0.11178662677946105,False
2025-12-28,EWR,dep,delay15_rate,0.45294117647058824,0.4000034144843428,0.052937761986245446,False
2025-12-29,EWR,dep,delay15_rate,0.36716417910447763,0.39769168956584056,-0.030527510461362928,False
2025-12-30,EWR,dep,delay15_rate,0.29289940828402367,0.34263926658329186,-0.04973985829926819,False
2025-12-31,EWR,dep,delay15_rate,0.22641509433962265,0.2274512370626382,-0.001036142723015554,False
2025-01-01,EWR,dep,nas_delay_per_scheduled_op,2.937888198757764,1.7792534273564162,1.1586347714013479,False
2025-01-02,EWR,dep,nas_delay_per_scheduled_op,1.7645348837209303,1.7842515950002196,-0.019716711279289312,False
2025-01-03,EWR,dep,nas_delay_per_scheduled_op,1.2058823529411764,2.3855493504457437,-1.1796669975045673,False
2025-01-04,EWR,dep,nas_delay_per_scheduled_op,3.411764705882353,4.405175744577711,-0.9934110386953585,False
2025-01-05,EWR,dep,nas_delay_per_scheduled_op,4.795977011494253,5.550549199406317,-0.7545721879120642,False
2025-01-06,EWR,dep,nas_delay_per_scheduled_op,12.953488372093023,8.691490709275929,4.261997662817095,False
2025-01-07,EWR,dep,nas_delay_per_scheduled_op,2.003021148036254,2.2911701665004927,-0.2881490184642388,False
2025-01-08,EWR,dep,nas_delay_per_scheduled_op,0.9878048780487805,1.7096452953675267,-0.7218404173187463,False
2025-01-09,EWR,dep,nas_delay_per_scheduled_op,3.6736526946107784,3.2327127718777704,0.44093992273300797,False
2025-01-10,EWR,dep,nas_delay_per_scheduled_op,2.225225225225225,5.517180318734377,-3.291955093509152,False
2025-01-11,EWR,dep,nas_delay_per_scheduled_op,4.223728813559322,7.094459102090064,-2.8707302885307424,False
2025-01-12,EWR,dep,nas_delay_per_scheduled_op,1.990909090909091,1.453439687996164,0.537469402912927,False
2025-01-13,EWR,dep,nas_delay_per_scheduled_op,1.191044776119403,1.5015548425767113,-0.3105100664573084,False
2025-01-14,EWR,dep,nas_delay_per_scheduled_op,0.86875,0.7863670171582521,0.08238298284174794,False
2025-01-15,EWR,dep,nas_delay_per_scheduled_op,0.44200626959247646,0.5218226899982376,-0.07981642040576109,False
2025-01-16,EWR,dep,nas_delay_per_scheduled_op,1.9251497005988023,2.3233317911518174,-0.3981820905530151,False
2025-01-17,EWR,dep,nas_delay_per_scheduled_op,0.7108433734939759,1.0361330864186893,-0.3252897129247134,False
2025-01-18,EWR,dep,nas_delay_per_scheduled_op,0.9319727891156463,1.46517165890543,-0.5331988697897837,False
2025-01-19,EWR,dep,nas_delay_per_scheduled_op,9.170731707317072,8.69309825138215,0.4776334559349227,False
2025-01-20,EWR,dep,nas_delay_per_scheduled_op,8.650746268656716,7.644972279373542,1.005773989283174,False
2025-01-21,EWR,dep,nas_delay_per_scheduled_op,6.375776397515528,5.214007775839343,1.1617686216761856,False
2025-01-22,EWR,dep,nas_delay_per_scheduled_op,3.3375,3.070146945221135,0.26735305477886495,False
2025-01-23,EWR,dep,nas_delay_per_scheduled_op,5.125748502994012,5.8580539847497395,-0.7323054817557271,False
2025-01-24,EWR,dep,nas_delay_per_scheduled_op,3.0843373493975905,2.1937110945905336,0.8906262548070569,False
2025-01-25,EWR,dep,nas_delay_per_scheduled_op,2.3966101694915256,1.8655723217289841,0.5310378477625415,False
2025-01-26,EWR,dep,nas_delay_per_scheduled_op,1.2424242424242424,0.8009960792308568,0.4414281631933856,False
2025-01-27,EWR,dep,nas_delay_per_scheduled_op,0.2507462686567164,0.8637268298019528,-0.6129805611452364,False
2025-01-28,EWR,dep,nas_delay_per_scheduled_op,0.2834890965732087,0.3623620019021841,-0.0788729053289754,False
2025-01-29,EWR,dep,nas_delay_per_scheduled_op,1.178125,1.7358422669710054,-0.5577172669710053,False
2025-01-30,EWR,dep,nas_delay_per_scheduled_op,2.059880239520958,1.3685781985545284,0.6913020409664294,False
2025-01-31,EWR,dep,nas_delay_per_scheduled_op,2.8855421686746987,1.8078717738385297,1.077670394836169,False
2025-02-01,EWR,dep,nas_delay_per_scheduled_op,0.9864406779661017,2.311323191205065,-1.3248825132389632,False
2025-02-02,EWR,dep,nas_delay_per_scheduled_op,10.248484848484848,5.169290941701406,5.079193906783442,False
2025-02-03,EWR,dep,nas_delay_per_scheduled_op,1.8776119402985074,2.986628339142052,-1.1090163988435444,False
2025-02-04,EWR,dep,nas_delay_per_scheduled_op,0.735202492211838,1.0364439771858982,-0.3012414849740602,False
2025-02-05,EWR,dep,nas_delay_per_scheduled_op,0.546875,1.7035119143674597,-1.1566369143674597,False
2025-02-06,EWR,dep,nas_delay_per_scheduled_op,22.38095238095238,10.585975999574778,11.794976381377602,False
2025-02-07,EWR,dep,nas_delay_per_scheduled_op,2.8397626112759644,3.2380620263951414,-0.398299415119177,False
2025-02-08,EWR,dep,nas_delay_per_scheduled_op,4.003389830508475,3.164640973804168,0.8387488567043069,False
2025-02-09,EWR,dep,nas_delay_per_scheduled_op,11.972560975609756,7.402148223401223,4.570412752208533,False
2025-02-10,EWR,dep,nas_delay_per_scheduled_op,5.491071428571429,4.086922810403162,1.404148618168267,False
2025-02-11,EWR,dep,nas_delay_per_scheduled_op,3.9906542056074765,5.019075683730733,-1.0284214781232568,False
2025-02-12,EWR,dep,nas_delay_per_scheduled_op,12.483076923076924,8.503159748003926,3.9799171750729982,False
2025-02-13,EWR,dep,nas_delay_per_scheduled_op,17.092957746478874,15.886746585282845,1.2062111611960287,False
2025-02-14,EWR,dep,nas_delay_per_scheduled_op,2.365439093484419,3.7113189924841694,-1.3458798989997502,False
2025-02-15,EWR,dep,nas_delay_per_scheduled_op,13.667731629392971,11.117614351351342,2.550117278041629,False
2025-02-16,EWR,dep,nas_delay_per_scheduled_op,12.994202898550725,15.489723837837934,-2.495520939287209,False
2025-02-17,EWR,dep,nas_delay_per_scheduled_op,10.584745762711865,10.97944982357057,-0.3947040608587056,False
2025-02-18,EWR,dep,nas_delay_per_scheduled_op,1.1902017291066282,3.2442802193211273,-2.054078490214499,False
2025-02-19,EWR,dep,nas_delay_per_scheduled_op,3.150442477876106,4.87907009632856,-1.7286276184524536,False
2025-02-20,EWR,dep,nas_delay_per_scheduled_op,5.374647887323944,7.705057471594709,-2.3304095842707655,False
2025-02-21,EWR,dep,nas_delay_per_scheduled_op,1.3739376770538243,1.6969704137984674,-0.32303273674464306,False
2025-02-22,EWR,dep,nas_delay_per_scheduled_op,0.0,0.9304909256756412,-0.9304909256756412,False
2025-02-23,EWR,dep,nas_delay_per_scheduled_op,0.867816091954023,1.504984899839529,-0.637168807885506,False
2025-02-24,EWR,dep,nas_delay_per_scheduled_op,0.5536723163841808,0.9669588099429892,-0.4132864935588084,False
2025-02-25,EWR,dep,nas_delay_per_scheduled_op,0.4553314121037464,0.5891716029481627,-0.13384019084441634,False
2025-02-26,EWR,dep,nas_delay_per_scheduled_op,0.1504424778761062,0.5770567593912695,-0.42661428151516334,False
2025-02-27,EWR,dep,nas_delay_per_scheduled_op,1.036619718309859,1.1979877349962924,-0.1613680166864333,False
2025-02-28,EWR,dep,nas_delay_per_scheduled_op,0.40793201133144474,1.7108804933808652,-1.3029484820494206,False
2025-03-01,EWR,dep,nas_delay_per_scheduled_op,3.647249190938511,1.827949984721294,1.819299206217217,False
2025-03-02,EWR,dep,nas_delay_per_scheduled_op,0.5517241379310345,2.1053154209176252,-1.5535912829865908,False
2025-03-03,EWR,dep,nas_delay_per_scheduled_op,0.1497175141242938,1.458952440281079,-1.309234926156785,False
2025-03-04,EWR,dep,nas_delay_per_scheduled_op,1.5420289855072464,4.002678231811377,-2.46064924630413,False
2025-03-05,EWR,dep,nas_delay_per_scheduled_op,2.5208333333333335,9.043943181967638,-6.523109848634304,False
2025-03-06,EWR,dep,nas_delay_per_scheduled_op,4.181303116147308,2.811792191765679,1.3695109243816295,False
2025-03-07,EWR,dep,nas_delay_per_scheduled_op,3.047887323943662,3.162150736464307,-0.11426341252064498,False
2025-03-08,EWR,dep,nas_delay_per_scheduled_op,1.5082508250825082,2.098176895906088,-0.5899260708235798,False
2025-03-09,EWR,dep,nas_delay_per_scheduled_op,2.6120689655172415,5.062478594168852,-2.450409628651611,False
2025-03-10,EWR,dep,nas_delay_per_scheduled_op,2.312676056338028,4.232377961350018,-1.9197019050119897,False
2025-03-11,EWR,dep,nas_delay_per_scheduled_op,0.20630372492836677,0.8736491053399477,-0.6673453804115809,False
2025-03-12,EWR,dep,nas_delay_per_scheduled_op,1.4022988505747127,1.7211755755663833,-0.31887672499167063,False
2025-03-13,EWR,dep,nas_delay_per_scheduled_op,0.4519774011299435,1.246031615082417,-0.7940542139524736,False
2025-03-14,EWR,dep,nas_delay_per_scheduled_op,0.43380281690140843,1.590429836148861,-1.1566270192474524,False
2025-03-15,EWR,dep,nas_delay_per_scheduled_op,18.688741721854306,8.873607839972356,9.81513388188195,False
2025-03-16,EWR,dep,nas_delay_per_scheduled_op,19.25574712643678,28.17516334297139,-8.91941621653461,False
2025-03-17,EWR,dep,nas_delay_per_scheduled_op,2.2929577464788733,3.308873577728065,-1.0159158312491918,False
2025-03-18,EWR,dep,nas_delay_per_scheduled_op,0.3218390804597701,1.0627497271374615,-0.7409106466776914,False
2025-03-19,EWR,dep,nas_delay_per_scheduled_op,1.3151862464183381,1.8233467046420686,-0.5081604582237305,False
2025-03-20,EWR,dep,nas_delay_per_scheduled_op,2.7458100558659218,2.849830827456549,-0.10402077159062717,False
2025-03-21,EWR,dep,nas_delay_per_scheduled_op,1.6713091922005572,2.433021282538229,-0.7617120903376717,False
2025-03-22,EWR,dep,nas_delay_per_scheduled_op,0.9413680781758957,1.1059788881974633,-0.16461081002156752,False
2025-03-23,EWR,dep,nas_delay_per_scheduled_op,1.2102272727272727,1.340574615092104,-0.13034734236483136,False
2025-03-24,EWR,dep,nas_delay_per_scheduled_op,2.916434540389972,3.4190565871879532,-0.5026220467979812,False
2025-03-25,EWR,dep,nas_delay_per_scheduled_op,0.9971671388101983,1.0558094353901055,-0.05864229657990727,False
2025-03-26,EWR,dep,nas_delay_per_scheduled_op,0.7350427350427351,1.0431577388718474,-0.3081150038291123,False
2025-03-27,EWR,dep,nas_delay_per_scheduled_op,0.9972067039106145,0.8616384788159429,0.1355682250946716,False
2025-03-28,EWR,dep,nas_delay_per_scheduled_op,1.286908077994429,1.2204536518742137,0.06645442612021535,False
2025-03-29,EWR,dep,nas_delay_per_scheduled_op,6.757281553398058,1.2824225505402367,5.474859002857821,False
2025-03-30,EWR,dep,nas_delay_per_scheduled_op,14.598784194528875,14.782148634472312,-0.18336443994343732,False
2025-03-31,EWR,dep,nas_delay_per_scheduled_op,15.923529411764706,18.21272036025606,-2.2891909484913544,False
2025-04-01,EWR,dep,nas_delay_per_scheduled_op,0.6626506024096386,3.6343508812841665,-2.971700278874528,False
2025-04-02,EWR,dep,nas_delay_per_scheduled_op,8.250755287009063,7.380884880870031,0.8698704061390323,False
2025-04-03,EWR,dep,nas_delay_per_scheduled_op,4.776785714285714,4.236659115222268,0.5401265990634467,False
2025-04-04,EWR,dep,nas_delay_per_scheduled_op,5.014925373134329,3.7507681699278903,1.2641572032064383,False
2025-04-05,EWR,dep,nas_delay_per_scheduled_op,6.228476821192053,4.621490436794214,1.606986384397839,False
2025-04-06,EWR,dep,nas_delay_per_scheduled_op,3.183734939759036,3.172022214544227,0.011712725214809261,False
2025-04-07,EWR,dep,nas_delay_per_scheduled_op,5.832835820895522,4.199512069177799,1.6333237517177235,False
2025-04-08,EWR,dep,nas_delay_per_scheduled_op,5.621212121212121,5.2272779139508385,0.3939342072612826,False
2025-04-09,EWR,dep,nas_delay_per_scheduled_op,1.9628482972136223,0.9370149624948996,1.0258333347187227,False
2025-04-10,EWR,dep,nas_delay_per_scheduled_op,1.3072289156626506,2.5331963624386105,-1.2259674467759598,False
2025-04-11,EWR,dep,nas_delay_per_scheduled_op,1.105421686746988,2.4039019263611254,-1.2984802396141375,False
2025-04-12,EWR,dep,nas_delay_per_scheduled_op,0.8557046979865772,2.6752081156406775,-1.8195034176541003,False
2025-04-13,EWR,dep,nas_delay_per_scheduled_op,0.693939393939394,2.17165150132441,-1.4777121073850163,False
2025-04-14,EWR,dep,nas_delay_per_scheduled_op,1.1280487804878048,2.104154562962087,-0.9761057824742823,False
2025-04-15,EWR,dep,nas_delay_per_scheduled_op,2.219672131147541,2.8302961017278254,-0.6106239705802845,False
2025-04-16,EWR,dep,nas_delay_per_scheduled_op,0.4098360655737705,1.831392030227578,-1.4215559646538074,False
2025-04-17,EWR,dep,nas_delay_per_scheduled_op,12.19047619047619,3.047105398236457,9.143370792239732,False
2025-04-18,EWR,dep,nas_delay_per_scheduled_op,7.3619047619047615,3.7013328767600013,3.66057188514476,False
2025-04-19,EWR,dep,nas_delay_per_scheduled_op,0.7003484320557491,1.1160803661669778,-0.41573193411122866,False
2025-04-20,EWR,dep,nas_delay_per_scheduled_op,7.561128526645768,4.372456885289988,3.1886716413557803,False
2025-04-21,EWR,dep,nas_delay_per_scheduled_op,9.563694267515924,3.3738509481495726,6.189843319366352,False
2025-04-22,EWR,dep,nas_delay_per_scheduled_op,1.6360655737704919,0.5992025132080209,1.036863060562471,False
2025-04-23,EWR,dep,nas_delay_per_scheduled_op,2.2222222222222223,2.325114555375165,-0.10289233315294277,False
2025-04-24,EWR,dep,nas_delay_per_scheduled_op,13.719745222929935,4.359228838442571,9.360516384487365,False
2025-04-25,EWR,dep,nas_delay_per_scheduled_op,5.579617834394904,2.6713688762888044,2.9082489581060997,False
2025-04-26,EWR,dep,nas_delay_per_scheduled_op,25.32638888888889,9.278691384706912,16.047697504181976,False
2025-04-27,EWR,dep,nas_delay_per_scheduled_op,5.028391167192429,4.1832665098011,0.8451246573913291,False
2025-04-28,EWR,dep,nas_delay_per_scheduled_op,14.939297124600639,3.462212285286619,11.47708483931402,False
2025-04-29,EWR,dep,nas_delay_per_scheduled_op,8.299342105263158,1.349352697899443,6.949989407363715,False
2025-04-30,EWR,dep,nas_delay_per_scheduled_op,10.193548387096774,5.066858412591965,5.126689974504809,False
2025-05-01,EWR,dep,nas_delay_per_scheduled_op,13.813455657492355,3.661382837893546,10.152072819598809,False
2025-05-02,EWR,dep,nas_delay_per_scheduled_op,13.176470588235293,9.063616688374818,4.112853899860475,False
2025-05-03,EWR,dep,nas_delay_per_scheduled_op,13.365131578947368,4.492595938234884,8.872535640712485,False
2025-05-04,EWR,dep,nas_delay_per_scheduled_op,16.67283950617284,10.588184576860883,6.084654929311956,False
2025-05-05,EWR,dep,nas_delay_per_scheduled_op,8.898148148148149,12.147393364662005,-3.249245216513856,False
2025-05-06,EWR,dep,nas_delay_per_scheduled_op,10.762820512820513,13.788794257536354,-3.0259737447158415,False
2025-05-07,EWR,dep,nas_delay_per_scheduled_op,2.887459807073955,1.8779629743608601,1.0094968327130949,False
2025-05-08,EWR,dep,nas_delay_per_scheduled_op,6.549382716049383,7.75475348406251,-1.2053707680131271,False
2025-05-09,EWR,dep,nas_delay_per_scheduled_op,21.574074074074073,11.715796241554878,9.858277832519194,False
2025-05-10,EWR,dep,nas_delay_per_scheduled_op,1.4440298507462686,1.8731614711370168,-0.42913162039074826,False
2025-05-11,EWR,dep,nas_delay_per_scheduled_op,6.907849829351536,4.6079540413234685,2.299895788028067,False
2025-05-12,EWR,dep,nas_delay_per_scheduled_op,6.580204778156997,4.361395949363891,2.2188088287931054,False
2025-05-13,EWR,dep,nas_delay_per_scheduled_op,0.950354609929078,2.3783438958517835,-1.4279892859227055,False
2025-05-14,EWR,dep,nas_delay_per_scheduled_op,13.833333333333334,9.980613320605059,3.852720012728275,False
2025-05-15,EWR,dep,nas_delay_per_scheduled_op,17.93877551020408,11.240255721926772,6.698519788277309,False
2025-05-16,EWR,dep,nas_delay_per_scheduled_op,22.142857142857142,18.806416898070566,3.3364402447865764,False
2025-05-17,EWR,dep,nas_delay_per_scheduled_op,1.237918215613383,1.9125711962432732,-0.6746529806298902,False
2025-05-18,EWR,dep,nas_delay_per_scheduled_op,3.2508474576271187,3.8884199668588337,-0.637572509231715,False
2025-05-19,EWR,dep,nas_delay_per_scheduled_op,1.4048442906574394,2.3897967002289207,-0.9849524095714812,False
2025-05-20,EWR,dep,nas_delay_per_scheduled_op,5.3610108303249095,2.8776647683442578,2.4833460619806518,True
2025-05-21,EWR,dep,nas_delay_per_scheduled_op,10.380434782608695,4.400973914458282,5.979460868150413,True
2025-05-22,EWR,dep,nas_delay_per_scheduled_op,17.38327526132404,4.0135185363800145,13.369756724944025,True
2025-05-23,EWR,dep,nas_delay_per_scheduled_op,5.557491289198606,2.2105698534675344,3.3469214357310717,True
2025-05-24,EWR,dep,nas_delay_per_scheduled_op,4.390151515151516,5.866968591769364,-1.4768170766178486,True
2025-05-25,EWR,dep,nas_delay_per_scheduled_op,5.31294964028777,4.813629572050134,0.499320068237636,True
2025-05-26,EWR,dep,nas_delay_per_scheduled_op,2.132867132867133,5.637368353459667,-3.5045012205925343,True
2025-05-27,EWR,dep,nas_delay_per_scheduled_op,2.148550724637681,5.5571677504938295,-3.4086170258561483,True
2025-05-28,EWR,dep,nas_delay_per_scheduled_op,2.0836363636363635,4.516091527868436,-2.432455164232073,True
2025-05-29,EWR,dep,nas_delay_per_scheduled_op,8.819444444444445,4.435916305065686,4.383528139378758,True
2025-05-30,EWR,dep,nas_delay_per_scheduled_op,4.251748251748252,8.253050820733973,-4.001302568985722,True
2025-05-31,EWR,dep,nas_delay_per_scheduled_op,1.5930232558139534,4.589344924738952,-2.996321668924998,True
2025-06-01,EWR,dep,nas_delay_per_scheduled_op,1.0669014084507042,1.9901286041690474,-0.9232271957183431,True
2025-06-02,EWR,dep,nas_delay_per_scheduled_op,2.1901408450704225,3.9090743800876298,-1.7189335350172072,True
2025-06-03,EWR,dep,nas_delay_per_scheduled_op,1.4444444444444444,1.5185551842659075,-0.0741107398214631,True
2025-06-04,EWR,dep,nas_delay_per_scheduled_op,0.9007352941176471,3.34548964523078,-2.444754351113133,True
2025-06-05,EWR,dep,nas_delay_per_scheduled_op,2.526315789473684,6.822888163337157,-4.296572373863473,True
2025-06-06,EWR,dep,nas_delay_per_scheduled_op,16.821428571428573,6.6334299071386456,10.187998664289928,True
2025-06-07,EWR,dep,nas_delay_per_scheduled_op,5.325490196078431,9.005912642817826,-3.680422446739395,True
2025-06-08,EWR,dep,nas_delay_per_scheduled_op,3.2302158273381294,7.034704558667379,-3.8044887313292493,True
2025-06-09,EWR,dep,nas_delay_per_scheduled_op,2.5035714285714286,5.556797622393432,-3.0532261938220038,True
2025-06-10,EWR,dep,nas_delay_per_scheduled_op,23.936567164179106,7.925577882624595,16.01098928155451,True
2025-06-11,EWR,dep,nas_delay_per_scheduled_op,2.074626865671642,5.5530924698902515,-3.4784656042186097,True
2025-06-12,EWR,dep,nas_delay_per_scheduled_op,2.7544483985765122,5.7115798925746475,-2.9571314939981352,True
2025-06-13,EWR,dep,nas_delay_per_scheduled_op,3.3309352517985613,7.225912858252663,-3.8949776064541015,True
2025-06-14,EWR,dep,nas_delay_per_scheduled_op,2.7644787644787643,9.131453704365994,-6.366974939887229,True
2025-06-15,EWR,dep,nas_delay_per_scheduled_op,5.155234657039712,9.38188186769684,-4.226647210657129,True
2025-06-16,EWR,dep,nas_delay_per_scheduled_op,1.758308157099698,2.740301388570469,-0.9819932314707709,False
2025-06-17,EWR,dep,nas_delay_per_scheduled_op,3.091194968553459,6.030505941505288,-2.9393109729518287,False
2025-06-18,EWR,dep,nas_delay_per_scheduled_op,26.75541795665635,10.529889383002192,16.225528573654156,False
2025-06-19,EWR,dep,nas_delay_per_scheduled_op,18.96706586826347,11.657059727690275,7.310006140573197,False
2025-06-20,EWR,dep,nas_delay_per_scheduled_op,2.0778443113772456,3.852770733059636,-1.7749264216823906,False
2025-06-21,EWR,dep,nas_delay_per_scheduled_op,2.2649006622516556,1.9214080427100528,0.3434926195416028,False
2025-06-22,EWR,dep,nas_delay_per_scheduled_op,20.938837920489295,7.607080718049419,13.331757202439876,False
2025-06-23,EWR,dep,nas_delay_per_scheduled_op,1.7694610778443114,2.0290485839049244,-0.259587506060613,False
2025-06-24,EWR,dep,nas_delay_per_scheduled_op,1.328173374613003,1.4698751207423015,-0.14170174612929842,False
2025-06-25,EWR,dep,nas_delay_per_scheduled_op,8.1375,8.49197193167928,-0.3544719316792815,False
2025-06-26,EWR,dep,nas_delay_per_scheduled_op,17.678260869565218,7.5823481355965665,10.095912733968651,False
2025-06-27,EWR,dep,nas_delay_per_scheduled_op,14.591836734693878,9.346029792597745,5.245806942096133,False
2025-06-28,EWR,dep,nas_delay_per_scheduled_op,9.170886075949367,7.128813175025327,2.0420729009240404,False
2025-06-29,EWR,dep,nas_delay_per_scheduled_op,5.760355029585799,6.64974808012769,-0.8893930505418908,False
2025-06-30,EWR,dep,nas_delay_per_scheduled_op,9.545454545454545,14.41637127887906,-4.870916733424515,False
2025-07-01,EWR,dep,nas_delay_per_scheduled_op,5.817910447761194,11.468784780946688,-5.650874333185494,False
2025-07-02,EWR,dep,nas_delay_per_scheduled_op,3.4658753709198815,8.872958446834433,-5.407083075914551,False
2025-07-03,EWR,dep,nas_delay_per_scheduled_op,19.08670520231214,13.604984999706303,5.481720202605835,False
2025-07-04,EWR,dep,nas_delay_per_scheduled_op,2.1598639455782314,1.976227453465721,0.18363649211251043,False
2025-07-05,EWR,dep,nas_delay_per_scheduled_op,1.6483870967741936,2.5768718547829863,-0.9284847580087927,False
2025-07-06,EWR,dep,nas_delay_per_scheduled_op,3.9737609329446064,5.365953375337523,-1.3921924423929166,False
2025-07-07,EWR,dep,nas_delay_per_scheduled_op,20.911174785100286,8.549943318013666,12.36123146708662,False
2025-07-08,EWR,dep,nas_delay_per_scheduled_op,6.465875370919881,11.290587643462615,-4.824712272542734,False
2025-07-09,EWR,dep,nas_delay_per_scheduled_op,4.565476190476191,8.830726212064675,-4.265250021588485,False
2025-07-10,EWR,dep,nas_delay_per_scheduled_op,5.597701149425287,6.7511929721620305,-1.1534918227367434,False
2025-07-11,EWR,dep,nas_delay_per_scheduled_op,7.008595988538682,3.744288276255574,3.2643077122831077,False
2025-07-12,EWR,dep,nas_delay_per_scheduled_op,21.88607594936709,11.483476978265095,10.402598971101995,False
2025-07-13,EWR,dep,nas_delay_per_scheduled_op,13.252173913043478,11.18699012947518,2.0651837835682976,False
2025-07-14,EWR,dep,nas_delay_per_scheduled_op,9.776504297994268,13.617854531286476,-3.841350233292207,False
2025-07-15,EWR,dep,nas_delay_per_scheduled_op,2.706231454005935,4.469249432178187,-1.7630179781722521,False
2025-07-16,EWR,dep,nas_delay_per_scheduled_op,13.621301775147929,10.104137393267443,3.5171643818804856,False
2025-07-17,EWR,dep,nas_delay_per_scheduled_op,1.9195402298850575,4.421714105846911,-2.502173875961854,False
2025-07-18,EWR,dep,nas_delay_per_scheduled_op,3.2550143266475646,3.936409494043028,-0.6813951673954635,False
2025-07-19,EWR,dep,nas_delay_per_scheduled_op,3.338607594936709,4.922443977418927,-1.5838363824822177,False
2025-07-20,EWR,dep,nas_delay_per_scheduled_op,5.504347826086956,6.073160665923071,-0.5688128398361147,False
2025-07-21,EWR,dep,nas_delay_per_scheduled_op,0.9140401146131805,2.240053867058483,-1.3260137524453024,False
2025-07-22,EWR,dep,nas_delay_per_scheduled_op,2.344213649851632,6.875462616270133,-4.531248966418501,False
2025-07-23,EWR,dep,nas_delay_per_scheduled_op,0.5088757396449705,2.176242697529393,-1.6673669578844228,False
2025-07-24,EWR,dep,nas_delay_per_scheduled_op,4.747126436781609,2.8241272536615774,1.9229991831200315,False
2025-07-25,EWR,dep,nas_delay_per_scheduled_op,9.994252873563218,9.537561414845134,0.45669145871808325,False
2025-07-26,EWR,dep,nas_delay_per_scheduled_op,1.542857142857143,1.318628937139347,0.224228205717796,False
2025-07-27,EWR,dep,nas_delay_per_scheduled_op,11.365217391304348,10.38233156426811,0.9828858270362382,False
2025-07-28,EWR,dep,nas_delay_per_scheduled_op,4.464183381088826,2.946112544597411,1.5180708364914146,False
2025-07-29,EWR,dep,nas_delay_per_scheduled_op,1.774480712166172,2.389276322648398,-0.6147956104822259,False
2025-07-30,EWR,dep,nas_delay_per_scheduled_op,18.183431952662723,3.980636846423902,14.20279510623882,False
2025-07-31,EWR,dep,nas_delay_per_scheduled_op,17.363112391930837,10.511266102083777,6.85184628984706,False
2025-08-01,EWR,dep,nas_delay_per_scheduled_op,4.127167630057803,4.307011372765452,-0.17984374270764913,False
2025-08-02,EWR,dep,nas_delay_per_scheduled_op,5.201298701298701,5.616679700403724,-0.4153809991050226,False
2025-08-03,EWR,dep,nas_delay_per_scheduled_op,2.436950146627566,3.3182089707384246,-0.8812588241108585,False
2025-08-04,EWR,dep,nas_delay_per_scheduled_op,2.1095100864553316,3.5545613632449156,-1.445051276789584,False
2025-08-05,EWR,dep,nas_delay_per_scheduled_op,1.0388059701492538,1.3325149564705443,-0.2937089863212905,False
2025-08-06,EWR,dep,nas_delay_per_scheduled_op,6.045045045045045,2.270996506937707,3.774048538107338,False
2025-08-07,EWR,dep,nas_delay_per_scheduled_op,1.346820809248555,1.9067423288765566,-0.5599215196280016,False
2025-08-08,EWR,dep,nas_delay_per_scheduled_op,1.319767441860465,3.914160075994841,-2.594392634134376,False
2025-08-09,EWR,dep,nas_delay_per_scheduled_op,4.8957654723127035,4.7422915087006885,0.15347396361201504,False
2025-08-10,EWR,dep,nas_delay_per_scheduled_op,1.9090909090909092,6.235678703880387,-4.326587794789478,False
2025-08-11,EWR,dep,nas_delay_per_scheduled_op,1.0347826086956522,1.5937273283163753,-0.5589447196207231,False
2025-08-12,EWR,dep,nas_delay_per_scheduled_op,3.165165165165165,2.8355261003277716,0.32963906483739347,False
2025-08-13,EWR,dep,nas_delay_per_scheduled_op,15.302114803625377,12.39392503795494,2.9081897656704374,False
2025-08-14,EWR,dep,nas_delay_per_scheduled_op,11.416184971098266,6.549043368309211,4.867141602789055,False
2025-08-15,EWR,dep,nas_delay_per_scheduled_op,1.4782608695652173,2.7555159802260607,-1.2772551106608434,False
2025-08-16,EWR,dep,nas_delay_per_scheduled_op,3.0451612903225804,3.2696301702309425,-0.22446887990836206,False
2025-08-17,EWR,dep,nas_delay_per_scheduled_op,9.776470588235295,7.081161456190719,2.695309132044576,False
2025-08-18,EWR,dep,nas_delay_per_scheduled_op,3.177325581395349,5.572444826291046,-2.3951192448956973,False
2025-08-19,EWR,dep,nas_delay_per_scheduled_op,0.8955223880597015,1.8415548963913662,-0.9460325083316646,False
2025-08-20,EWR,dep,nas_delay_per_scheduled_op,3.068862275449102,4.1895015153400745,-1.1206392398909726,False
2025-08-21,EWR,dep,nas_delay_per_scheduled_op,3.9190751445086707,6.334954763516734,-2.4158796190080634,False
2025-08-22,EWR,dep,nas_delay_per_scheduled_op,2.6040462427745665,10.405508020547668,-7.801461777773101,False
2025-08-23,EWR,dep,nas_delay_per_scheduled_op,4.2125,7.034447323589615,-2.8219473235896144,False
2025-08-24,EWR,dep,nas_delay_per_scheduled_op,2.6318840579710145,2.6439295917749424,-0.01204553380392781,False
2025-08-25,EWR,dep,nas_delay_per_scheduled_op,1.1642651296829971,1.3582045317378504,-0.19393940205485327,False
2025-08-26,EWR,dep,nas_delay_per_scheduled_op,0.6,0.8963954460452189,-0.29639544604521895,False
2025-08-27,EWR,dep,nas_delay_per_scheduled_op,0.24251497005988024,1.3060943476109639,-1.0635793775510836,False
2025-08-28,EWR,dep,nas_delay_per_scheduled_op,1.7803468208092486,3.896480977305173,-2.1161341564959244,False
2025-08-29,EWR,dep,nas_delay_per_scheduled_op,2.0229885057471266,3.1667928966782335,-1.1438043909311069,False
2025-08-30,EWR,dep,nas_delay_per_scheduled_op,0.9716088328075709,2.3684194453598684,-1.3968106125522974,False
2025-08-31,EWR,dep,nas_delay_per_scheduled_op,1.180952380952381,2.317010913923172,-1.136058532970791,False
2025-09-01,EWR,dep,nas_delay_per_scheduled_op,1.264367816091954,1.3710084823543636,-0.10664066626240953,False
2025-09-02,EWR,dep,nas_delay_per_scheduled_op,1.5769230769230769,1.293491885046768,0.28343119187630883,False
2025-09-03,EWR,dep,nas_delay_per_scheduled_op,0.9815384615384616,1.1975163099051556,-0.21597784836669398,False
2025-09-04,EWR,dep,nas_delay_per_scheduled_op,22.333333333333332,12.94367514057065,9.389658192762683,False
2025-09-05,EWR,dep,nas_delay_per_scheduled_op,3.4709302325581395,4.327677915170659,-0.8567476826125193,False
2025-09-06,EWR,dep,nas_delay_per_scheduled_op,15.067164179104477,12.339973619683043,2.727190559421434,False
2025-09-07,EWR,dep,nas_delay_per_scheduled_op,6.204610951008646,7.361830067226975,-1.1572191162183296,False
2025-09-08,EWR,dep,nas_delay_per_scheduled_op,1.7254335260115607,3.316161626147405,-1.5907281001358444,False
2025-09-09,EWR,dep,nas_delay_per_scheduled_op,1.7876923076923077,1.193694034515469,0.5939982731768387,False
2025-09-10,EWR,dep,nas_delay_per_scheduled_op,2.353846153846154,2.0438831444311236,0.3099630094150303,False
2025-09-11,EWR,dep,nas_delay_per_scheduled_op,2.07492795389049,2.3410966652386755,-0.26616871134818565,False
2025-09-12,EWR,dep,nas_delay_per_scheduled_op,1.5809248554913296,1.7354023268354861,-0.15447747134415657,False
2025-09-13,EWR,dep,nas_delay_per_scheduled_op,3.9592592592592593,2.1821782264679626,1.7770810327912967,False
2025-09-14,EWR,dep,nas_delay_per_scheduled_op,2.6742857142857144,1.4755742638615865,1.1987114504241279,False
2025-09-15,EWR,dep,nas_delay_per_scheduled_op,1.6618497109826589,1.556445331860089,0.10540437912256984,False
2025-09-16,EWR,dep,nas_delay_per_scheduled_op,1.9634146341463414,1.89974104492827,0.06367358921807154,False
2025-09-17,EWR,dep,nas_delay_per_scheduled_op,10.076452599388379,5.7226777047527415,4.353774894635637,False
2025-09-18,EWR,dep,nas_delay_per_scheduled_op,2.6091954022988504,3.1996485080657298,-0.5904531057668794,False
2025-09-19,EWR,dep,nas_delay_per_scheduled_op,1.344927536231884,2.459009289248763,-1.1140817530168792,False
2025-09-20,EWR,dep,nas_delay_per_scheduled_op,3.803703703703704,1.9863719578032468,1.817331745900457,False
2025-09-21,EWR,dep,nas_delay_per_scheduled_op,1.836676217765043,1.8706868399124663,-0.03401062214742323,False
2025-09-22,EWR,dep,nas_delay_per_scheduled_op,1.5115606936416186,2.0534637124362733,-0.5419030187946547,False
2025-09-23,EWR,dep,nas_delay_per_scheduled_op,4.079027355623101,2.779695172165379,1.2993321834577216,False
2025-09-24,EWR,dep,nas_delay_per_scheduled_op,2.870769230769231,3.250507142595911,-0.37973791182667993,False
2025-09-25,EWR,dep,nas_delay_per_scheduled_op,10.696022727272727,12.874149242284794,-2.1781265150120674,False
2025-09-26,EWR,dep,nas_delay_per_scheduled_op,2.1919770773638967,3.304901217862135,-1.1129241404982384,False
2025-09-27,EWR,dep,nas_delay_per_scheduled_op,1.3419117647058822,0.4359818554098629,0.9059299092960194,False
2025-09-28,EWR,dep,nas_delay_per_scheduled_op,1.9772079772079771,1.9880162696915604,-0.010808292483583282,False
2025-09-29,EWR,dep,nas_delay_per_scheduled_op,1.2877492877492878,1.647890231969683,-0.36014094422039533,False
2025-09-30,EWR,dep,nas_delay_per_scheduled_op,0.5885885885885885,0.5901250373468625,-0.0015364487582739672,False
2025-10-01,EWR,dep,nas_delay_per_scheduled_op,1.2642642642642643,1.1296893429949941,0.13457492126927018,False
2025-10-02,EWR,dep,nas_delay_per_scheduled_op,0.8413597733711048,1.611998189416179,-0.7706384160450742,False
2025-10-03,EWR,dep,nas_delay_per_scheduled_op,2.842406876790831,1.2553913777010344,1.5870154990897967,False
2025-10-04,EWR,dep,nas_delay_per_scheduled_op,0.5802047781569966,1.023744717815647,-0.44353993965865035,False
2025-10-05,EWR,dep,nas_delay_per_scheduled_op,4.2905982905982905,1.962108635199331,2.3284896553989594,False
2025-10-06,EWR,dep,nas_delay_per_scheduled_op,3.3181818181818183,5.495883641545185,-2.1777018233633667,False
2025-10-07,EWR,dep,nas_delay_per_scheduled_op,2.9765395894428153,2.5931380370889796,0.38340155235383566,False
2025-10-08,EWR,dep,nas_delay_per_scheduled_op,3.090634441087613,3.0297959541661506,0.06083848692146265,False
2025-10-09,EWR,dep,nas_delay_per_scheduled_op,2.9318181818181817,4.660502753519927,-1.728684571701745,False
2025-10-10,EWR,dep,nas_delay_per_scheduled_op,13.747159090909092,3.6120060854688045,10.135153005440287,False
2025-10-11,EWR,dep,nas_delay_per_scheduled_op,23.45608108108108,2.7872750466348912,20.668806034446188,False
2025-10-12,EWR,dep,nas_delay_per_scheduled_op,6.679083094555874,9.41526627103345,-2.736183176477577,False
2025-10-13,EWR,dep,nas_delay_per_scheduled_op,6.07977207977208,9.454935005924147,-3.3751629261520675,False
2025-10-14,EWR,dep,nas_delay_per_scheduled_op,8.041055718475073,10.119878988734346,-2.0788232702592726,False
2025-10-15,EWR,dep,nas_delay_per_scheduled_op,8.061764705882354,1.3193696038814404,6.742395102000913,False
2025-10-16,EWR,dep,nas_delay_per_scheduled_op,1.5056818181818181,2.9206436948981347,-1.4149618767163166,False
2025-10-17,EWR,dep,nas_delay_per_scheduled_op,5.017045454545454,0.8517049721195593,4.165340482425895,False
2025-10-18,EWR,dep,nas_delay_per_scheduled_op,2.5084745762711864,3.557949496556366,-1.0494749202851796,False
2025-10-19,EWR,dep,nas_delay_per_scheduled_op,4.168091168091168,9.437855242703428,-5.26976407461226,False
2025-10-20,EWR,dep,nas_delay_per_scheduled_op,9.420454545454545,3.84738743184122,5.573067113613325,False
2025-10-21,EWR,dep,nas_delay_per_scheduled_op,6.3049853372434015,1.9617374096774303,4.3432479275659714,False
2025-10-22,EWR,dep,nas_delay_per_scheduled_op,4.8609467455621305,3.732669174438419,1.1282775711237116,False
2025-10-23,EWR,dep,nas_delay_per_scheduled_op,2.7443181818181817,3.188753446997456,-0.44443526517927445,False
2025-10-24,EWR,dep,nas_delay_per_scheduled_op,8.723646723646723,2.6974826900531768,6.026164033593547,False
2025-10-25,EWR,dep,nas_delay_per_scheduled_op,15.63050847457627,3.0377013487254554,12.592807125850815,False
2025-10-26,EWR,dep,nas_delay_per_scheduled_op,9.88857938718663,11.523743989476834,-1.6351646022902049,False
2025-10-27,EWR,dep,nas_delay_per_scheduled_op,5.146814404432133,7.8864572564588435,-2.7396428520267104,False
2025-10-28,EWR,dep,nas_delay_per_scheduled_op,5.121739130434783,3.5905232928640882,1.5312158375706946,False
2025-10-29,EWR,dep,nas_delay_per_scheduled_op,1.8208092485549132,2.7843976138208,-0.963588365265887,False
2025-10-30,EWR,dep,nas_delay_per_scheduled_op,26.76685393258427,16.647083468272644,10.119770464311625,False
2025-10-31,EWR,dep,nas_delay_per_scheduled_op,9.586206896551724,7.379091213974229,2.207115682577495,False
2025-11-01,EWR,dep,nas_delay_per_scheduled_op,4.825454545454545,2.82377847388068,2.0016760715738653,False
2025-11-02,EWR,dep,nas_delay_per_scheduled_op,7.197771587743732,4.94739201794159,2.250379569802142,False
2025-11-03,EWR,dep,nas_delay_per_scheduled_op,16.953168044077135,4.415897470043854,12.53727057403328,False
2025-11-04,EWR,dep,nas_delay_per_scheduled_op,8.828169014084507,4.983356512201068,3.844812501883439,False
2025-11-05,EWR,dep,nas_delay_per_scheduled_op,6.59375,4.506272991465647,2.0874770085343526,False
2025-11-06,EWR,dep,nas_delay_per_scheduled_op,18.89071038251366,8.167105859354537,10.723604523159123,False
2025-11-07,EWR,dep,nas_delay_per_scheduled_op,9.98342541436464,6.425775418179244,3.557649996185397,False
2025-11-08,EWR,dep,nas_delay_per_scheduled_op,35.38380281690141,23.27995550658026,12.103847310321147,False
2025-11-09,EWR,dep,nas_delay_per_scheduled_op,38.033149171270715,26.725645552790986,11.307503618479728,False
2025-11-10,EWR,dep,nas_delay_per_scheduled_op,14.23076923076923,10.810105910761049,3.420663320008181,False
2025-11-11,EWR,dep,nas_delay_per_scheduled_op,3.2661064425770308,3.0626706693733112,0.20343577320371953,False
2025-11-12,EWR,dep,nas_delay_per_scheduled_op,0.9914772727272727,1.8942179325736215,-0.9027406598463488,False
2025-11-13,EWR,dep,nas_delay_per_scheduled_op,4.065934065934066,4.1560694783080825,-0.09013541237401679,False
2025-11-14,EWR,dep,nas_delay_per_scheduled_op,1.0276243093922652,1.396618045406915,-0.3689937360146498,False
2025-11-15,EWR,dep,nas_delay_per_scheduled_op,1.517605633802817,1.224347029733468,0.293258604069349,False
2025-11-16,EWR,dep,nas_delay_per_scheduled_op,0.6426592797783933,2.9747119650735923,-2.332052685295199,False
2025-11-17,EWR,dep,nas_delay_per_scheduled_op,2.4325068870523414,2.917070908108297,-0.4845640210559554,False
2025-11-18,EWR,dep,nas_delay_per_scheduled_op,1.3983050847457628,0.9146109235596539,0.48369416118610886,False
2025-11-19,EWR,dep,nas_delay_per_scheduled_op,0.8409090909090909,0.8156636185482818,0.025245472360809096,False
2025-11-20,EWR,dep,nas_delay_per_scheduled_op,4.281842818428184,3.049431132423295,1.2324116860048888,False
2025-11-21,EWR,dep,nas_delay_per_scheduled_op,1.0572207084468666,1.5404535148584457,-0.4832328064115792,False
2025-11-22,EWR,dep,nas_delay_per_scheduled_op,1.3392330383480826,0.6221659843651318,0.7170670539829508,False
2025-11-23,EWR,dep,nas_delay_per_scheduled_op,1.1081081081081081,1.0999705873687244,0.008137520739383675,False
2025-11-24,EWR,dep,nas_delay_per_scheduled_op,1.685483870967742,3.4516603711495266,-1.7661765001817846,False
2025-11-25,EWR,dep,nas_delay_per_scheduled_op,0.9838709677419355,1.425024947040892,-0.4411539792989565,False
2025-11-26,EWR,dep,nas_delay_per_scheduled_op,3.6476964769647697,2.9352492003894617,0.712447276575308,False
2025-11-27,EWR,dep,nas_delay_per_scheduled_op,1.12565445026178,1.0188771034818698,0.10677734677991024,False
2025-11-28,EWR,dep,nas_delay_per_scheduled_op,1.1690962099125364,1.2544113946920274,-0.08531518477949107,False
2025-11-29,EWR,dep,nas_delay_per_scheduled_op,7.692528735632184,6.953143827575684,0.7393849080564996,False
2025-11-30,EWR,dep,nas_delay_per_scheduled_op,8.274193548387096,6.766129741419441,1.5080638069676553,False
2025-12-01,EWR,dep,nas_delay_per_scheduled_op,6.002652519893899,3.190654188809127,2.811998331084772,False
2025-12-02,EWR,dep,nas_delay_per_scheduled_op,5.912676056338028,3.4799679326327917,2.432708123705236,False
2025-12-03,EWR,dep,nas_delay_per_scheduled_op,2.583098591549296,2.3962001308314766,0.18689846071781924,False
2025-12-04,EWR,dep,nas_delay_per_scheduled_op,4.561111111111111,4.846858851101325,-0.28574773999021374,False
2025-12-05,EWR,dep,nas_delay_per_scheduled_op,3.952777777777778,5.10703844685679,-1.154260669079012,False
2025-12-06,EWR,dep,nas_delay_per_scheduled_op,4.535593220338983,2.376692947581292,2.158900272757691,False
2025-12-07,EWR,dep,nas_delay_per_scheduled_op,9.754189944134078,11.417987333442566,-1.6637973893084883,False
2025-12-08,EWR,dep,nas_delay_per_scheduled_op,2.2049861495844874,2.2994780293018544,-0.09449187971736706,False
2025-12-09,EWR,dep,nas_delay_per_scheduled_op,0.7959770114942529,1.3785168078153365,-0.5825397963210835,False
2025-12-10,EWR,dep,nas_delay_per_scheduled_op,2.1647398843930636,1.6625162259165802,0.5022236584764834,False
2025-12-11,EWR,dep,nas_delay_per_scheduled_op,2.4166666666666665,6.480487614339235,-4.063820947672568,False
2025-12-12,EWR,dep,nas_delay_per_scheduled_op,1.0638888888888889,1.534740285864902,-0.4708513969760131,False
2025-12-13,EWR,dep,nas_delay_per_scheduled_op,2.8979591836734695,2.6279046923698393,0.27005449130363024,False
2025-12-14,EWR,dep,nas_delay_per_scheduled_op,24.02513966480447,18.36374243551112,5.66139722929335,False
2025-12-15,EWR,dep,nas_delay_per_scheduled_op,2.958448753462604,2.5936121974276154,0.36483655603498866,False
2025-12-16,EWR,dep,nas_delay_per_scheduled_op,1.0343839541547277,1.103792619289218,-0.06940866513449029,False
2025-12-17,EWR,dep,nas_delay_per_scheduled_op,1.638728323699422,2.200215904848281,-0.5614875811488589,False
2025-12-18,EWR,dep,nas_delay_per_scheduled_op,3.7902298850574714,5.9295020167202575,-2.139272131662786,False
2025-12-19,EWR,dep,nas_delay_per_scheduled_op,9.632478632478632,7.443870746119287,2.1886078863593452,False
2025-12-20,EWR,dep,nas_delay_per_scheduled_op,5.0303951367781155,3.4953252220594853,1.5350699147186302,False
2025-12-21,EWR,dep,nas_delay_per_scheduled_op,8.238372093023257,4.768878636452321,3.4694934565709357,False
2025-12-22,EWR,dep,nas_delay_per_scheduled_op,1.5232558139534884,1.835464993520283,-0.3122091795667945,False
2025-12-23,EWR,dep,nas_delay_per_scheduled_op,12.486803519061583,4.719374991701541,7.7674285273600425,False
2025-12-24,EWR,dep,nas_delay_per_scheduled_op,2.1687898089171975,1.8646706315589416,0.3041191773582559,False
2025-12-25,EWR,dep,nas_delay_per_scheduled_op,2.652037617554859,2.8992477273269976,-0.24721010977213886,False
2025-12-26,EWR,dep,nas_delay_per_scheduled_op,15.603498542274053,9.926708273433444,5.676790268840609,False
2025-12-27,EWR,dep,nas_delay_per_scheduled_op,10.63030303030303,12.731321373727544,-2.1010183434245135,False
2025-12-28,EWR,dep,nas_delay_per_scheduled_op,8.134502923976608,7.829083744956466,0.3054191790201424,False
2025-12-29,EWR,dep,nas_delay_per_scheduled_op,7.247093023255814,5.087289782639252,2.1598032406165615,False
2025-12-30,EWR,dep,nas_delay_per_scheduled_op,1.5542521994134897,3.474013141130218,-1.9197609417167283,False
2025-12-31,EWR,dep,nas_delay_per_scheduled_op,1.9341692789968652,2.0075260181390457,-0.07335673914218055,False
