airport,side,period,hour_group,hours,avg_ops_per_hour,p90_ops_per_hour,p95_ops_per_hour,max_ops_per_hour,share_above_28,share_above_34,scheduled_ops,operated_ops,cancelled_ops,delay15_ops,nas_delay_minutes,cancel_rate,delay15_rate,nas_delay_per_scheduled_op
ATL,arr,early_interim,Facilitated hours,238,49.69747899159664,69.30000000000001,78.14999999999998,82,0.907563025210084,0.8697478991596639,11828,11790.0,38.0,2120.0,30405.0,0.003212715590125127,0.179813401187447,2.5705951978356443
ATL,arr,early_interim,Other hours,98,5.816326530612245,19.0,23.0,24,0.0,0.0,570,567.0,3.0,150.0,1295.0,0.005263157894736842,0.26455026455026454,2.2719298245614037
ATL,arr,late_interim,Facilitated hours,221,51.58371040723982,70.0,84.0,90,0.9276018099547512,0.8733031674208145,11400,11286.0,114.0,2964.0,53298.0,0.01,0.26262626262626265,4.675263157894737
ATL,arr,late_interim,Other hours,91,5.5054945054945055,18.0,21.0,24,0.0,0.0,501,493.0,8.0,170.0,1382.0,0.015968063872255488,0.3448275862068966,2.758483033932136
ATL,arr,reference,Facilitated hours,476,47.89495798319328,72.0,76.25,83,0.8823529411764706,0.8592436974789915,22798,22506.0,292.0,4381.0,73464.0,0.012808141065005703,0.1946592019905803,3.222387928765681
ATL,arr,reference,Other hours,196,6.030612244897959,17.5,21.0,23,0.0,0.0,1182,1164.0,18.0,349.0,4132.0,0.015228426395939087,0.29982817869415807,3.495769881556684
ATL,arr,stress,Facilitated hours,595,48.680672268907564,68.0,79.0,84,0.8890756302521008,0.8756302521008403,28965,28877.0,88.0,5432.0,74890.0,0.003038149490764716,0.18810818298299684,2.585534265492836
ATL,arr,stress,Other hours,245,5.7877551020408164,17.599999999999994,21.799999999999983,26,0.0,0.0,1418,1403.0,15.0,418.0,4346.0,0.010578279266572637,0.29793300071275836,3.0648801128349787
ATL,dep,early_interim,Facilitated hours,238,51.3109243697479,67.30000000000001,70.14999999999998,74,0.9411764705882353,0.9369747899159664,12212,12180.0,32.0,2791.0,39363.0,0.0026203734032099572,0.22914614121510674,3.2233049459547987
ATL,dep,early_interim,Other hours,98,1.8979591836734695,9.0,9.0,9,0.0,0.0,186,184.0,2.0,39.0,187.0,0.010752688172043012,0.21195652173913043,1.0053763440860215
ATL,dep,late_interim,Facilitated hours,221,52.380090497737555,71.0,74.0,79,0.9411764705882353,0.9276018099547512,11576,11455.0,121.0,4066.0,59953.0,0.010452660677263304,0.3549541684853776,5.179077401520387
ATL,dep,late_interim,Other hours,91,3.6923076923076925,8.0,28.5,33,0.054945054945054944,0.0,336,330.0,6.0,173.0,952.0,0.017857142857142856,0.5242424242424243,2.8333333333333335
ATL,dep,reference,Facilitated hours,476,49.53991596638655,64.5,67.25,78,0.9285714285714286,0.9033613445378151,23581,23298.0,283.0,5768.0,85567.0,0.012001187396632883,0.2475748991329728,3.6286417030660276
ATL,dep,reference,Other hours,196,2.020408163265306,8.0,9.0,12,0.0,0.0,396,388.0,8.0,83.0,533.0,0.020202020202020204,0.21391752577319587,1.345959595959596
ATL,dep,stress,Facilitated hours,595,50.319327731092436,68.0,70.0,77,0.9361344537815126,0.9193277310924369,29940,29851.0,89.0,6954.0,145655.0,0.0029726118904475616,0.23295701986533116,4.864896459585839
ATL,dep,stress,Other hours,245,1.779591836734694,7.0,9.0,11,0.0,0.0,436,434.0,2.0,85.0,711.0,0.0045871559633027525,0.195852534562212,1.6307339449541285
AUS,arr,early_interim,Facilitated hours,238,12.941176470588236,19.0,20.0,22,0.0,0.0,3080,3064.0,16.0,817.0,17249.0,0.005194805194805195,0.266644908616188,5.600324675324675
AUS,arr,early_interim,Other hours,98,3.7142857142857144,19.0,22.0,22,0.0,0.0,364,360.0,4.0,123.0,2400.0,0.01098901098901099,0.3416666666666667,6.593406593406593
AUS,arr,late_interim,Facilitated hours,221,13.099547511312217,19.0,20.0,23,0.0,0.0,2895,2878.0,17.0,829.0,13593.0,0.0058721934369602765,0.288047255038221,4.6953367875647665
AUS,arr,late_interim,Other hours,91,4.428571428571429,18.0,21.0,23,0.0,0.0,403,398.0,5.0,156.0,1019.0,0.01240694789081886,0.39195979899497485,2.5285359801488836
AUS,arr,reference,Facilitated hours,476,12.569327731092438,18.0,19.0,22,0.0,0.0,5983,5936.0,47.0,1080.0,10584.0,0.007855590840715361,0.18194070080862534,1.7690122012368377
AUS,arr,reference,Other hours,196,3.9591836734693877,18.0,21.0,22,0.0,0.0,776,767.0,9.0,206.0,1879.0,0.011597938144329897,0.2685788787483703,2.4213917525773194
AUS,arr,stress,Facilitated hours,595,13.035294117647059,19.0,20.0,24,0.0,0.0,7756,7684.0,72.0,1788.0,34204.0,0.009283135636926251,0.23269130661114004,4.410005157297576
AUS,arr,stress,Other hours,245,3.6448979591836737,19.0,20.0,23,0.0,0.0,893,888.0,5.0,231.0,1882.0,0.005599104143337066,0.26013513513513514,2.107502799552072
AUS,dep,early_interim,Facilitated hours,238,13.823529411764707,19.0,20.0,23,0.0,0.0,3290,3269.0,21.0,1036.0,12885.0,0.006382978723404255,0.3169164882226981,3.9164133738601823
AUS,dep,early_interim,Other hours,98,1.5816326530612246,9.0,13.0,13,0.0,0.0,155,154.0,1.0,29.0,542.0,0.0064516129032258064,0.18831168831168832,3.496774193548387
AUS,dep,late_interim,Facilitated hours,221,14.117647058823529,19.0,21.0,23,0.0,0.0,3120,3101.0,19.0,973.0,14201.0,0.00608974358974359,0.31376975169300225,4.551602564102564
AUS,dep,late_interim,Other hours,91,1.967032967032967,12.0,15.0,16,0.0,0.0,179,178.0,1.0,5.0,207.0,0.00558659217877095,0.028089887640449437,1.1564245810055866
AUS,dep,reference,Facilitated hours,476,13.623949579831933,19.0,20.0,23,0.0,0.0,6485,6428.0,57.0,1254.0,15352.0,0.008789514263685428,0.19508400746733043,2.367309175019275
AUS,dep,reference,Other hours,196,1.4183673469387754,9.0,11.0,12,0.0,0.0,278,276.0,2.0,14.0,299.0,0.007194244604316547,0.050724637681159424,1.0755395683453237
AUS,dep,stress,Facilitated hours,595,13.860504201680673,19.0,20.0,22,0.0,0.0,8247,8162.0,85.0,2100.0,32607.0,0.010306778222383897,0.25728987993138935,3.9538013823208438
AUS,dep,stress,Other hours,245,1.620408163265306,10.0,12.0,14,0.0,0.0,397,397.0,0.0,20.0,421.0,0.0,0.05037783375314862,1.0604534005037782
BNA,arr,early_interim,Facilitated hours,238,16.886554621848738,22.30000000000001,26.149999999999977,30,0.004201680672268907,0.0,4019,3982.0,37.0,815.0,11701.0,0.00920627021647176,0.20467101958814665,2.911420751430704
BNA,arr,early_interim,Other hours,98,2.9285714285714284,9.299999999999997,13.0,16,0.0,0.0,287,286.0,1.0,73.0,376.0,0.003484320557491289,0.25524475524475526,1.3101045296167246
BNA,arr,late_interim,Facilitated hours,221,16.764705882352942,23.0,25.0,28,0.0,0.0,3705,3682.0,23.0,1014.0,14699.0,0.006207827260458839,0.2753938077131993,3.9673414304993253
BNA,arr,late_interim,Other hours,91,3.681318681318681,12.0,14.0,19,0.0,0.0,335,326.0,9.0,119.0,599.0,0.026865671641791045,0.36503067484662577,1.7880597014925372
BNA,arr,reference,Facilitated hours,476,15.741596638655462,22.0,24.0,30,0.0021008403361344537,0.0,7493,7412.0,81.0,1606.0,28348.0,0.010810089416789003,0.21667566109012412,3.7832643800880823
BNA,arr,reference,Other hours,196,2.622448979591837,8.5,13.0,15,0.0,0.0,514,506.0,8.0,155.0,1676.0,0.01556420233463035,0.30632411067193677,3.2607003891050583
BNA,arr,stress,Facilitated hours,595,16.653781512605043,23.0,26.0,29,0.01680672268907563,0.0,9909,9832.0,77.0,2011.0,25803.0,0.007770713492784337,0.20453620829943042,2.603996366939146
BNA,arr,stress,Other hours,245,2.6530612244897958,8.599999999999994,11.0,17,0.0,0.0,650,646.0,4.0,158.0,2141.0,0.006153846153846154,0.24458204334365324,3.293846153846154
BNA,dep,early_interim,Facilitated hours,238,17.462184873949578,25.0,26.0,33,0.025210084033613446,0.0,4156,4119.0,37.0,984.0,15116.0,0.00890279114533205,0.23889293517844137,3.637151106833494
BNA,dep,early_interim,Other hours,98,1.530612244897959,9.0,14.0,14,0.0,0.0,150,149.0,1.0,5.0,213.0,0.006666666666666667,0.03355704697986577,1.42
BNA,dep,late_interim,Facilitated hours,221,17.529411764705884,25.0,27.0,34,0.03619909502262444,0.0,3874,3848.0,26.0,1209.0,19854.0,0.006711409395973154,0.3141891891891892,5.124935467217346
BNA,dep,late_interim,Other hours,91,1.8131868131868132,12.0,14.0,16,0.0,0.0,165,161.0,4.0,13.0,144.0,0.024242424242424242,0.08074534161490683,0.8727272727272727
BNA,dep,reference,Facilitated hours,476,16.09873949579832,24.0,26.25,28,0.0,0.0,7663,7572.0,91.0,1730.0,22529.0,0.011875244682239331,0.22847332276809298,2.939971290617252
BNA,dep,reference,Other hours,196,1.760204081632653,12.0,12.0,16,0.0,0.0,345,340.0,5.0,26.0,294.0,0.014492753623188406,0.07647058823529412,0.8521739130434782
BNA,dep,stress,Facilitated hours,595,17.001680672268908,24.0,26.0,30,0.010084033613445379,0.0,10116,10021.0,95.0,2360.0,41765.0,0.009391063661526295,0.23550543857898412,4.12860814551206
BNA,dep,stress,Other hours,245,1.8,11.0,14.0,17,0.0,0.0,441,440.0,1.0,15.0,636.0,0.0022675736961451248,0.03409090909090909,1.4421768707482994
BOS,arr,early_interim,Facilitated hours,238,21.105042016806724,28.0,30.0,33,0.08403361344537816,0.0,5023,5017.0,6.0,1179.0,32435.0,0.0011945052757316346,0.23500099661152082,6.457296436392594
BOS,arr,early_interim,Other hours,98,6.204081632653061,29.0,34.599999999999966,39,0.11224489795918367,0.05102040816326531,608,606.0,2.0,186.0,2465.0,0.003289473684210526,0.3069306930693069,4.0542763157894735
BOS,arr,late_interim,Facilitated hours,221,21.063348416289593,28.0,29.0,33,0.07692307692307693,0.0,4655,4640.0,15.0,1363.0,42191.0,0.00322234156820623,0.29375,9.06358754027927
BOS,arr,late_interim,Other hours,91,6.5054945054945055,27.0,31.0,35,0.0989010989010989,0.01098901098901099,592,583.0,9.0,203.0,1423.0,0.015202702702702704,0.3481989708404803,2.4037162162162162
BOS,arr,reference,Facilitated hours,476,20.581932773109244,27.0,29.0,33,0.05672268907563025,0.0,9797,9729.0,68.0,1967.0,43041.0,0.00694090027559457,0.20217905231781272,4.3932836582627335
BOS,arr,reference,Other hours,196,7.229591836734694,28.5,33.0,39,0.10204081632653061,0.04081632653061224,1417,1400.0,17.0,380.0,3890.0,0.011997177134791814,0.2714285714285714,2.7452364149611856
BOS,arr,stress,Facilitated hours,595,21.613445378151262,28.0,29.299999999999955,34,0.08907563025210084,0.0,12860,12765.0,95.0,3046.0,86229.0,0.007387247278382581,0.23862122992557774,6.705209953343702
BOS,arr,stress,Other hours,245,6.955102040816326,30.0,35.79999999999998,39,0.11428571428571428,0.0653061224489796,1704,1693.0,11.0,543.0,6597.0,0.006455399061032864,0.32073242764323684,3.8714788732394365
BOS,dep,early_interim,Facilitated hours,238,22.714285714285715,32.30000000000001,36.59999999999991,46,0.2647058823529412,0.06302521008403361,5406,5398.0,8.0,1046.0,19031.0,0.0014798372179060304,0.19377547239718415,3.520347761746208
BOS,dep,early_interim,Other hours,98,2.2755102040816326,16.0,17.0,17,0.0,0.0,223,222.0,1.0,11.0,331.0,0.004484304932735426,0.04954954954954955,1.484304932735426
BOS,dep,late_interim,Facilitated hours,221,22.782805429864254,33.0,35.0,42,0.24434389140271492,0.06334841628959276,5035,5014.0,21.0,1267.0,24210.0,0.004170804369414101,0.2526924611088951,4.808341608738828
BOS,dep,late_interim,Other hours,91,2.340659340659341,16.0,16.0,19,0.0,0.0,213,212.0,1.0,8.0,70.0,0.004694835680751174,0.03773584905660377,0.3286384976525822
BOS,dep,reference,Facilitated hours,476,22.44327731092437,34.0,36.25,42,0.25,0.06932773109243698,10683,10622.0,61.0,2101.0,44989.0,0.005710006552466535,0.1977970250423649,4.211270242441262
BOS,dep,reference,Other hours,196,2.688775510204082,18.0,19.0,21,0.0,0.0,527,520.0,7.0,38.0,759.0,0.013282732447817837,0.07307692307692308,1.4402277039848197
BOS,dep,stress,Facilitated hours,595,23.47394957983193,35.0,37.0,45,0.27058823529411763,0.11428571428571428,13967,13866.0,101.0,3035.0,67668.0,0.007231330994487005,0.21888071541901052,4.844848571633135
BOS,dep,stress,Other hours,245,2.4204081632653063,16.0,17.0,19,0.0,0.0,593,589.0,4.0,54.0,479.0,0.006745362563237774,0.09168081494057725,0.8077571669477235
BWI,arr,early_interim,Facilitated hours,238,14.605042016806722,23.0,25.0,28,0.0,0.0,3476,3459.0,17.0,621.0,9177.0,0.004890678941311853,0.1795316565481353,2.640103567318757
BWI,arr,early_interim,Other hours,98,3.377551020408163,9.0,11.0,12,0.0,0.0,331,330.0,1.0,96.0,1104.0,0.0030211480362537764,0.2909090909090909,3.3353474320241694
BWI,arr,late_interim,Facilitated hours,221,14.868778280542987,23.0,25.0,28,0.0,0.0,3286,3260.0,26.0,787.0,13768.0,0.007912355447352405,0.24141104294478527,4.1898965307364575
BWI,arr,late_interim,Other hours,91,4.846153846153846,15.0,15.5,16,0.0,0.0,441,430.0,11.0,151.0,1374.0,0.024943310657596373,0.3511627906976744,3.1156462585034013
BWI,arr,reference,Facilitated hours,476,13.771008403361344,22.0,24.25,28,0.0,0.0,6555,6503.0,52.0,1035.0,12038.0,0.007932875667429444,0.15915731200984162,1.836460717009916
BWI,arr,reference,Other hours,196,4.326530612244898,11.0,11.0,12,0.0,0.0,848,840.0,8.0,206.0,2398.0,0.009433962264150943,0.24523809523809523,2.827830188679245
BWI,arr,stress,Facilitated hours,595,14.467226890756303,24.0,26.0,28,0.0,0.0,8608,8588.0,20.0,1670.0,24127.0,0.0023234200743494425,0.1944573823940382,2.80285780669145
BWI,arr,stress,Other hours,245,3.7346938775510203,10.0,11.0,13,0.0,0.0,915,909.0,6.0,222.0,1935.0,0.006557377049180328,0.24422442244224424,2.1147540983606556
BWI,dep,early_interim,Facilitated hours,238,15.806722689075631,25.0,28.0,33,0.03361344537815126,0.0,3762,3742.0,20.0,976.0,13184.0,0.00531632110579479,0.26082308925708175,3.5045188729399257
BWI,dep,early_interim,Other hours,98,0.4489795918367347,2.0,4.0,4,0.0,0.0,44,44.0,0.0,2.0,0.0,0.0,0.045454545454545456,0.0
BWI,dep,late_interim,Facilitated hours,221,16.67873303167421,27.0,29.0,34,0.06334841628959276,0.0,3686,3650.0,36.0,1124.0,24305.0,0.009766684753119913,0.30794520547945203,6.59386869234943
BWI,dep,late_interim,Other hours,91,0.4175824175824176,2.0,3.0,4,0.0,0.0,38,38.0,0.0,1.0,11.0,0.0,0.02631578947368421,0.2894736842105263
BWI,dep,reference,Facilitated hours,476,15.338235294117647,25.0,27.0,31,0.03571428571428571,0.0,7301,7242.0,59.0,1633.0,24069.0,0.008081084782906452,0.22549019607843138,3.2966716888097523
BWI,dep,reference,Other hours,196,0.5102040816326531,3.0,4.0,4,0.0,0.0,100,98.0,2.0,7.0,41.0,0.02,0.07142857142857142,0.41
BWI,dep,stress,Facilitated hours,595,15.78655462184874,25.0,29.0,35,0.05714285714285714,0.0016806722689075631,9393,9364.0,29.0,2371.0,30599.0,0.0030874055147450227,0.2532037590773174,3.2576386670925155
BWI,dep,stress,Other hours,245,0.5102040816326531,3.5999999999999943,4.0,4,0.0,0.0,125,125.0,0.0,7.0,95.0,0.0,0.056,0.76
CLE,arr,early_interim,Facilitated hours,238,5.735294117647059,10.0,10.0,14,0.0,0.0,1365,1364.0,1.0,246.0,2137.0,0.0007326007326007326,0.18035190615835778,1.5655677655677656
CLE,arr,early_interim,Other hours,98,2.826530612244898,11.299999999999997,15.0,16,0.0,0.0,277,274.0,3.0,71.0,365.0,0.010830324909747292,0.2591240875912409,1.3176895306859207
CLE,arr,late_interim,Facilitated hours,221,5.6968325791855206,10.0,11.0,14,0.0,0.0,1259,1248.0,11.0,289.0,3121.0,0.008737092930897538,0.23157051282051283,2.4789515488482925
CLE,arr,late_interim,Other hours,91,2.857142857142857,10.0,12.0,14,0.0,0.0,260,251.0,9.0,99.0,1219.0,0.03461538461538462,0.3944223107569721,4.688461538461539
CLE,arr,reference,Facilitated hours,476,5.855042016806722,10.0,12.0,15,0.0,0.0,2787,2759.0,28.0,514.0,5585.0,0.010046645138141371,0.18629938383472272,2.00394689630427
CLE,arr,reference,Other hours,196,2.4081632653061225,9.0,9.25,12,0.0,0.0,472,463.0,9.0,133.0,1024.0,0.019067796610169493,0.28725701943844495,2.169491525423729
CLE,arr,stress,Facilitated hours,595,5.697478991596639,10.0,12.0,15,0.0,0.0,3390,3365.0,25.0,625.0,6954.0,0.007374631268436578,0.18573551263001487,2.0513274336283187
CLE,arr,stress,Other hours,245,2.4571428571428573,9.0,10.0,13,0.0,0.0,602,593.0,9.0,172.0,929.0,0.014950166112956811,0.2900505902192243,1.543189368770764
CLE,dep,early_interim,Facilitated hours,238,6.638655462184874,11.300000000000011,14.0,16,0.0,0.0,1580,1577.0,3.0,255.0,7695.0,0.0018987341772151898,0.1616994292961319,4.870253164556962
CLE,dep,early_interim,Other hours,98,0.6020408163265306,4.0,5.0,5,0.0,0.0,59,59.0,0.0,3.0,173.0,0.0,0.05084745762711865,2.9322033898305087
CLE,dep,late_interim,Facilitated hours,221,6.53393665158371,11.0,12.0,15,0.0,0.0,1444,1426.0,18.0,293.0,8315.0,0.012465373961218837,0.20546984572230015,5.758310249307479
CLE,dep,late_interim,Other hours,91,0.7692307692307693,5.0,6.0,6,0.0,0.0,70,70.0,0.0,4.0,40.0,0.0,0.05714285714285714,0.5714285714285714
CLE,dep,reference,Facilitated hours,476,6.560924369747899,12.0,13.0,16,0.0,0.0,3123,3089.0,34.0,481.0,11353.0,0.010886967659301952,0.1557138232437682,3.6352865834133845
CLE,dep,reference,Other hours,196,0.6989795918367347,3.5,6.0,7,0.0,0.0,137,135.0,2.0,8.0,244.0,0.014598540145985401,0.05925925925925926,1.781021897810219
CLE,dep,stress,Facilitated hours,595,6.440336134453782,11.0,13.0,17,0.0,0.0,3832,3789.0,43.0,655.0,20324.0,0.011221294363256785,0.1728688308260755,5.303757828810021
CLE,dep,stress,Other hours,245,0.6326530612244898,4.0,5.0,6,0.0,0.0,155,155.0,0.0,14.0,228.0,0.0,0.09032258064516129,1.4709677419354839
CLT,arr,early_interim,Facilitated hours,238,33.28151260504202,59.0,65.0,68,0.542016806722689,0.46218487394957986,7921,7869.0,52.0,1375.0,8749.0,0.006564827673273576,0.17473630702757656,1.1045322560282793
CLT,arr,early_interim,Other hours,98,1.7040816326530612,5.299999999999997,7.0,7,0.0,0.0,167,167.0,0.0,39.0,101.0,0.0,0.23353293413173654,0.6047904191616766
CLT,arr,late_interim,Facilitated hours,221,31.25339366515837,54.0,60.0,64,0.4660633484162896,0.3936651583710407,6907,6779.0,128.0,1758.0,29764.0,0.01853192413493557,0.25933028470275854,4.309251484001737
CLT,arr,late_interim,Other hours,91,1.879120879120879,7.0,7.0,7,0.0,0.0,171,167.0,4.0,61.0,248.0,0.023391812865497075,0.3652694610778443,1.4502923976608186
CLT,arr,reference,Facilitated hours,476,33.01890756302521,59.0,62.0,65,0.5084033613445378,0.42016806722689076,15717,15514.0,203.0,3268.0,35264.0,0.012915950881211427,0.21064844656439344,2.2436851816504424
CLT,arr,reference,Other hours,196,2.5,8.0,8.0,10,0.0,0.0,490,483.0,7.0,113.0,1511.0,0.014285714285714285,0.23395445134575568,3.083673469387755
CLT,arr,stress,Facilitated hours,595,33.1109243697479,59.0,63.0,68,0.507563025210084,0.4436974789915966,19701,19444.0,257.0,3955.0,45646.0,0.013045023095274352,0.20340464924912569,2.316938226485965
CLT,arr,stress,Other hours,245,2.024489795918367,7.0,7.0,9,0.0,0.0,496,489.0,7.0,118.0,2995.0,0.014112903225806451,0.24130879345603273,6.038306451612903
CLT,dep,early_interim,Facilitated hours,238,33.65546218487395,54.30000000000001,60.14999999999998,63,0.5462184873949579,0.5210084033613446,8010,7957.0,53.0,1602.0,21669.0,0.006616729088639201,0.20133216036194546,2.7052434456928838
CLT,dep,early_interim,Other hours,98,0.8061224489795918,3.0,3.0,3,0.0,0.0,79,78.0,1.0,9.0,110.0,0.012658227848101266,0.11538461538461539,1.3924050632911393
CLT,dep,late_interim,Facilitated hours,221,31.39366515837104,53.0,58.0,66,0.5248868778280543,0.4796380090497738,6938,6810.0,128.0,2149.0,31435.0,0.018449120784087635,0.31556534508076356,4.530844623810896
CLT,dep,late_interim,Other hours,91,1.6043956043956045,6.0,8.0,8,0.0,0.0,146,134.0,12.0,41.0,222.0,0.0821917808219178,0.30597014925373134,1.5205479452054795
CLT,dep,reference,Facilitated hours,476,33.71008403361345,55.0,57.0,64,0.5294117647058824,0.523109243697479,16046,15851.0,195.0,3818.0,48850.0,0.012152561386015207,0.24086808403255316,3.0443724292658607
CLT,dep,reference,Other hours,196,0.8418367346938775,4.0,5.0,5,0.0,0.0,165,161.0,4.0,45.0,640.0,0.024242424242424242,0.2795031055900621,3.878787878787879
CLT,dep,stress,Facilitated hours,595,33.62016806722689,56.0,60.0,62,0.534453781512605,0.5210084033613446,20004,19764.0,240.0,4768.0,77308.0,0.01199760047990402,0.2412467111920664,3.864627074585083
CLT,dep,stress,Other hours,245,0.763265306122449,3.0,4.0,5,0.0,0.0,187,181.0,6.0,32.0,700.0,0.03208556149732621,0.17679558011049723,3.7433155080213902
CMH,arr,early_interim,Facilitated hours,238,6.4789915966386555,10.300000000000011,12.0,17,0.0,0.0,1542,1535.0,7.0,337.0,3472.0,0.004539559014267186,0.21954397394136807,2.251621271076524
CMH,arr,early_interim,Other hours,98,2.061224489795918,10.0,12.0,14,0.0,0.0,202,202.0,0.0,63.0,535.0,0.0,0.3118811881188119,2.6485148514851486
CMH,arr,late_interim,Facilitated hours,221,6.425339366515837,11.0,12.0,13,0.0,0.0,1420,1417.0,3.0,400.0,5581.0,0.002112676056338028,0.2822865208186309,3.9302816901408453
CMH,arr,late_interim,Other hours,91,2.8461538461538463,11.0,13.0,14,0.0,0.0,259,251.0,8.0,111.0,659.0,0.03088803088803089,0.44223107569721115,2.5444015444015444
CMH,arr,reference,Facilitated hours,476,6.32563025210084,11.0,12.0,17,0.0,0.0,3011,2985.0,26.0,617.0,8042.0,0.008635004981733644,0.2067001675041876,2.67087346396546
CMH,arr,reference,Other hours,196,2.6020408163265305,11.0,13.0,14,0.0,0.0,510,505.0,5.0,145.0,1909.0,0.00980392156862745,0.2871287128712871,3.743137254901961
CMH,arr,stress,Facilitated hours,595,6.542857142857143,11.0,12.299999999999955,17,0.0,0.0,3893,3854.0,39.0,867.0,12821.0,0.010017980991523246,0.22496107939802804,3.2933470331363988
CMH,arr,stress,Other hours,245,2.16734693877551,10.0,13.0,14,0.0,0.0,531,519.0,12.0,151.0,1817.0,0.022598870056497175,0.2909441233140655,3.4218455743879472
CMH,dep,early_interim,Facilitated hours,238,6.9411764705882355,13.0,14.149999999999977,17,0.0,0.0,1652,1643.0,9.0,277.0,6334.0,0.005447941888619854,0.16859403530127814,3.834140435835351
CMH,dep,early_interim,Other hours,98,0.9285714285714286,5.0,8.0,8,0.0,0.0,91,90.0,1.0,2.0,128.0,0.01098901098901099,0.022222222222222223,1.4065934065934067
CMH,dep,late_interim,Facilitated hours,221,7.1945701357466065,12.0,16.0,20,0.0,0.0,1590,1575.0,15.0,360.0,8655.0,0.009433962264150943,0.22857142857142856,5.443396226415095
CMH,dep,late_interim,Other hours,91,0.978021978021978,6.0,7.0,8,0.0,0.0,89,86.0,3.0,4.0,53.0,0.033707865168539325,0.046511627906976744,0.5955056179775281
CMH,dep,reference,Facilitated hours,476,6.930672268907563,12.0,17.0,20,0.0,0.0,3299,3271.0,28.0,590.0,12233.0,0.008487420430433464,0.18037297462549678,3.708093361624735
CMH,dep,reference,Other hours,196,1.1173469387755102,6.5,9.0,10,0.0,0.0,219,216.0,3.0,10.0,165.0,0.0136986301369863,0.046296296296296294,0.7534246575342466
CMH,dep,stress,Facilitated hours,595,7.003361344537815,12.0,15.0,20,0.0,0.0,4167,4120.0,47.0,774.0,19972.0,0.011279097672186225,0.1878640776699029,4.792896568274538
CMH,dep,stress,Other hours,245,1.0244897959183674,6.0,8.0,10,0.0,0.0,251,246.0,5.0,15.0,214.0,0.0199203187250996,0.06097560975609756,0.852589641434263
CVG,arr,early_interim,Facilitated hours,238,4.764705882352941,9.0,10.0,12,0.0,0.0,1134,1133.0,1.0,236.0,2760.0,0.0008818342151675485,0.2082965578111209,2.433862433862434
CVG,arr,early_interim,Other hours,98,2.295918367346939,7.599999999999994,11.149999999999991,14,0.0,0.0,225,225.0,0.0,74.0,435.0,0.0,0.3288888888888889,1.9333333333333333
CVG,arr,late_interim,Facilitated hours,221,4.782805429864253,8.0,9.0,11,0.0,0.0,1057,1049.0,8.0,300.0,3137.0,0.007568590350047304,0.2859866539561487,2.967833491012299
CVG,arr,late_interim,Other hours,91,2.5494505494505493,10.0,11.5,16,0.0,0.0,232,231.0,1.0,93.0,243.0,0.004310344827586207,0.4025974025974026,1.0474137931034482
CVG,arr,reference,Facilitated hours,476,4.794117647058823,8.0,9.0,11,0.0,0.0,2282,2257.0,25.0,602.0,9698.0,0.010955302366345312,0.2667257421355782,4.249780893952673
CVG,arr,reference,Other hours,196,2.2653061224489797,8.0,10.0,12,0.0,0.0,444,432.0,12.0,150.0,1594.0,0.02702702702702703,0.3472222222222222,3.59009009009009
CVG,arr,stress,Facilitated hours,595,4.8,8.0,9.0,13,0.0,0.0,2856,2835.0,21.0,621.0,8051.0,0.007352941176470588,0.21904761904761905,2.8189775910364148
CVG,arr,stress,Other hours,245,1.8857142857142857,7.0,8.0,10,0.0,0.0,462,448.0,14.0,143.0,880.0,0.030303030303030304,0.31919642857142855,1.9047619047619047
CVG,dep,early_interim,Facilitated hours,238,5.491596638655462,11.0,11.149999999999977,18,0.0,0.0,1307,1301.0,6.0,250.0,4436.0,0.0045906656465187455,0.1921598770176787,3.3940321346595255
CVG,dep,early_interim,Other hours,98,0.5204081632653061,3.0,4.0,5,0.0,0.0,51,51.0,0.0,4.0,103.0,0.0,0.0784313725490196,2.019607843137255
CVG,dep,late_interim,Facilitated hours,221,5.597285067873303,10.0,12.0,19,0.0,0.0,1237,1229.0,8.0,336.0,6746.0,0.0064672594987873885,0.27339300244100895,5.4535165723524655
CVG,dep,late_interim,Other hours,91,0.5824175824175825,3.0,5.0,5,0.0,0.0,53,51.0,2.0,3.0,112.0,0.03773584905660377,0.058823529411764705,2.1132075471698113
CVG,dep,reference,Facilitated hours,476,5.378151260504202,11.0,13.0,15,0.0,0.0,2560,2526.0,34.0,559.0,12014.0,0.01328125,0.221298495645289,4.69296875
CVG,dep,reference,Other hours,196,0.8571428571428571,5.5,7.0,8,0.0,0.0,168,165.0,3.0,21.0,502.0,0.017857142857142856,0.12727272727272726,2.988095238095238
CVG,dep,stress,Facilitated hours,595,5.302521008403361,10.0,13.0,15,0.0,0.0,3155,3134.0,21.0,575.0,12535.0,0.006656101426307449,0.18347160178685387,3.9730586370839935
CVG,dep,stress,Other hours,245,0.6530612244897959,3.0,5.0,8,0.0,0.0,160,155.0,5.0,8.0,121.0,0.03125,0.05161290322580645,0.75625
DAL,arr,early_interim,Facilitated hours,238,11.315126050420169,15.0,16.0,18,0.0,0.0,2693,2674.0,19.0,600.0,10788.0,0.007055328629780914,0.2243829468960359,4.0059413293724475
DAL,arr,early_interim,Other hours,98,0.9897959183673469,8.0,8.0,9,0.0,0.0,97,97.0,0.0,37.0,571.0,0.0,0.38144329896907214,5.88659793814433
DAL,arr,late_interim,Facilitated hours,221,11.633484162895927,16.0,16.0,18,0.0,0.0,2571,2529.0,42.0,758.0,10991.0,0.01633605600933489,0.2997232107552392,4.274990276157137
DAL,arr,late_interim,Other hours,91,1.1978021978021978,8.0,9.0,9,0.0,0.0,109,108.0,1.0,60.0,324.0,0.009174311926605505,0.5555555555555556,2.9724770642201834
DAL,arr,reference,Facilitated hours,476,11.514705882352942,16.0,17.0,18,0.0,0.0,5481,5410.0,71.0,912.0,11410.0,0.012953840540047437,0.16857670979667283,2.081736909323116
DAL,arr,reference,Other hours,196,1.096938775510204,8.0,8.0,8,0.0,0.0,215,213.0,2.0,63.0,627.0,0.009302325581395349,0.29577464788732394,2.916279069767442
DAL,arr,stress,Facilitated hours,595,11.438655462184874,15.0,16.0,18,0.0,0.0,6806,6624.0,182.0,1485.0,30795.0,0.026741110784601823,0.22418478260869565,4.524684102262709
DAL,arr,stress,Other hours,245,0.9795918367346939,7.0,8.0,9,0.0,0.0,240,240.0,0.0,85.0,417.0,0.0,0.3541666666666667,1.7375
DAL,dep,early_interim,Facilitated hours,238,11.663865546218487,16.0,17.0,17,0.0,0.0,2776,2754.0,22.0,870.0,7941.0,0.00792507204610951,0.3159041394335512,2.8605907780979827
DAL,dep,early_interim,Other hours,98,0.14285714285714285,1.0,1.0,1,0.0,0.0,14,14.0,0.0,2.0,0.0,0.0,0.14285714285714285,0.0
DAL,dep,late_interim,Facilitated hours,221,12.06787330316742,16.0,17.0,19,0.0,0.0,2667,2626.0,41.0,1039.0,13655.0,0.01537307836520435,0.39565879664889564,5.119985001874766
DAL,dep,late_interim,Other hours,91,0.14285714285714285,1.0,1.0,1,0.0,0.0,13,13.0,0.0,2.0,19.0,0.0,0.15384615384615385,1.4615384615384615
DAL,dep,reference,Facilitated hours,476,11.96218487394958,15.0,17.0,18,0.0,0.0,5694,5628.0,66.0,1300.0,15205.0,0.011591148577449948,0.23098791755508175,2.670354759395855
DAL,dep,reference,Other hours,196,0.00510204081632653,0.0,0.0,1,0.0,0.0,1,1.0,0.0,0.0,0.0,0.0,0.0,0.0
DAL,dep,stress,Facilitated hours,595,11.77983193277311,16.0,17.0,17,0.0,0.0,7009,6838.0,171.0,2081.0,22240.0,0.02439720359537737,0.30432875109681196,3.1730632044514198
DAL,dep,stress,Other hours,245,0.14285714285714285,1.0,1.0,1,0.0,0.0,35,34.0,1.0,8.0,99.0,0.02857142857142857,0.23529411764705882,2.8285714285714287
DCA,arr,early_interim,Facilitated hours,238,22.42016806722689,31.30000000000001,33.14999999999998,35,0.24789915966386555,0.012605042016806723,5336,5285.0,51.0,1200.0,19831.0,0.009557721139430285,0.22705771050141912,3.7164542728635683
DCA,arr,early_interim,Other hours,98,2.173469387755102,15.0,15.0,15,0.0,0.0,213,209.0,4.0,65.0,450.0,0.018779342723004695,0.31100478468899523,2.112676056338028
DCA,arr,late_interim,Facilitated hours,221,22.217194570135746,32.0,33.0,35,0.21266968325791855,0.00904977375565611,4910,4742.0,168.0,1415.0,37082.0,0.034215885947046845,0.29839730071699705,7.552342158859471
DCA,arr,late_interim,Other hours,91,2.120879120879121,15.0,15.0,15,0.0,0.0,193,184.0,9.0,90.0,1303.0,0.046632124352331605,0.4891304347826087,6.751295336787565
DCA,arr,reference,Facilitated hours,476,22.653361344537814,33.0,34.0,37,0.2815126050420168,0.018907563025210083,10783,10593.0,190.0,2605.0,46359.0,0.017620328294537697,0.2459171150759936,4.2992673652972275
DCA,arr,reference,Other hours,196,2.1683673469387754,15.0,15.0,16,0.0,0.0,425,413.0,12.0,129.0,1704.0,0.02823529411764706,0.31234866828087166,4.009411764705883
DCA,arr,stress,Facilitated hours,595,22.574789915966388,33.0,34.0,37,0.253781512605042,0.0453781512605042,13432,13172.0,260.0,3518.0,84520.0,0.019356759976176294,0.267081688430003,6.292435973793925
DCA,arr,stress,Other hours,245,2.1714285714285713,15.0,15.0,15,0.0,0.0,532,519.0,13.0,178.0,2393.0,0.02443609022556391,0.34296724470134876,4.4981203007518795
DCA,dep,early_interim,Facilitated hours,238,23.130252100840337,33.30000000000001,36.0,36,0.25210084033613445,0.09663865546218488,5505,5446.0,59.0,1163.0,19608.0,0.010717529518619437,0.21355123026074183,3.5618528610354225
DCA,dep,early_interim,Other hours,98,0.4489795918367347,3.0,3.0,4,0.0,0.0,44,44.0,0.0,4.0,106.0,0.0,0.09090909090909091,2.409090909090909
DCA,dep,late_interim,Facilitated hours,221,22.93212669683258,35.0,36.0,41,0.1493212669683258,0.10407239819004525,5068,4883.0,185.0,1414.0,32740.0,0.03650355169692186,0.2895760802785173,6.460142067876874
DCA,dep,late_interim,Other hours,91,0.43956043956043955,3.0,3.0,3,0.0,0.0,40,40.0,0.0,2.0,4.0,0.0,0.05,0.1
DCA,dep,reference,Facilitated hours,476,23.365546218487395,33.0,35.5,38,0.27521008403361347,0.06722689075630252,11122,10922.0,200.0,2545.0,38706.0,0.01798237727027513,0.23301593114814137,3.480129473116346
DCA,dep,reference,Other hours,196,0.44387755102040816,3.0,3.0,5,0.0,0.0,87,87.0,0.0,7.0,70.0,0.0,0.08045977011494253,0.8045977011494253
DCA,dep,stress,Facilitated hours,595,23.273949579831932,34.0,36.0,37,0.2605042016806723,0.08739495798319327,13848,13578.0,270.0,3211.0,58350.0,0.01949740034662045,0.23648549123582266,4.213604852686308
DCA,dep,stress,Other hours,245,0.46530612244897956,3.0,3.0,5,0.0,0.0,114,111.0,3.0,8.0,78.0,0.02631578947368421,0.07207207207207207,0.6842105263157895
DEN,arr,early_interim,Facilitated hours,238,50.84873949579832,86.0,93.14999999999998,100,0.8109243697478992,0.6512605042016807,12102,11972.0,130.0,4350.0,223039.0,0.010742026111386548,0.3633478115603074,18.429928937365723
DEN,arr,early_interim,Other hours,98,4.020408163265306,15.299999999999997,23.0,23,0.0,0.0,394,390.0,4.0,147.0,3669.0,0.01015228426395939,0.3769230769230769,9.312182741116752
DEN,arr,late_interim,Facilitated hours,221,52.660633484162894,84.0,89.0,103,0.7692307692307693,0.7104072398190046,11638,11554.0,84.0,4079.0,147403.0,0.007217735006014779,0.3530379089492816,12.665664203471387
DEN,arr,late_interim,Other hours,91,4.648351648351649,19.0,24.0,27,0.0,0.0,423,416.0,7.0,170.0,1443.0,0.016548463356973995,0.40865384615384615,3.4113475177304964
DEN,arr,reference,Facilitated hours,476,48.226890756302524,79.0,83.0,92,0.7794117647058824,0.6176470588235294,22956,22842.0,114.0,4286.0,82093.0,0.004966021955044433,0.18763680938621838,3.576102108381251
DEN,arr,reference,Other hours,196,5.086734693877551,22.0,26.0,33,0.03571428571428571,0.0,997,987.0,10.0,229.0,1360.0,0.010030090270812437,0.232016210739615,1.3640922768304915
DEN,arr,stress,Facilitated hours,595,48.38991596638655,83.0,88.0,99,0.7512605042016807,0.6100840336134454,28792,28605.0,187.0,7678.0,283321.0,0.006494859683245346,0.26841461282992485,9.84026813003612
DEN,arr,stress,Other hours,245,3.76734693877551,18.0,21.0,27,0.0,0.0,923,915.0,8.0,248.0,1988.0,0.00866738894907909,0.2710382513661202,2.1538461538461537
DEN,dep,early_interim,Facilitated hours,238,50.936974789915965,88.0,93.14999999999998,100,0.8067226890756303,0.680672268907563,12123,11986.0,137.0,4412.0,53755.0,0.011300833127113752,0.3680961121308193,4.434133465313866
DEN,dep,early_interim,Other hours,98,3.816326530612245,16.0,17.0,17,0.0,0.0,374,373.0,1.0,88.0,833.0,0.00267379679144385,0.2359249329758713,2.227272727272727
DEN,dep,late_interim,Facilitated hours,221,52.529411764705884,85.0,90.0,101,0.8778280542986425,0.7601809954751131,11609,11531.0,78.0,4215.0,53262.0,0.006718924972004479,0.3655363801925245,4.587992075114135
DEN,dep,late_interim,Other hours,91,5.0,17.0,18.0,19,0.0,0.0,455,452.0,3.0,90.0,545.0,0.006593406593406593,0.19911504424778761,1.1978021978021978
DEN,dep,reference,Facilitated hours,476,48.62605042016807,79.0,83.25,95,0.865546218487395,0.7163865546218487,23146,23052.0,94.0,4603.0,61145.0,0.0040611768772142055,0.19967898663890335,2.6417091506091763
DEN,dep,reference,Other hours,196,4.142857142857143,13.0,16.0,17,0.0,0.0,812,801.0,11.0,122.0,2978.0,0.013546798029556651,0.1523096129837703,3.667487684729064
DEN,dep,stress,Facilitated hours,595,48.588235294117645,85.0,93.0,100,0.7512605042016807,0.6605042016806723,28910,28734.0,176.0,7903.0,113895.0,0.006087858872362504,0.27504002227326513,3.939640262884815
DEN,dep,stress,Other hours,245,3.236734693877551,11.0,13.0,15,0.0,0.0,793,793.0,0.0,130.0,1511.0,0.0,0.16393442622950818,1.905422446406053
DFW,arr,early_interim,Facilitated hours,238,49.61764705882353,73.0,79.29999999999995,86,0.8823529411764706,0.6764705882352942,11809,11669.0,140.0,3080.0,48615.0,0.011855364552459988,0.26394721055788845,4.1167753408417305
DFW,arr,early_interim,Other hours,98,5.561224489795919,18.0,20.0,21,0.0,0.0,545,536.0,9.0,141.0,1386.0,0.01651376146788991,0.2630597014925373,2.543119266055046
DFW,arr,late_interim,Facilitated hours,221,52.321266968325794,80.0,86.0,90,0.9230769230769231,0.6877828054298643,11563,11118.0,445.0,4026.0,73482.0,0.03848482227795555,0.36211548839719376,6.354925192424111
DFW,arr,late_interim,Other hours,91,6.538461538461538,19.0,21.0,22,0.0,0.0,595,566.0,29.0,195.0,1906.0,0.04873949579831933,0.34452296819787986,3.2033613445378153
DFW,arr,reference,Facilitated hours,476,48.86974789915966,69.0,72.0,81,0.819327731092437,0.7394957983193278,23262,22789.0,473.0,5543.0,88995.0,0.020333591264723585,0.24323138356224494,3.8257673458859944
DFW,arr,reference,Other hours,196,5.581632653061225,16.0,18.0,20,0.0,0.0,1094,1082.0,12.0,260.0,2816.0,0.010968921389396709,0.24029574861367836,2.574040219378428
DFW,arr,stress,Facilitated hours,595,48.61344537815126,71.0,79.0,87,0.8453781512605042,0.7092436974789916,28925,27700.0,1225.0,7587.0,170351.0,0.04235090751944685,0.273898916967509,5.889403630077787
DFW,arr,stress,Other hours,245,5.6571428571428575,17.0,19.0,22,0.0,0.0,1386,1353.0,33.0,349.0,5184.0,0.023809523809523808,0.2579453067257945,3.74025974025974
DFW,dep,early_interim,Facilitated hours,238,51.15126050420168,70.30000000000001,80.0,82,0.9411764705882353,0.8697478991596639,12174,12031.0,143.0,3635.0,35394.0,0.01174634466896665,0.3021361482836007,2.9073435189748644
DFW,dep,early_interim,Other hours,98,1.8265306122448979,10.299999999999997,13.0,14,0.0,0.0,179,178.0,1.0,31.0,318.0,0.00558659217877095,0.17415730337078653,1.776536312849162
DFW,dep,late_interim,Facilitated hours,221,54.18552036199095,72.0,80.0,90,0.9411764705882353,0.8823529411764706,11975,11502.0,473.0,4470.0,62055.0,0.03949895615866388,0.3886280646844027,5.1820459290187895
DFW,dep,late_interim,Other hours,91,2.010989010989011,9.0,14.0,15,0.0,0.0,183,176.0,7.0,22.0,296.0,0.03825136612021858,0.125,1.6174863387978142
DFW,dep,reference,Facilitated hours,476,50.47899159663866,70.0,80.25,88,0.9117647058823529,0.8235294117647058,24028,23566.0,462.0,6339.0,94726.0,0.01922756783752289,0.26898922176016293,3.942317296487431
DFW,dep,reference,Other hours,196,1.7244897959183674,11.0,11.0,12,0.0,0.0,338,335.0,3.0,32.0,560.0,0.008875739644970414,0.0955223880597015,1.6568047337278107
DFW,dep,stress,Facilitated hours,595,50.19663865546219,70.60000000000002,81.0,86,0.9294117647058824,0.8369747899159664,29867,28638.0,1229.0,8772.0,110348.0,0.04114909431814377,0.3063063063063063,3.6946462651086485
DFW,dep,stress,Other hours,245,1.7959183673469388,10.0,11.0,14,0.0,0.0,440,437.0,3.0,44.0,1246.0,0.006818181818181818,0.10068649885583524,2.831818181818182
DTW,arr,early_interim,Facilitated hours,238,18.777310924369747,29.0,30.149999999999977,37,0.15126050420168066,0.029411764705882353,4469,4462.0,7.0,635.0,5303.0,0.0015663459386887446,0.14231286418646347,1.1866189304094876
DTW,arr,early_interim,Other hours,98,3.36734693877551,11.0,13.0,14,0.0,0.0,330,326.0,4.0,92.0,489.0,0.012121212121212121,0.2822085889570552,1.481818181818182
DTW,arr,late_interim,Facilitated hours,221,19.018099547511312,30.0,32.0,36,0.1493212669683258,0.03619909502262444,4203,4186.0,17.0,708.0,7503.0,0.004044729954794195,0.16913521261347347,1.7851534618129907
DTW,arr,late_interim,Other hours,91,4.274725274725275,13.0,15.0,17,0.0,0.0,389,384.0,5.0,135.0,1232.0,0.012853470437017995,0.3515625,3.167095115681234
DTW,arr,reference,Facilitated hours,476,18.478991596638654,31.5,34.0,39,0.1407563025210084,0.04411764705882353,8796,8694.0,102.0,1534.0,18588.0,0.011596180081855388,0.1764435242696112,2.1132332878581175
DTW,arr,reference,Other hours,196,3.6785714285714284,12.0,14.0,14,0.0,0.0,721,707.0,14.0,185.0,2724.0,0.019417475728155338,0.26166902404526166,3.778085991678225
DTW,arr,stress,Facilitated hours,595,18.436974789915965,30.0,32.0,37,0.1781512605042017,0.03865546218487395,10970,10938.0,32.0,1758.0,19377.0,0.0029170464904284413,0.16072408118486012,1.766362807657247
DTW,arr,stress,Other hours,245,3.6816326530612247,10.0,12.0,14,0.0,0.0,902,892.0,10.0,219.0,3094.0,0.011086474501108648,0.24551569506726456,3.4301552106430155
DTW,dep,early_interim,Facilitated hours,238,19.752100840336134,33.0,38.0,42,0.23949579831932774,0.058823529411764705,4701,4694.0,7.0,719.0,12097.0,0.0014890448840672197,0.15317426501917342,2.5732822803658797
DTW,dep,early_interim,Other hours,98,1.0,5.0,9.0,9,0.0,0.0,98,98.0,0.0,7.0,129.0,0.0,0.07142857142857142,1.316326530612245
DTW,dep,late_interim,Facilitated hours,221,20.27601809954751,34.0,38.0,46,0.2398190045248869,0.09954751131221719,4481,4460.0,21.0,853.0,13678.0,0.0046864539165364875,0.19125560538116593,3.0524436509707655
DTW,dep,late_interim,Other hours,91,1.2087912087912087,7.0,10.0,11,0.0,0.0,110,109.0,1.0,2.0,66.0,0.00909090909090909,0.01834862385321101,0.6
DTW,dep,reference,Facilitated hours,476,19.478991596638654,35.0,37.0,40,0.26260504201680673,0.11134453781512606,9272,9157.0,115.0,1703.0,27739.0,0.012402933563416738,0.18597794037348478,2.991695427092321
DTW,dep,reference,Other hours,196,1.2755102040816326,8.0,9.0,11,0.0,0.0,250,250.0,0.0,25.0,643.0,0.0,0.1,2.572
DTW,dep,stress,Facilitated hours,595,19.450420168067225,34.0,37.0,42,0.24873949579831933,0.0957983193277311,11573,11535.0,38.0,1949.0,44370.0,0.0032835047092370172,0.16896402254009535,3.8339237881275383
DTW,dep,stress,Other hours,245,1.2,8.0,9.0,10,0.0,0.0,294,294.0,0.0,22.0,446.0,0.0,0.07482993197278912,1.5170068027210883
EWR,arr,early_interim,Facilitated hours,238,14.373949579831933,19.0,22.0,25,0.0,0.0,3421,3403.0,18.0,1111.0,63091.0,0.005261619409529378,0.3264766382603585,18.442268342589887
EWR,arr,early_interim,Other hours,98,4.908163265306122,16.0,16.14999999999999,18,0.0,0.0,481,480.0,1.0,164.0,4667.0,0.002079002079002079,0.3416666666666667,9.702702702702704
EWR,arr,late_interim,Facilitated hours,221,14.149321266968325,19.0,20.0,23,0.0,0.0,3127,3116.0,11.0,507.0,9618.0,0.003517748640869843,0.16270860077021823,3.075791493444196
EWR,arr,late_interim,Other hours,91,4.725274725274725,15.0,15.0,17,0.0,0.0,430,426.0,4.0,122.0,847.0,0.009302325581395349,0.2863849765258216,1.9697674418604652
EWR,arr,reference,Facilitated hours,476,17.369747899159663,23.0,25.0,27,0.0,0.0,8268,8201.0,67.0,1563.0,43341.0,0.00810353168843735,0.19058651383977565,5.2420174165457185
EWR,arr,reference,Other hours,196,5.821428571428571,20.0,23.0,26,0.0,0.0,1141,1133.0,8.0,324.0,6778.0,0.007011393514460999,0.28596646072374227,5.940403155127082
EWR,arr,stress,Facilitated hours,595,15.47563025210084,19.0,21.0,25,0.0,0.0,9208,8699.0,509.0,4016.0,394639.0,0.055278019113814074,0.46166226002988847,42.85827541268462
EWR,arr,stress,Other hours,245,5.910204081632653,18.0,27.0,31,0.0326530612244898,0.0,1448,1401.0,47.0,720.0,37978.0,0.0324585635359116,0.5139186295503212,26.227900552486187
EWR,dep,early_interim,Facilitated hours,238,15.928571428571429,22.30000000000001,24.0,26,0.0,0.0,3791,3777.0,14.0,758.0,20339.0,0.0036929570034291742,0.200688377018798,5.365075178053284
EWR,dep,early_interim,Other hours,98,1.1734693877551021,7.0,7.1499999999999915,9,0.0,0.0,115,114.0,1.0,7.0,99.0,0.008695652173913044,0.06140350877192982,0.8608695652173913
EWR,dep,late_interim,Facilitated hours,221,15.529411764705882,22.0,23.0,25,0.0,0.0,3432,3418.0,14.0,547.0,19683.0,0.004079254079254079,0.16003510825043885,5.73513986013986
EWR,dep,late_interim,Other hours,91,1.3076923076923077,8.0,8.0,9,0.0,0.0,119,118.0,1.0,7.0,154.0,0.008403361344537815,0.059322033898305086,1.2941176470588236
EWR,dep,reference,Facilitated hours,476,19.195378151260503,26.5,30.0,34,0.08403361344537816,0.0,9137,9072.0,65.0,1638.0,32354.0,0.007113932362919996,0.18055555555555555,3.5409871949217466
EWR,dep,reference,Other hours,196,1.3775510204081634,6.5,11.0,13,0.0,0.0,270,268.0,2.0,15.0,568.0,0.007407407407407408,0.055970149253731345,2.1037037037037036
EWR,dep,stress,Facilitated hours,595,17.235294117647058,25.0,28.0,32,0.02689075630252101,0.0,10255,9695.0,560.0,3150.0,94245.0,0.05460750853242321,0.3249097472924188,9.190151145782545
EWR,dep,stress,Other hours,245,1.6653061224489796,9.0,13.0,14,0.0,0.0,408,397.0,11.0,43.0,1297.0,0.02696078431372549,0.10831234256926953,3.178921568627451
FLL,arr,early_interim,Facilitated hours,238,11.172268907563025,18.0,21.149999999999977,25,0.0,0.0,2659,2653.0,6.0,576.0,13259.0,0.0022564874012786762,0.21711270260082924,4.986461075592328
FLL,arr,early_interim,Other hours,98,3.693877551020408,11.0,19.0,21,0.0,0.0,362,361.0,1.0,103.0,1940.0,0.0027624309392265192,0.2853185595567867,5.359116022099448
FLL,arr,late_interim,Facilitated hours,221,10.638009049773755,17.0,22.0,29,0.004524886877828055,0.0,2351,2341.0,10.0,573.0,10249.0,0.004253509145044662,0.24476719350704826,4.359421522756274
FLL,arr,late_interim,Other hours,91,4.516483516483516,12.0,24.0,30,0.01098901098901099,0.0,411,405.0,6.0,141.0,1626.0,0.014598540145985401,0.34814814814814815,3.9562043795620436
FLL,arr,reference,Facilitated hours,476,14.342436974789916,20.0,21.0,26,0.0,0.0,6827,6765.0,62.0,1449.0,43562.0,0.009081587813095064,0.21419068736141908,6.3808407792588255
FLL,arr,reference,Other hours,196,4.862244897959184,16.0,22.0,26,0.0,0.0,953,935.0,18.0,278.0,5125.0,0.01888772298006296,0.29732620320855613,5.377754459601259
FLL,arr,stress,Facilitated hours,595,12.569747899159664,19.0,21.0,27,0.0,0.0,7479,7443.0,36.0,1461.0,32936.0,0.0048134777376654635,0.196291817815397,4.403797299104158
FLL,arr,stress,Other hours,245,3.6040816326530614,12.599999999999994,15.0,18,0.0,0.0,883,866.0,17.0,277.0,6629.0,0.01925254813137033,0.31986143187066973,7.507361268403171
FLL,dep,early_interim,Facilitated hours,238,12.521008403361344,23.0,24.149999999999977,28,0.0,0.0,2980,2971.0,9.0,728.0,20232.0,0.0030201342281879194,0.24503534163581286,6.789261744966443
FLL,dep,early_interim,Other hours,98,0.37755102040816324,1.0,4.0,4,0.0,0.0,37,37.0,0.0,1.0,34.0,0.0,0.02702702702702703,0.918918918918919
FLL,dep,late_interim,Facilitated hours,221,12.239819004524886,23.0,25.0,28,0.0,0.0,2705,2692.0,13.0,602.0,12124.0,0.004805914972273568,0.2236255572065379,4.482070240295749
FLL,dep,late_interim,Other hours,91,0.5824175824175825,3.0,5.0,6,0.0,0.0,53,52.0,1.0,4.0,127.0,0.018867924528301886,0.07692307692307693,2.3962264150943398
FLL,dep,reference,Facilitated hours,476,16.1218487394958,26.0,30.0,35,0.0819327731092437,0.0021008403361344537,7674,7592.0,82.0,1750.0,39645.0,0.010685431326557205,0.2305057955742887,5.166145426114151
FLL,dep,reference,Other hours,196,0.5816326530612245,2.5,5.0,8,0.0,0.0,114,111.0,3.0,9.0,385.0,0.02631578947368421,0.08108108108108109,3.3771929824561404
FLL,dep,stress,Facilitated hours,595,13.897478991596639,22.0,25.0,33,0.021848739495798318,0.0,8269,8225.0,44.0,1760.0,50080.0,0.005321078727778449,0.21398176291793314,6.056355061071471
FLL,dep,stress,Other hours,245,0.4163265306122449,2.0,4.0,5,0.0,0.0,102,102.0,0.0,4.0,0.0,0.0,0.0392156862745098,0.0
HNL,arr,early_interim,Facilitated hours,238,9.268907563025211,16.0,17.0,19,0.0,0.0,2206,2193.0,13.0,295.0,1282.0,0.0058930190389845875,0.13451892384860922,0.5811423390752494
HNL,arr,early_interim,Other hours,98,0.4897959183673469,2.0,2.0,2,0.0,0.0,48,48.0,0.0,22.0,50.0,0.0,0.4583333333333333,1.0416666666666667
HNL,arr,late_interim,Facilitated hours,221,9.48868778280543,16.0,17.0,19,0.0,0.0,2097,2089.0,8.0,359.0,1311.0,0.003814973772055317,0.17185256103398755,0.6251788268955651
HNL,arr,late_interim,Other hours,91,0.5054945054945055,2.0,2.0,3,0.0,0.0,46,46.0,0.0,25.0,57.0,0.0,0.5434782608695652,1.2391304347826086
HNL,arr,reference,Facilitated hours,476,9.88655462184874,15.0,17.0,21,0.0,0.0,4706,4634.0,72.0,769.0,3543.0,0.01529961750956226,0.16594734570565386,0.7528686782830429
HNL,arr,reference,Other hours,196,0.32142857142857145,1.0,2.0,2,0.0,0.0,63,63.0,0.0,21.0,0.0,0.0,0.3333333333333333,0.0
HNL,arr,stress,Facilitated hours,595,9.107563025210084,14.0,17.0,19,0.0,0.0,5419,5409.0,10.0,579.0,1868.0,0.0018453589223103894,0.10704381586245147,0.34471304668758074
HNL,arr,stress,Other hours,245,0.4326530612244898,2.0,2.0,3,0.0,0.0,106,106.0,0.0,32.0,35.0,0.0,0.3018867924528302,0.330188679245283
HNL,dep,early_interim,Facilitated hours,238,9.021008403361344,12.0,16.0,17,0.0,0.0,2147,2134.0,13.0,241.0,442.0,0.006054960409874243,0.11293345829428304,0.20586865393572426
HNL,dep,early_interim,Other hours,98,1.0816326530612246,5.0,5.0,5,0.0,0.0,106,106.0,0.0,21.0,36.0,0.0,0.19811320754716982,0.33962264150943394
HNL,dep,late_interim,Facilitated hours,221,9.194570135746606,13.0,16.0,18,0.0,0.0,2032,2029.0,3.0,269.0,479.0,0.0014763779527559055,0.13257762444553967,0.2357283464566929
HNL,dep,late_interim,Other hours,91,1.1978021978021978,5.0,6.0,6,0.0,0.0,109,108.0,1.0,18.0,0.0,0.009174311926605505,0.16666666666666666,0.0
HNL,dep,reference,Facilitated hours,476,9.588235294117647,14.0,15.0,18,0.0,0.0,4564,4491.0,73.0,606.0,1559.0,0.015994741454864153,0.134936539746159,0.3415863277826468
HNL,dep,reference,Other hours,196,1.066326530612245,5.0,5.0,5,0.0,0.0,209,205.0,4.0,51.0,82.0,0.019138755980861243,0.24878048780487805,0.3923444976076555
HNL,dep,stress,Facilitated hours,595,8.86890756302521,13.0,16.0,19,0.0,0.0,5277,5269.0,8.0,521.0,3020.0,0.0015160128861095318,0.09888024293034732,0.5722948645063483
HNL,dep,stress,Other hours,245,1.0122448979591836,4.0,4.0,6,0.0,0.0,248,248.0,0.0,36.0,149.0,0.0,0.14516129032258066,0.6008064516129032
HOU,arr,early_interim,Facilitated hours,238,8.474789915966387,15.0,17.0,21,0.0,0.0,2017,2010.0,7.0,397.0,4126.0,0.0034705007436787306,0.19751243781094527,2.045612295488349
HOU,arr,early_interim,Other hours,98,1.2448979591836735,5.0,5.0,6,0.0,0.0,122,121.0,1.0,37.0,310.0,0.00819672131147541,0.30578512396694213,2.540983606557377
HOU,arr,late_interim,Facilitated hours,221,8.809954751131222,16.0,17.0,23,0.0,0.0,1947,1898.0,49.0,598.0,11330.0,0.025166923472008218,0.3150684931506849,5.8192090395480225
HOU,arr,late_interim,Other hours,91,1.7912087912087913,6.0,7.0,8,0.0,0.0,163,159.0,4.0,81.0,797.0,0.024539877300613498,0.5094339622641509,4.889570552147239
HOU,arr,reference,Facilitated hours,476,8.392857142857142,16.0,17.0,21,0.0,0.0,3995,3964.0,31.0,658.0,8791.0,0.007759699624530663,0.16599394550958627,2.2005006257822277
HOU,arr,reference,Other hours,196,1.6326530612244898,5.0,6.0,7,0.0,0.0,320,319.0,1.0,79.0,519.0,0.003125,0.2476489028213166,1.621875
HOU,arr,stress,Facilitated hours,595,8.519327731092437,15.0,17.0,21,0.0,0.0,5069,5023.0,46.0,999.0,14879.0,0.00907476819885579,0.19888512840931713,2.9352929571907675
HOU,arr,stress,Other hours,245,1.3510204081632653,5.0,5.799999999999983,7,0.0,0.0,331,323.0,8.0,90.0,744.0,0.02416918429003021,0.2786377708978328,2.2477341389728096
HOU,dep,early_interim,Facilitated hours,238,8.550420168067227,15.0,15.149999999999977,18,0.0,0.0,2035,2025.0,10.0,521.0,7482.0,0.004914004914004914,0.25728395061728393,3.6766584766584764
HOU,dep,early_interim,Other hours,98,1.0408163265306123,6.0,10.0,10,0.0,0.0,102,99.0,3.0,5.0,146.0,0.029411764705882353,0.050505050505050504,1.4313725490196079
HOU,dep,late_interim,Facilitated hours,221,9.095022624434389,17.0,20.0,20,0.0,0.0,2010,1954.0,56.0,787.0,7862.0,0.027860696517412936,0.40276356192425794,3.9114427860696517
HOU,dep,late_interim,Other hours,91,1.120879120879121,6.0,9.0,10,0.0,0.0,102,99.0,3.0,6.0,214.0,0.029411764705882353,0.06060606060606061,2.0980392156862746
HOU,dep,reference,Facilitated hours,476,8.722689075630251,15.0,16.0,17,0.0,0.0,4152,4126.0,26.0,835.0,8990.0,0.006262042389210019,0.20237518177411537,2.1652215799614645
HOU,dep,reference,Other hours,196,0.826530612244898,4.0,7.0,10,0.0,0.0,162,162.0,0.0,4.0,10.0,0.0,0.024691358024691357,0.06172839506172839
HOU,dep,stress,Facilitated hours,595,8.63361344537815,15.0,15.0,17,0.0,0.0,5137,5088.0,49.0,1341.0,18804.0,0.009538641230290053,0.263561320754717,3.6605022386606967
HOU,dep,stress,Other hours,245,1.073469387755102,6.0,10.0,10,0.0,0.0,263,260.0,3.0,10.0,284.0,0.011406844106463879,0.038461538461538464,1.079847908745247
IAD,arr,early_interim,Facilitated hours,238,9.53781512605042,27.0,30.149999999999977,36,0.07563025210084033,0.03361344537815126,2270,2258.0,12.0,348.0,4357.0,0.0052863436123348016,0.15411868910540302,1.9193832599118943
IAD,arr,early_interim,Other hours,98,2.4489795918367347,6.299999999999997,7.0,7,0.0,0.0,240,239.0,1.0,59.0,366.0,0.004166666666666667,0.24686192468619247,1.525
IAD,arr,late_interim,Facilitated hours,221,9.389140271493213,27.0,31.0,35,0.06787330316742081,0.00904977375565611,2075,2066.0,9.0,410.0,7990.0,0.004337349397590362,0.1984511132623427,3.850602409638554
IAD,arr,late_interim,Other hours,91,2.3846153846153846,6.0,7.0,8,0.0,0.0,217,211.0,6.0,60.0,288.0,0.027649769585253458,0.2843601895734597,1.327188940092166
IAD,arr,reference,Facilitated hours,476,8.457983193277311,24.0,29.0,34,0.0546218487394958,0.0,4026,4013.0,13.0,575.0,6621.0,0.003229011425732737,0.14328432594069274,1.6445603576751118
IAD,arr,reference,Other hours,196,2.413265306122449,7.0,8.0,8,0.0,0.0,473,470.0,3.0,90.0,996.0,0.006342494714587738,0.19148936170212766,2.105708245243129
IAD,arr,stress,Facilitated hours,595,9.211764705882352,27.0,30.0,34,0.07563025210084033,0.0,5481,5453.0,28.0,1041.0,17418.0,0.005108556832694764,0.19090408949202273,3.177887246852764
IAD,arr,stress,Other hours,245,2.3020408163265307,7.0,7.799999999999983,9,0.0,0.0,564,563.0,1.0,135.0,1534.0,0.0017730496453900709,0.23978685612788633,2.719858156028369
IAD,dep,early_interim,Facilitated hours,238,10.420168067226891,31.30000000000001,35.0,37,0.11764705882352941,0.06302521008403361,2480,2471.0,9.0,391.0,11188.0,0.0036290322580645163,0.15823553217320924,4.5112903225806456
IAD,dep,early_interim,Other hours,98,0.2857142857142857,2.0,2.0,3,0.0,0.0,28,27.0,1.0,4.0,181.0,0.03571428571428571,0.14814814814814814,6.464285714285714
IAD,dep,late_interim,Facilitated hours,221,10.294117647058824,30.0,34.0,37,0.11764705882352941,0.04524886877828054,2275,2262.0,13.0,478.0,16073.0,0.005714285714285714,0.21131741821396993,7.065054945054945
IAD,dep,late_interim,Other hours,91,0.18681318681318682,1.0,2.0,2,0.0,0.0,17,17.0,0.0,2.0,73.0,0.0,0.11764705882352941,4.294117647058823
IAD,dep,reference,Facilitated hours,476,9.407563025210084,30.0,35.0,39,0.1134453781512605,0.052521008403361345,4478,4464.0,14.0,587.0,17486.0,0.0031263957123715946,0.13149641577060933,3.9048682447521217
IAD,dep,reference,Other hours,196,0.07142857142857142,0.0,1.0,2,0.0,0.0,14,14.0,0.0,0.0,16.0,0.0,0.0,1.1428571428571428
IAD,dep,stress,Facilitated hours,595,10.084033613445378,32.0,35.0,37,0.11764705882352941,0.052100840336134456,6000,5966.0,34.0,1067.0,35402.0,0.005666666666666667,0.17884679852497487,5.900333333333333
IAD,dep,stress,Other hours,245,0.1836734693877551,1.0,1.0,2,0.0,0.0,45,44.0,1.0,4.0,3.0,0.022222222222222223,0.09090909090909091,0.06666666666666667
IAH,arr,early_interim,Facilitated hours,238,17.84453781512605,32.0,41.0,44,0.15966386554621848,0.058823529411764705,4247,4229.0,18.0,1118.0,29557.0,0.004238285848834471,0.2643650981319461,6.959500824111137
IAH,arr,early_interim,Other hours,98,3.857142857142857,14.299999999999997,19.0,19,0.0,0.0,378,373.0,5.0,105.0,1956.0,0.013227513227513227,0.28150134048257375,5.174603174603175
IAH,arr,late_interim,Facilitated hours,221,17.773755656108598,33.0,41.0,46,0.17647058823529413,0.06334841628959276,3928,3844.0,84.0,1391.0,66429.0,0.021384928716904276,0.3618626430801249,16.911659877800407
IAH,arr,late_interim,Other hours,91,4.043956043956044,16.0,20.0,21,0.0,0.0,368,362.0,6.0,130.0,2327.0,0.016304347826086956,0.35911602209944754,6.323369565217392
IAH,arr,reference,Facilitated hours,476,17.228991596638654,33.0,40.0,42,0.16596638655462184,0.09033613445378151,8201,8167.0,34.0,1351.0,22271.0,0.004145835873673942,0.1654218195175707,2.7156444336056578
IAH,arr,reference,Other hours,196,3.295918367346939,14.0,15.25,18,0.0,0.0,646,645.0,1.0,139.0,1572.0,0.0015479876160990713,0.21550387596899226,2.43343653250774
IAH,arr,stress,Facilitated hours,595,17.771428571428572,34.0,40.0,43,0.18823529411764706,0.08739495798319327,10574,10447.0,127.0,1994.0,46186.0,0.012010592018157745,0.19086819182540443,4.367883487800265
IAH,arr,stress,Other hours,245,3.253061224489796,14.599999999999994,16.0,17,0.0,0.0,797,787.0,10.0,204.0,3287.0,0.012547051442910916,0.25921219822109276,4.124215809284818
IAH,dep,early_interim,Facilitated hours,238,18.894957983193276,33.30000000000001,38.0,43,0.24369747899159663,0.09243697478991597,4497,4478.0,19.0,1410.0,22271.0,0.004225038914832111,0.3148727110317106,4.952412719590838
IAH,dep,early_interim,Other hours,98,1.2244897959183674,7.0,8.0,9,0.0,0.0,120,118.0,2.0,7.0,70.0,0.016666666666666666,0.059322033898305086,0.5833333333333334
IAH,dep,late_interim,Facilitated hours,221,18.90497737556561,33.0,37.0,41,0.24434389140271492,0.07692307692307693,4178,4047.0,131.0,1517.0,25289.0,0.03135471517472475,0.37484556461576474,6.052896122546673
IAH,dep,late_interim,Other hours,91,1.3076923076923077,7.0,9.0,10,0.0,0.0,119,116.0,3.0,14.0,448.0,0.025210084033613446,0.1206896551724138,3.764705882352941
IAH,dep,reference,Facilitated hours,476,18.08613445378151,37.0,40.0,44,0.2668067226890756,0.15966386554621848,8609,8569.0,40.0,1665.0,24947.0,0.004646300383319781,0.19430505309837787,2.897781391566965
IAH,dep,reference,Other hours,196,1.2448979591836735,8.0,9.0,11,0.0,0.0,244,243.0,1.0,15.0,147.0,0.004098360655737705,0.06172839506172839,0.6024590163934426
IAH,dep,stress,Facilitated hours,595,18.61512605042017,38.0,41.0,44,0.2672268907563025,0.13949579831932774,11076,10943.0,133.0,2544.0,59059.0,0.012007945106536655,0.2324773828017911,5.332159624413146
IAH,dep,stress,Other hours,245,1.220408163265306,7.0,9.799999999999983,11,0.0,0.0,299,298.0,1.0,28.0,458.0,0.0033444816053511705,0.09395973154362416,1.5317725752508362
IND,arr,early_interim,Facilitated hours,238,7.109243697478991,11.0,13.0,18,0.0,0.0,1692,1688.0,4.0,331.0,2741.0,0.002364066193853428,0.19609004739336494,1.6199763593380614
IND,arr,early_interim,Other hours,98,2.561224489795918,11.0,13.149999999999991,15,0.0,0.0,251,249.0,2.0,78.0,813.0,0.00796812749003984,0.3132530120481928,3.239043824701195
IND,arr,late_interim,Facilitated hours,221,6.846153846153846,11.0,12.0,15,0.0,0.0,1513,1503.0,10.0,361.0,5531.0,0.006609385327164574,0.24018629407850964,3.6556510244547256
IND,arr,late_interim,Other hours,91,3.120879120879121,12.0,14.5,17,0.0,0.0,284,277.0,7.0,130.0,827.0,0.02464788732394366,0.4693140794223827,2.9119718309859155
IND,arr,reference,Facilitated hours,476,7.05672268907563,11.0,12.0,16,0.0,0.0,3359,3329.0,30.0,635.0,8191.0,0.008931229532598988,0.1907479723640733,2.43852337005061
IND,arr,reference,Other hours,196,2.8418367346938775,10.0,11.0,14,0.0,0.0,557,546.0,11.0,176.0,2191.0,0.019748653500897665,0.32234432234432236,3.933572710951526
IND,arr,stress,Facilitated hours,595,6.677310924369748,11.0,12.0,18,0.0,0.0,3973,3936.0,37.0,783.0,10056.0,0.00931286181726655,0.1989329268292683,2.5310848225522276
IND,arr,stress,Other hours,245,2.4489795918367347,10.0,12.0,13,0.0,0.0,600,593.0,7.0,165.0,1378.0,0.011666666666666667,0.2782462057335582,2.296666666666667
IND,dep,early_interim,Facilitated hours,238,7.726890756302521,14.0,16.0,18,0.0,0.0,1839,1834.0,5.0,304.0,6966.0,0.0027188689505165853,0.16575790621592149,3.7879282218597066
IND,dep,early_interim,Other hours,98,1.0612244897959184,5.0,10.0,10,0.0,0.0,104,104.0,0.0,7.0,196.0,0.0,0.0673076923076923,1.8846153846153846
IND,dep,late_interim,Facilitated hours,221,7.683257918552036,14.0,15.0,18,0.0,0.0,1698,1687.0,11.0,336.0,8253.0,0.006478209658421673,0.1991701244813278,4.860424028268551
IND,dep,late_interim,Other hours,91,1.10989010989011,7.0,8.5,10,0.0,0.0,101,101.0,0.0,8.0,17.0,0.0,0.07920792079207921,0.16831683168316833
IND,dep,reference,Facilitated hours,476,7.802521008403361,13.0,16.0,18,0.0,0.0,3714,3671.0,43.0,612.0,14232.0,0.011577813677975229,0.1667120675565241,3.8319870759289176
IND,dep,reference,Other hours,196,1.0357142857142858,6.0,8.0,10,0.0,0.0,203,202.0,1.0,5.0,293.0,0.0049261083743842365,0.024752475247524754,1.4433497536945812
IND,dep,stress,Facilitated hours,595,7.245378151260504,12.0,16.0,19,0.0,0.0,4311,4262.0,49.0,772.0,24614.0,0.011366272326606355,0.18113561708118253,5.7095801438181395
IND,dep,stress,Other hours,245,1.073469387755102,5.599999999999994,10.0,10,0.0,0.0,263,262.0,1.0,18.0,221.0,0.0038022813688212928,0.06870229007633588,0.8403041825095057
JFK,arr,early_interim,Facilitated hours,238,15.3109243697479,23.0,23.149999999999977,25,0.0,0.0,3644,3638.0,6.0,708.0,12659.0,0.001646542261251372,0.19461242440901594,3.4739297475301867
JFK,arr,early_interim,Other hours,98,4.642857142857143,12.0,12.0,15,0.0,0.0,455,454.0,1.0,101.0,715.0,0.002197802197802198,0.22246696035242292,1.5714285714285714
JFK,arr,late_interim,Facilitated hours,221,15.18552036199095,21.0,22.0,28,0.0,0.0,3356,3324.0,32.0,857.0,24647.0,0.009535160905840286,0.25782190132370636,7.344159713945173
JFK,arr,late_interim,Other hours,91,4.989010989010989,13.0,15.5,16,0.0,0.0,454,452.0,2.0,133.0,2469.0,0.004405286343612335,0.2942477876106195,5.438325991189427
JFK,arr,reference,Facilitated hours,476,15.107142857142858,20.0,21.0,25,0.0,0.0,7191,7142.0,49.0,1425.0,30704.0,0.006814073146989292,0.1995239428731448,4.2697816715338615
JFK,arr,reference,Other hours,196,3.826530612244898,9.0,10.0,13,0.0,0.0,750,742.0,8.0,184.0,2615.0,0.010666666666666666,0.24797843665768193,3.486666666666667
JFK,arr,stress,Facilitated hours,595,15.223529411764705,21.0,23.0,28,0.0,0.0,9058,9009.0,49.0,2155.0,70410.0,0.005409582689335394,0.2392052392052392,7.773239125634798
JFK,arr,stress,Other hours,245,4.481632653061224,11.0,12.0,14,0.0,0.0,1098,1092.0,6.0,333.0,5796.0,0.00546448087431694,0.30494505494505497,5.278688524590164
JFK,dep,early_interim,Facilitated hours,238,17.037815126050422,24.0,25.0,27,0.0,0.0,4055,4049.0,6.0,693.0,14115.0,0.0014796547472256474,0.1711533712027661,3.4808877928483355
JFK,dep,early_interim,Other hours,98,0.4387755102040816,3.0,3.0,4,0.0,0.0,43,43.0,0.0,2.0,82.0,0.0,0.046511627906976744,1.9069767441860466
JFK,dep,late_interim,Facilitated hours,221,17.108597285067873,25.0,26.0,29,0.004524886877828055,0.0,3781,3748.0,33.0,853.0,30144.0,0.008727849775191749,0.2275880469583778,7.972494049193335
JFK,dep,late_interim,Other hours,91,0.34065934065934067,2.0,2.0,4,0.0,0.0,31,31.0,0.0,5.0,74.0,0.0,0.16129032258064516,2.3870967741935485
JFK,dep,reference,Facilitated hours,476,16.48109243697479,24.0,26.25,30,0.008403361344537815,0.0,7845,7790.0,55.0,1407.0,30541.0,0.007010834926704908,0.18061617458279847,3.893052899936265
JFK,dep,reference,Other hours,196,0.5102040816326531,3.0,4.0,5,0.0,0.0,100,100.0,0.0,6.0,141.0,0.0,0.06,1.41
JFK,dep,stress,Facilitated hours,595,16.892436974789916,23.0,26.0,32,0.03529411764705882,0.0,10051,10003.0,48.0,1832.0,54833.0,0.00477564421450602,0.1831450564830551,5.455477066958512
JFK,dep,stress,Other hours,245,0.46122448979591835,3.0,3.0,5,0.0,0.0,113,112.0,1.0,4.0,13.0,0.008849557522123894,0.03571428571428571,0.11504424778761062
LAS,arr,early_interim,Facilitated hours,238,29.53361344537815,38.30000000000001,41.14999999999998,46,0.5126050420168067,0.2605042016806723,7029,6997.0,32.0,1325.0,12951.0,0.004552567932849623,0.18936687151636417,1.8425096030729833
LAS,arr,early_interim,Other hours,98,5.010204081632653,16.0,35.0,37,0.08163265306122448,0.07142857142857142,491,486.0,5.0,126.0,1921.0,0.010183299389002037,0.25925925925925924,3.9124236252545823
LAS,arr,late_interim,Facilitated hours,221,28.361990950226243,37.0,40.0,46,0.4841628959276018,0.20361990950226244,6268,6212.0,56.0,1676.0,27953.0,0.008934269304403318,0.26980038634900194,4.459636247606892
LAS,arr,late_interim,Other hours,91,5.527472527472527,17.0,37.5,40,0.07692307692307693,0.07692307692307693,503,495.0,8.0,176.0,1871.0,0.015904572564612324,0.35555555555555557,3.719681908548708
LAS,arr,reference,Facilitated hours,476,29.15546218487395,37.0,39.25,49,0.6071428571428571,0.23319327731092437,13878,13827.0,51.0,2490.0,39945.0,0.0036748811067877215,0.18008244738555002,2.8782965845222654
LAS,arr,reference,Other hours,196,5.780612244897959,19.5,39.0,42,0.08163265306122448,0.08163265306122448,1133,1124.0,9.0,256.0,2532.0,0.00794351279788173,0.2277580071174377,2.23477493380406
LAS,arr,stress,Facilitated hours,595,29.557983193277312,40.0,43.0,54,0.5478991596638656,0.25210084033613445,17587,17513.0,74.0,3295.0,48162.0,0.00420765338033775,0.18814594872380516,2.7385000284300904
LAS,arr,stress,Other hours,245,5.273469387755102,16.599999999999994,36.0,41,0.08163265306122448,0.06938775510204082,1292,1284.0,8.0,267.0,3669.0,0.006191950464396285,0.20794392523364486,2.8397832817337463
LAS,dep,early_interim,Facilitated hours,238,29.33613445378151,40.0,43.0,46,0.5252100840336135,0.23109243697478993,6982,6954.0,28.0,1714.0,22975.0,0.004010312231452306,0.2464768478573483,3.2906044113434545
LAS,dep,early_interim,Other hours,98,5.530612244897959,16.0,16.0,18,0.0,0.0,542,539.0,3.0,90.0,739.0,0.005535055350553505,0.16697588126159554,1.363468634686347
LAS,dep,late_interim,Facilitated hours,221,28.402714932126695,40.0,42.0,48,0.49321266968325794,0.20361990950226244,6277,6218.0,59.0,1894.0,21786.0,0.009399394615262067,0.30459954969443553,3.4707662896288034
LAS,dep,late_interim,Other hours,91,5.516483516483516,15.0,16.0,19,0.0,0.0,502,498.0,4.0,112.0,840.0,0.00796812749003984,0.2248995983935743,1.6733067729083666
LAS,dep,reference,Facilitated hours,476,28.873949579831933,38.0,41.25,54,0.5315126050420168,0.24579831932773108,13744,13694.0,50.0,2759.0,25467.0,0.003637951105937136,0.20147509858332116,1.852954016298021
LAS,dep,reference,Other hours,196,6.4438775510204085,21.0,22.0,26,0.0,0.0,1263,1254.0,9.0,204.0,2442.0,0.007125890736342043,0.16267942583732056,1.9334916864608076
LAS,dep,stress,Facilitated hours,595,29.225210084033613,40.0,44.0,54,0.5260504201680672,0.30084033613445377,17389,17317.0,72.0,3763.0,53430.0,0.004140548622692507,0.21730091817289368,3.0726321237563976
LAS,dep,stress,Other hours,245,6.106122448979592,20.0,21.799999999999983,25,0.0,0.0,1496,1488.0,8.0,240.0,1544.0,0.0053475935828877,0.16129032258064516,1.032085561497326
LAX,arr,early_interim,Facilitated hours,238,29.27310924369748,42.0,44.0,48,0.5462184873949579,0.2689075630252101,6967,6951.0,16.0,1131.0,8929.0,0.002296540835366729,0.16271040138109624,1.2816133199368451
LAX,arr,early_interim,Other hours,98,5.377551020408164,18.299999999999997,24.14999999999999,26,0.0,0.0,527,526.0,1.0,120.0,1813.0,0.0018975332068311196,0.22813688212927757,3.44022770398482
LAX,arr,late_interim,Facilitated hours,221,29.488687782805428,42.0,43.0,47,0.5294117647058824,0.3076923076923077,6517,6489.0,28.0,1390.0,15982.0,0.004296455424274973,0.21420866081060255,2.4523553782415224
LAX,arr,late_interim,Other hours,91,6.615384615384615,24.0,30.5,32,0.08791208791208792,0.0,602,593.0,9.0,213.0,1571.0,0.014950166112956811,0.3591905564924115,2.6096345514950166
LAX,arr,reference,Facilitated hours,476,28.936974789915965,41.0,43.0,47,0.5189075630252101,0.22478991596638656,13774,13726.0,48.0,1958.0,17445.0,0.0034848264846812837,0.14264898732332798,1.266516625526354
LAX,arr,reference,Other hours,196,4.989795918367347,20.0,23.0,27,0.0,0.0,978,970.0,8.0,202.0,1688.0,0.0081799591002045,0.20824742268041238,1.7259713701431494
LAX,arr,stress,Facilitated hours,595,29.09579831932773,42.0,45.0,51,0.5176470588235295,0.22857142857142856,17312,17267.0,45.0,2794.0,27836.0,0.0025993530499075785,0.16181154803961315,1.607902033271719
LAX,arr,stress,Other hours,245,5.1387755102040815,19.599999999999994,24.0,28,0.0,0.0,1259,1246.0,13.0,379.0,2529.0,0.010325655281969817,0.3041733547351525,2.0087370929308976
LAX,dep,early_interim,Facilitated hours,238,29.277310924369747,44.30000000000001,47.0,50,0.5084033613445378,0.15546218487394958,6968,6946.0,22.0,1176.0,17853.0,0.0031572904707233064,0.16930607543910164,2.562141216991963
LAX,dep,early_interim,Other hours,98,5.336734693877551,18.0,21.0,21,0.0,0.0,523,523.0,0.0,74.0,394.0,0.0,0.14149139579349904,0.7533460803059273
LAX,dep,late_interim,Facilitated hours,221,29.846153846153847,41.0,45.0,51,0.5520361990950227,0.27149321266968324,6596,6571.0,25.0,1425.0,18159.0,0.003790175864160097,0.2168619692588647,2.753032140691328
LAX,dep,late_interim,Other hours,91,5.747252747252747,19.0,19.0,21,0.0,0.0,523,515.0,8.0,98.0,443.0,0.015296367112810707,0.19029126213592232,0.847036328871893
LAX,dep,reference,Facilitated hours,476,28.665966386554622,41.5,47.0,56,0.4222689075630252,0.15126050420168066,13645,13601.0,44.0,2021.0,25375.0,0.003224624404543789,0.14859201529299315,1.85965555148406
LAX,dep,reference,Other hours,196,5.63265306122449,20.0,22.0,24,0.0,0.0,1104,1100.0,4.0,120.0,2411.0,0.0036231884057971015,0.10909090909090909,2.183876811594203
LAX,dep,stress,Facilitated hours,595,29.121008403361344,42.60000000000002,47.0,56,0.43529411764705883,0.18487394957983194,17327,17277.0,50.0,2880.0,62276.0,0.002885669763952213,0.16669560687619378,3.594159404397761
LAX,dep,stress,Other hours,245,5.077551020408163,19.0,20.799999999999983,25,0.0,0.0,1244,1238.0,6.0,151.0,1587.0,0.00482315112540193,0.12197092084006463,1.2757234726688103
LGA,arr,early_interim,Facilitated hours,238,20.432773109243698,28.0,29.0,30,0.08403361344537816,0.0,4863,4854.0,9.0,836.0,11698.0,0.001850709438618137,0.17222908941079523,2.4055110014394407
LGA,arr,early_interim,Other hours,98,2.979591836734694,22.0,23.0,23,0.0,0.0,292,291.0,1.0,82.0,901.0,0.003424657534246575,0.281786941580756,3.085616438356164
LGA,arr,late_interim,Facilitated hours,221,20.4841628959276,28.0,29.0,30,0.08144796380090498,0.0,4527,4464.0,63.0,1136.0,23086.0,0.013916500994035786,0.25448028673835127,5.099624475370002
LGA,arr,late_interim,Other hours,91,3.3516483516483517,22.0,25.5,26,0.0,0.0,305,294.0,11.0,114.0,1173.0,0.036065573770491806,0.3877551020408163,3.8459016393442624
LGA,arr,reference,Facilitated hours,476,20.537815126050422,28.0,28.0,29,0.025210084033613446,0.0,9776,9665.0,111.0,2026.0,40788.0,0.011354337152209492,0.20962234868080704,4.172258592471358
LGA,arr,reference,Other hours,196,2.9183673469387754,20.5,21.0,24,0.0,0.0,572,562.0,10.0,189.0,2089.0,0.017482517482517484,0.33629893238434166,3.652097902097902
LGA,arr,stress,Facilitated hours,595,20.715966386554623,28.0,29.0,31,0.08067226890756303,0.0,12326,12134.0,192.0,3177.0,117686.0,0.015576829466169074,0.26182627328168784,9.54778516956028
LGA,arr,stress,Other hours,245,3.024489795918367,21.599999999999994,23.0,24,0.0,0.0,741,720.0,21.0,274.0,7019.0,0.02834008097165992,0.38055555555555554,9.472334682860998
LGA,dep,early_interim,Facilitated hours,238,21.470588235294116,31.0,32.0,33,0.13445378151260504,0.0,5110,5096.0,14.0,805.0,19088.0,0.0027397260273972603,0.15796703296703296,3.7354207436399216
LGA,dep,early_interim,Other hours,98,0.46938775510204084,2.5999999999999943,4.0,4,0.0,0.0,46,46.0,0.0,3.0,523.0,0.0,0.06521739130434782,11.369565217391305
LGA,dep,late_interim,Facilitated hours,221,21.687782805429865,30.0,31.0,33,0.16289592760180996,0.0,4793,4719.0,74.0,1157.0,42044.0,0.015439182140621741,0.24517906336088155,8.771959107031087
LGA,dep,late_interim,Other hours,91,0.43956043956043955,3.0,3.0,4,0.0,0.0,40,40.0,0.0,4.0,0.0,0.0,0.1,0.0
LGA,dep,reference,Facilitated hours,476,21.701680672268907,28.0,32.0,36,0.09243697478991597,0.03991596638655462,10330,10210.0,120.0,1877.0,47399.0,0.011616650532429816,0.18383937316356513,4.588480154888674
LGA,dep,reference,Other hours,196,0.10714285714285714,0.0,1.0,2,0.0,0.0,21,21.0,0.0,1.0,0.0,0.0,0.047619047619047616,0.0
LGA,dep,stress,Facilitated hours,595,21.847058823529412,30.0,31.0,35,0.16302521008403362,0.01680672268907563,12999,12784.0,215.0,2751.0,72834.0,0.016539733825678898,0.21519086357947434,5.6030463881837065
LGA,dep,stress,Other hours,245,0.37551020408163266,2.0,2.0,6,0.0,0.0,92,91.0,1.0,4.0,74.0,0.010869565217391304,0.04395604395604396,0.8043478260869565
MCI,arr,early_interim,Facilitated hours,238,7.466386554621849,12.0,13.0,15,0.0,0.0,1777,1767.0,10.0,373.0,2639.0,0.005627462014631401,0.211092246745897,1.4850872256612269
MCI,arr,early_interim,Other hours,98,2.0918367346938775,12.0,13.0,13,0.0,0.0,205,205.0,0.0,67.0,488.0,0.0,0.32682926829268294,2.3804878048780487
MCI,arr,late_interim,Facilitated hours,221,7.375565610859729,11.0,12.0,15,0.0,0.0,1630,1617.0,13.0,493.0,6374.0,0.007975460122699387,0.3048855905998763,3.910429447852761
MCI,arr,late_interim,Other hours,91,2.9450549450549453,16.0,17.0,20,0.0,0.0,268,259.0,9.0,123.0,405.0,0.033582089552238806,0.4749034749034749,1.5111940298507462
MCI,arr,reference,Facilitated hours,476,6.7478991596638656,11.0,12.0,14,0.0,0.0,3212,3190.0,22.0,653.0,6062.0,0.00684931506849315,0.20470219435736678,1.8872976338729763
MCI,arr,reference,Other hours,196,2.4030612244897958,10.5,11.0,13,0.0,0.0,471,461.0,10.0,133.0,1260.0,0.021231422505307854,0.2885032537960954,2.6751592356687897
MCI,arr,stress,Facilitated hours,595,7.245378151260504,12.0,12.299999999999955,15,0.0,0.0,4311,4272.0,39.0,868.0,8274.0,0.009046624913013222,0.20318352059925093,1.919276270006959
MCI,arr,stress,Other hours,245,1.9877551020408164,12.0,12.0,12,0.0,0.0,487,486.0,1.0,154.0,1269.0,0.002053388090349076,0.3168724279835391,2.6057494866529773
MCI,dep,early_interim,Facilitated hours,238,7.773109243697479,13.0,14.0,18,0.0,0.0,1850,1841.0,9.0,356.0,7301.0,0.004864864864864865,0.19337316675719718,3.9464864864864864
MCI,dep,early_interim,Other hours,98,1.3571428571428572,8.0,12.0,12,0.0,0.0,133,130.0,3.0,9.0,124.0,0.022556390977443608,0.06923076923076923,0.9323308270676691
MCI,dep,late_interim,Facilitated hours,221,7.8144796380090495,13.0,14.0,18,0.0,0.0,1727,1714.0,13.0,480.0,8216.0,0.007527504342790967,0.28004667444574094,4.757382744643891
MCI,dep,late_interim,Other hours,91,1.879120879120879,13.0,14.0,15,0.0,0.0,171,165.0,6.0,12.0,188.0,0.03508771929824561,0.07272727272727272,1.0994152046783625
MCI,dep,reference,Facilitated hours,476,7.2710084033613445,12.0,14.0,17,0.0,0.0,3461,3430.0,31.0,621.0,11319.0,0.008956948858711355,0.18104956268221575,3.2704420687662523
MCI,dep,reference,Other hours,196,1.1326530612244898,7.0,8.0,12,0.0,0.0,222,217.0,5.0,14.0,896.0,0.02252252252252252,0.06451612903225806,4.036036036036036
MCI,dep,stress,Facilitated hours,595,7.507563025210084,13.0,14.0,19,0.0,0.0,4467,4434.0,33.0,830.0,16178.0,0.007387508394895903,0.18718989625620208,3.621670024625028
MCI,dep,stress,Other hours,245,1.3510204081632653,8.0,12.0,12,0.0,0.0,331,330.0,1.0,12.0,497.0,0.0030211480362537764,0.03636363636363636,1.501510574018127
MCO,arr,early_interim,Facilitated hours,238,22.567226890756302,30.0,31.0,35,0.20588235294117646,0.008403361344537815,5371,5342.0,29.0,1315.0,34788.0,0.0053993669707689445,0.24616248596031448,6.477006144107243
MCO,arr,early_interim,Other hours,98,6.8979591836734695,18.299999999999997,27.0,30,0.01020408163265306,0.0,676,671.0,5.0,208.0,2932.0,0.0073964497041420114,0.30998509687034276,4.337278106508876
MCO,arr,late_interim,Facilitated hours,221,22.488687782805428,31.0,32.0,37,0.17647058823529413,0.013574660633484163,4970,4944.0,26.0,1377.0,31551.0,0.005231388329979879,0.27851941747572817,6.348289738430584
MCO,arr,late_interim,Other hours,91,7.450549450549451,23.0,28.5,33,0.054945054945054944,0.0,678,671.0,7.0,236.0,1635.0,0.01032448377581121,0.35171385991058124,2.411504424778761
MCO,arr,reference,Facilitated hours,476,24.983193277310924,32.0,33.0,40,0.31092436974789917,0.02100840336134454,11892,11789.0,103.0,2440.0,62295.0,0.008661284897410023,0.20697260157774197,5.238395560040363
MCO,arr,reference,Other hours,196,9.03061224489796,27.5,34.25,39,0.09693877551020408,0.05102040816326531,1770,1750.0,20.0,495.0,6618.0,0.011299435028248588,0.28285714285714286,3.7389830508474575
MCO,arr,stress,Facilitated hours,595,23.618487394957985,31.0,33.0,41,0.2453781512605042,0.02689075630252101,14053,13978.0,75.0,2911.0,57935.0,0.005336938731943357,0.20825583059092861,4.122607272468512
MCO,arr,stress,Other hours,245,7.220408163265306,23.19999999999999,28.799999999999983,36,0.053061224489795916,0.00816326530612245,1769,1757.0,12.0,505.0,6792.0,0.006783493499152063,0.28742174160500855,3.8394573205200677
MCO,dep,early_interim,Facilitated hours,238,24.95378151260504,34.0,35.0,39,0.3235294117647059,0.07563025210084033,5939,5911.0,28.0,1667.0,33706.0,0.00471459841724196,0.28201657925900864,5.6753662232699105
MCO,dep,early_interim,Other hours,98,1.1326530612244898,3.299999999999997,7.1499999999999915,9,0.0,0.0,111,110.0,1.0,11.0,88.0,0.009009009009009009,0.1,0.7927927927927928
MCO,dep,late_interim,Facilitated hours,221,24.968325791855204,34.0,36.0,42,0.33031674208144796,0.08144796380090498,5518,5489.0,29.0,1464.0,37079.0,0.005255527364987314,0.2667152486791765,6.719644798840159
MCO,dep,late_interim,Other hours,91,1.3956043956043955,5.0,8.5,12,0.0,0.0,127,127.0,0.0,12.0,25.0,0.0,0.09448818897637795,0.1968503937007874
MCO,dep,reference,Facilitated hours,476,27.865546218487395,37.0,39.0,44,0.5294117647058824,0.18067226890756302,13264,13154.0,110.0,2723.0,46749.0,0.008293124246079614,0.20700927474532463,3.5245024125452353
MCO,dep,reference,Other hours,196,2.061224489795918,10.0,12.0,15,0.0,0.0,404,402.0,2.0,42.0,280.0,0.0049504950495049506,0.1044776119402985,0.693069306930693
MCO,dep,stress,Facilitated hours,595,26.100840336134453,35.0,37.0,40,0.38487394957983195,0.12436974789915967,15530,15456.0,74.0,3571.0,91870.0,0.004764971023824855,0.2310429606625259,5.9156471345782355
MCO,dep,stress,Other hours,245,1.2285714285714286,5.0,7.799999999999983,12,0.0,0.0,301,299.0,2.0,36.0,148.0,0.006644518272425249,0.12040133779264214,0.49169435215946844
MDW,arr,early_interim,Facilitated hours,238,11.004201680672269,19.0,23.0,28,0.0,0.0,2619,2608.0,11.0,467.0,4948.0,0.004200076365024819,0.1790644171779141,1.889270714012982
MDW,arr,early_interim,Other hours,98,1.3979591836734695,5.0,7.0,7,0.0,0.0,137,137.0,0.0,40.0,111.0,0.0,0.291970802919708,0.8102189781021898
MDW,arr,late_interim,Facilitated hours,221,13.135746606334841,21.0,25.0,28,0.0,0.0,2903,2887.0,16.0,632.0,6420.0,0.005511539786427834,0.21891236577762382,2.211505339304168
MDW,arr,late_interim,Other hours,91,1.901098901098901,6.0,7.0,8,0.0,0.0,173,167.0,6.0,67.0,155.0,0.03468208092485549,0.40119760479041916,0.8959537572254336
MDW,arr,reference,Facilitated hours,476,10.907563025210084,18.0,20.0,28,0.0,0.0,5192,5123.0,69.0,850.0,10400.0,0.013289676425269646,0.16591840718329104,2.0030816640986133
MDW,arr,reference,Other hours,196,2.413265306122449,7.0,10.0,11,0.0,0.0,473,470.0,3.0,122.0,739.0,0.006342494714587738,0.25957446808510637,1.562367864693446
MDW,arr,stress,Facilitated hours,595,11.085714285714285,19.0,22.299999999999955,29,0.0016806722689075631,0.0,6596,6579.0,17.0,1089.0,9041.0,0.002577319587628866,0.16552667578659372,1.3706791995148575
MDW,arr,stress,Other hours,245,1.6693877551020408,6.0,7.0,8,0.0,0.0,409,407.0,2.0,107.0,511.0,0.004889975550122249,0.2628992628992629,1.2493887530562346
MDW,dep,early_interim,Facilitated hours,238,11.159663865546218,20.0,23.149999999999977,31,0.004201680672268907,0.0,2656,2646.0,10.0,564.0,5402.0,0.0037650602409638554,0.21315192743764172,2.0338855421686746
MDW,dep,early_interim,Other hours,98,1.0204081632653061,4.0,12.0,12,0.0,0.0,100,100.0,0.0,6.0,23.0,0.0,0.06,0.23
MDW,dep,late_interim,Facilitated hours,221,13.429864253393665,23.0,25.0,29,0.01809954751131222,0.0,2968,2948.0,20.0,929.0,7444.0,0.006738544474393531,0.31512890094979645,2.5080862533692723
MDW,dep,late_interim,Other hours,91,1.2087912087912087,8.0,10.0,10,0.0,0.0,110,107.0,3.0,1.0,34.0,0.02727272727272727,0.009345794392523364,0.3090909090909091
MDW,dep,reference,Facilitated hours,476,11.445378151260504,19.5,23.0,27,0.0,0.0,5448,5389.0,59.0,1167.0,14853.0,0.010829662261380322,0.2165522360363704,2.726321585903084
MDW,dep,reference,Other hours,196,1.1020408163265305,5.0,9.25,13,0.0,0.0,216,213.0,3.0,19.0,558.0,0.013888888888888888,0.0892018779342723,2.5833333333333335
MDW,dep,stress,Facilitated hours,595,11.341176470588236,19.0,23.0,27,0.0,0.0,6748,6734.0,14.0,1456.0,18795.0,0.002074688796680498,0.21621621621621623,2.7852697095435683
MDW,dep,stress,Other hours,245,1.0612244897959184,4.0,12.0,13,0.0,0.0,260,260.0,0.0,9.0,124.0,0.0,0.03461538461538462,0.47692307692307695
MIA,arr,early_interim,Facilitated hours,238,16.668067226890756,26.0,29.0,33,0.058823529411764705,0.0,3967,3909.0,58.0,832.0,15437.0,0.014620620115956643,0.21284215911997953,3.8913536677590117
MIA,arr,early_interim,Other hours,98,2.520408163265306,7.299999999999997,8.0,13,0.0,0.0,247,238.0,9.0,58.0,693.0,0.03643724696356275,0.24369747899159663,2.805668016194332
MIA,arr,late_interim,Facilitated hours,221,16.063348416289593,25.0,27.0,31,0.013574660633484163,0.0,3550,3525.0,25.0,845.0,12539.0,0.007042253521126761,0.2397163120567376,3.532112676056338
MIA,arr,late_interim,Other hours,91,2.934065934065934,9.0,12.0,14,0.0,0.0,267,264.0,3.0,100.0,694.0,0.011235955056179775,0.3787878787878788,2.599250936329588
MIA,arr,reference,Facilitated hours,476,19.107142857142858,31.0,33.0,40,0.1323529411764706,0.031512605042016806,9095,8964.0,131.0,2115.0,48350.0,0.01440351841671248,0.2359437751004016,5.31610775151182
MIA,arr,reference,Other hours,196,2.9285714285714284,9.0,10.0,13,0.0,0.0,574,557.0,17.0,154.0,1557.0,0.029616724738675958,0.2764811490125673,2.7125435540069684
MIA,arr,stress,Facilitated hours,595,17.369747899159663,28.0,31.0,37,0.09243697478991597,0.013445378151260505,10335,10271.0,64.0,2016.0,33689.0,0.006192549588776004,0.19628079057540648,3.2597000483792935
MIA,arr,stress,Other hours,245,2.804081632653061,8.0,10.0,14,0.0,0.0,687,677.0,10.0,194.0,1641.0,0.01455604075691412,0.2865583456425406,2.388646288209607
MIA,dep,early_interim,Facilitated hours,238,17.571428571428573,26.0,28.0,31,0.04201680672268908,0.0,4182,4108.0,74.0,1087.0,22795.0,0.017694882831181254,0.2646056475170399,5.450741272118604
MIA,dep,early_interim,Other hours,98,0.3469387755102041,2.0,2.0,4,0.0,0.0,34,34.0,0.0,2.0,3.0,0.0,0.058823529411764705,0.08823529411764706
MIA,dep,late_interim,Facilitated hours,221,16.968325791855204,25.0,28.0,35,0.04524886877828054,0.004524886877828055,3750,3732.0,18.0,976.0,17361.0,0.0048,0.2615219721329046,4.6296
MIA,dep,late_interim,Other hours,91,0.7032967032967034,3.0,4.0,6,0.0,0.0,64,64.0,0.0,11.0,100.0,0.0,0.171875,1.5625
MIA,dep,reference,Facilitated hours,476,20.142857142857142,32.0,33.0,39,0.15126050420168066,0.02100840336134454,9588,9435.0,153.0,2585.0,43144.0,0.015957446808510637,0.27397986221515636,4.499791405924071
MIA,dep,reference,Other hours,196,0.4642857142857143,2.0,4.0,6,0.0,0.0,91,90.0,1.0,2.0,1.0,0.01098901098901099,0.022222222222222223,0.01098901098901099
MIA,dep,stress,Facilitated hours,595,18.31596638655462,28.0,29.299999999999955,34,0.08067226890756303,0.0,10898,10828.0,70.0,2404.0,56946.0,0.00642319691686548,0.22201699298115996,5.225362451826023
MIA,dep,stress,Other hours,245,0.4326530612244898,2.0,3.799999999999983,6,0.0,0.0,106,105.0,1.0,5.0,108.0,0.009433962264150943,0.047619047619047616,1.0188679245283019
MSP,arr,early_interim,Facilitated hours,238,17.915966386554622,30.0,39.0,42,0.12184873949579832,0.058823529411764705,4264,4259.0,5.0,675.0,9070.0,0.0011726078799249532,0.15848790795961493,2.127110694183865
MSP,arr,early_interim,Other hours,98,2.622448979591837,9.0,11.0,12,0.0,0.0,257,256.0,1.0,64.0,175.0,0.0038910505836575876,0.25,0.6809338521400778
MSP,arr,late_interim,Facilitated hours,221,18.85972850678733,30.0,33.0,44,0.14027149321266968,0.04524886877828054,4168,4155.0,13.0,684.0,6285.0,0.0031190019193857964,0.16462093862815885,1.5079174664107486
MSP,arr,late_interim,Other hours,91,3.3516483516483517,12.0,12.5,16,0.0,0.0,305,300.0,5.0,105.0,351.0,0.01639344262295082,0.35,1.1508196721311474
MSP,arr,reference,Facilitated hours,476,16.850840336134453,25.0,33.0,39,0.06932773109243698,0.031512605042016806,8021,7976.0,45.0,1391.0,14328.0,0.00561027303328762,0.17439819458375125,1.7863109337987781
MSP,arr,reference,Other hours,196,3.4081632653061225,13.0,16.0,17,0.0,0.0,668,663.0,5.0,188.0,1282.0,0.0074850299401197605,0.28355957767722473,1.9191616766467066
MSP,arr,stress,Facilitated hours,595,17.121008403361344,26.0,33.0,42,0.0773109243697479,0.025210084033613446,10187,10150.0,37.0,1950.0,39376.0,0.0036320801020909,0.1921182266009852,3.865318543241386
MSP,arr,stress,Other hours,245,2.9020408163265308,10.0,11.0,15,0.0,0.0,711,706.0,5.0,180.0,1200.0,0.007032348804500703,0.254957507082153,1.6877637130801688
MSP,dep,early_interim,Facilitated hours,238,18.714285714285715,28.0,30.0,32,0.06722689075630252,0.0,4454,4447.0,7.0,685.0,11643.0,0.001571621014818141,0.15403642905329434,2.614054782218231
MSP,dep,early_interim,Other hours,98,0.6836734693877551,5.0,5.0,5,0.0,0.0,67,66.0,1.0,3.0,160.0,0.014925373134328358,0.045454545454545456,2.388059701492537
MSP,dep,late_interim,Facilitated hours,221,19.84162895927602,30.0,32.0,34,0.1583710407239819,0.0,4385,4368.0,17.0,782.0,12139.0,0.003876852907639681,0.17902930402930403,2.7683010262257697
MSP,dep,late_interim,Other hours,91,0.945054945054945,7.0,7.0,7,0.0,0.0,86,86.0,0.0,4.0,70.0,0.0,0.046511627906976744,0.813953488372093
MSP,dep,reference,Facilitated hours,476,17.82563025210084,25.0,27.0,33,0.04201680672268908,0.0,8485,8440.0,45.0,1528.0,29141.0,0.005303476723629935,0.18104265402843603,3.4344136711844433
MSP,dep,reference,Other hours,196,1.0612244897959184,7.0,8.0,8,0.0,0.0,208,207.0,1.0,18.0,432.0,0.004807692307692308,0.08695652173913043,2.076923076923077
MSP,dep,stress,Facilitated hours,595,18.005042016806723,27.0,28.0,32,0.04873949579831933,0.0,10713,10666.0,47.0,1969.0,38401.0,0.004387193129842247,0.1846052878304894,3.5845234761504714
MSP,dep,stress,Other hours,245,0.7714285714285715,5.0,6.0,6,0.0,0.0,189,188.0,1.0,17.0,238.0,0.005291005291005291,0.09042553191489362,1.2592592592592593
MSY,arr,early_interim,Facilitated hours,238,7.487394957983193,12.0,13.0,16,0.0,0.0,1782,1774.0,8.0,403.0,4608.0,0.004489337822671156,0.22717023675310033,2.585858585858586
MSY,arr,early_interim,Other hours,98,1.9183673469387754,9.0,10.0,14,0.0,0.0,188,186.0,2.0,68.0,523.0,0.010638297872340425,0.3655913978494624,2.7819148936170213
MSY,arr,late_interim,Facilitated hours,221,7.0588235294117645,11.0,12.0,16,0.0,0.0,1560,1533.0,27.0,474.0,7536.0,0.01730769230769231,0.30919765166340507,4.8307692307692305
MSY,arr,late_interim,Other hours,91,1.945054945054945,9.0,10.0,15,0.0,0.0,177,173.0,4.0,76.0,330.0,0.022598870056497175,0.4393063583815029,1.8644067796610169
MSY,arr,reference,Facilitated hours,476,7.890756302521009,13.0,15.0,19,0.0,0.0,3756,3735.0,21.0,802.0,11948.0,0.005591054313099041,0.2147255689424364,3.1810436634717787
MSY,arr,reference,Other hours,196,2.586734693877551,10.0,14.0,16,0.0,0.0,507,501.0,6.0,127.0,963.0,0.011834319526627219,0.25349301397205587,1.8994082840236686
MSY,arr,stress,Facilitated hours,595,7.946218487394958,13.0,14.0,20,0.0,0.0,4728,4687.0,41.0,993.0,15534.0,0.008671742808798646,0.21186259867719223,3.285532994923858
MSY,arr,stress,Other hours,245,2.053061224489796,8.599999999999994,10.0,15,0.0,0.0,503,496.0,7.0,153.0,859.0,0.013916500994035786,0.3084677419354839,1.7077534791252484
MSY,dep,early_interim,Facilitated hours,238,7.810924369747899,12.0,13.0,14,0.0,0.0,1859,1851.0,8.0,480.0,8318.0,0.004303388918773534,0.2593192868719611,4.474448628294782
MSY,dep,early_interim,Other hours,98,1.1326530612244898,6.0,9.149999999999991,10,0.0,0.0,111,110.0,1.0,7.0,295.0,0.009009009009009009,0.06363636363636363,2.6576576576576576
MSY,dep,late_interim,Facilitated hours,221,7.3076923076923075,12.0,12.0,17,0.0,0.0,1615,1584.0,31.0,524.0,11130.0,0.019195046439628483,0.33080808080808083,6.891640866873065
MSY,dep,late_interim,Other hours,91,1.3516483516483517,8.0,10.5,12,0.0,0.0,123,120.0,3.0,12.0,297.0,0.024390243902439025,0.1,2.4146341463414633
MSY,dep,reference,Facilitated hours,476,8.405462184873949,13.0,14.0,17,0.0,0.0,4001,3971.0,30.0,863.0,12088.0,0.007498125468632842,0.21732561067741124,3.021244688827793
MSY,dep,reference,Other hours,196,1.3265306122448979,8.5,10.0,11,0.0,0.0,260,256.0,4.0,16.0,210.0,0.015384615384615385,0.0625,0.8076923076923077
MSY,dep,stress,Facilitated hours,595,8.272268907563026,12.0,13.299999999999955,18,0.0,0.0,4922,4869.0,53.0,1120.0,22295.0,0.010767980495733442,0.23002669952762375,4.529662738724096
MSY,dep,stress,Other hours,245,1.2612244897959184,8.0,10.0,11,0.0,0.0,309,306.0,3.0,16.0,614.0,0.009708737864077669,0.05228758169934641,1.9870550161812297
OAK,arr,early_interim,Facilitated hours,238,5.890756302521009,11.0,11.0,13,0.0,0.0,1402,1395.0,7.0,249.0,911.0,0.004992867332382311,0.17849462365591398,0.6497860199714693
OAK,arr,early_interim,Other hours,98,0.47959183673469385,2.0,5.0,5,0.0,0.0,47,47.0,0.0,20.0,40.0,0.0,0.425531914893617,0.851063829787234
OAK,arr,late_interim,Facilitated hours,221,5.552036199095022,10.0,10.0,13,0.0,0.0,1227,1219.0,8.0,305.0,1690.0,0.006519967400162999,0.2502050861361772,1.3773431132844336
OAK,arr,late_interim,Other hours,91,0.8681318681318682,4.0,6.0,8,0.0,0.0,79,79.0,0.0,41.0,186.0,0.0,0.5189873417721519,2.3544303797468356
OAK,arr,reference,Facilitated hours,476,5.531512605042017,9.0,12.0,13,0.0,0.0,2633,2622.0,11.0,350.0,1594.0,0.004177744018230156,0.13348588863463004,0.6053930877326243
OAK,arr,reference,Other hours,196,1.0561224489795917,6.0,6.0,9,0.0,0.0,207,207.0,0.0,46.0,290.0,0.0,0.2222222222222222,1.4009661835748792
OAK,arr,stress,Facilitated hours,595,5.821848739495798,11.0,12.0,14,0.0,0.0,3464,3445.0,19.0,583.0,1999.0,0.005484988452655889,0.16923076923076924,0.5770785219399538
OAK,arr,stress,Other hours,245,0.673469387755102,3.0,6.0,6,0.0,0.0,165,165.0,0.0,63.0,123.0,0.0,0.38181818181818183,0.7454545454545455
OAK,dep,early_interim,Facilitated hours,238,5.739495798319328,10.0,11.0,12,0.0,0.0,1366,1363.0,3.0,263.0,1613.0,0.0021961932650073207,0.1929567131327953,1.1808199121522693
OAK,dep,early_interim,Other hours,98,0.8469387755102041,4.8999999999999915,7.0,7,0.0,0.0,83,82.0,1.0,4.0,149.0,0.012048192771084338,0.04878048780487805,1.7951807228915662
OAK,dep,late_interim,Facilitated hours,221,5.497737556561086,9.0,10.0,11,0.0,0.0,1215,1211.0,4.0,327.0,2289.0,0.0032921810699588477,0.2700247729149463,1.8839506172839506
OAK,dep,late_interim,Other hours,91,1.010989010989011,6.0,8.0,8,0.0,0.0,92,91.0,1.0,2.0,200.0,0.010869565217391304,0.02197802197802198,2.1739130434782608
OAK,dep,reference,Facilitated hours,476,5.67436974789916,10.5,12.0,13,0.0,0.0,2701,2694.0,7.0,440.0,2846.0,0.00259163272861903,0.1633259094283593,1.0536838208071084
OAK,dep,reference,Other hours,196,0.7040816326530612,4.5,5.0,6,0.0,0.0,138,138.0,0.0,1.0,52.0,0.0,0.007246376811594203,0.37681159420289856
OAK,dep,stress,Facilitated hours,595,5.771428571428571,10.0,11.0,13,0.0,0.0,3434,3422.0,12.0,579.0,4361.0,0.0034944670937682005,0.16919929865575686,1.2699475829935936
OAK,dep,stress,Other hours,245,0.7877551020408163,5.199999999999989,6.0,7,0.0,0.0,193,192.0,1.0,8.0,207.0,0.0051813471502590676,0.041666666666666664,1.072538860103627
ORD,arr,early_interim,Facilitated hours,238,50.84873949579832,78.0,81.14999999999998,86,0.8613445378151261,0.8025210084033614,12102,12052.0,50.0,2349.0,46691.0,0.0041315485043794415,0.1949054098904746,3.85812262435961
ORD,arr,early_interim,Other hours,98,6.887755102040816,20.0,22.0,23,0.0,0.0,675,674.0,1.0,132.0,723.0,0.0014814814814814814,0.19584569732937684,1.0711111111111111
ORD,arr,late_interim,Facilitated hours,221,54.80995475113122,76.0,80.0,87,0.9276018099547512,0.8642533936651584,12113,12063.0,50.0,3310.0,61377.0,0.0041277965821844296,0.27439277128409184,5.067035416494675
ORD,arr,late_interim,Other hours,91,6.945054945054945,19.0,22.5,24,0.0,0.0,632,619.0,13.0,129.0,434.0,0.020569620253164556,0.2084006462035541,0.6867088607594937
ORD,arr,reference,Facilitated hours,476,46.976890756302524,71.5,79.0,86,0.7668067226890757,0.6890756302521008,22361,21909.0,452.0,5041.0,142316.0,0.0202137650373418,0.23008809165183258,6.364473860739681
ORD,arr,reference,Other hours,196,6.178571428571429,16.0,18.25,22,0.0,0.0,1211,1185.0,26.0,239.0,2534.0,0.021469859620148638,0.20168776371308017,2.092485549132948
ORD,arr,stress,Facilitated hours,595,49.596638655462186,76.0,82.0,87,0.8168067226890756,0.7159663865546219,29510,29353.0,157.0,5573.0,85077.0,0.005320230430362589,0.18986134296324056,2.882988817350051
ORD,arr,stress,Other hours,245,6.355102040816327,19.0,22.0,25,0.0,0.0,1557,1546.0,11.0,302.0,1992.0,0.007064868336544637,0.19534282018111254,1.2793834296724471
ORD,dep,early_interim,Facilitated hours,238,53.23529411764706,76.30000000000001,80.0,85,0.9117647058823529,0.8067226890756303,12670,12631.0,39.0,2367.0,36040.0,0.0030781373322809787,0.18739608898741192,2.844514601420679
ORD,dep,early_interim,Other hours,98,1.1428571428571428,7.0,8.149999999999991,9,0.0,0.0,112,112.0,0.0,5.0,113.0,0.0,0.044642857142857144,1.0089285714285714
ORD,dep,late_interim,Facilitated hours,221,57.04977375565611,76.0,78.0,87,0.9728506787330317,0.9049773755656109,12608,12563.0,45.0,3287.0,44380.0,0.003569162436548223,0.2616413277083499,3.51998730964467
ORD,dep,late_interim,Other hours,91,1.4835164835164836,9.0,10.5,13,0.0,0.0,135,134.0,1.0,8.0,195.0,0.007407407407407408,0.05970149253731343,1.4444444444444444
ORD,dep,reference,Facilitated hours,476,49.016806722689076,71.0,74.0,82,0.8445378151260504,0.773109243697479,23332,22885.0,447.0,5157.0,89891.0,0.01915823761357792,0.22534411186366615,3.852691582376136
ORD,dep,reference,Other hours,196,1.1785714285714286,7.5,9.0,11,0.0,0.0,231,223.0,8.0,18.0,837.0,0.03463203463203463,0.08071748878923767,3.6233766233766236
ORD,dep,stress,Facilitated hours,595,51.73109243697479,72.60000000000002,77.0,81,0.8722689075630252,0.8084033613445378,30780,30630.0,150.0,5502.0,112994.0,0.004873294346978557,0.17962781586679727,3.6710201429499674
ORD,dep,stress,Other hours,245,1.1306122448979592,8.0,8.0,9,0.0,0.0,277,275.0,2.0,5.0,397.0,0.007220216606498195,0.01818181818181818,1.4332129963898916
PDX,arr,early_interim,Facilitated hours,238,9.403361344537815,20.0,22.149999999999977,25,0.0,0.0,2238,2227.0,11.0,360.0,2443.0,0.004915102770330653,0.16165244723843736,1.0915996425379804
PDX,arr,early_interim,Other hours,98,2.326530612244898,11.0,12.0,13,0.0,0.0,228,225.0,3.0,43.0,348.0,0.013157894736842105,0.19111111111111112,1.5263157894736843
PDX,arr,late_interim,Facilitated hours,221,9.895927601809955,21.0,24.0,27,0.0,0.0,2187,2177.0,10.0,532.0,5523.0,0.004572473708276178,0.24437299035369775,2.5253772290809327
PDX,arr,late_interim,Other hours,91,2.4835164835164836,9.0,11.0,13,0.0,0.0,226,221.0,5.0,90.0,480.0,0.022123893805309734,0.4072398190045249,2.1238938053097347
PDX,arr,reference,Facilitated hours,476,8.13655462184874,13.0,14.0,16,0.0,0.0,3873,3865.0,8.0,571.0,4529.0,0.0020655822359927703,0.14773609314359637,1.1693777433514072
PDX,arr,reference,Other hours,196,2.7193877551020407,14.0,14.0,15,0.0,0.0,533,531.0,2.0,108.0,993.0,0.00375234521575985,0.2033898305084746,1.8630393996247654
PDX,arr,stress,Facilitated hours,595,8.499159663865546,16.0,20.0,25,0.0,0.0,5057,5039.0,18.0,836.0,6471.0,0.0035594225825588293,0.16590593371700735,1.2796124184298991
PDX,arr,stress,Other hours,245,2.3959183673469386,11.0,12.0,14,0.0,0.0,587,587.0,0.0,127.0,569.0,0.0,0.21635434412265758,0.969335604770017
PDX,dep,early_interim,Facilitated hours,238,9.609243697478991,20.0,22.0,22,0.0,0.0,2287,2275.0,12.0,334.0,6783.0,0.005247048535198951,0.1468131868131868,2.965894184521207
PDX,dep,early_interim,Other hours,98,1.816326530612245,8.0,9.0,9,0.0,0.0,178,178.0,0.0,17.0,44.0,0.0,0.09550561797752809,0.24719101123595505
PDX,dep,late_interim,Facilitated hours,221,9.941176470588236,21.0,22.0,24,0.0,0.0,2197,2185.0,12.0,438.0,7443.0,0.005461993627674101,0.20045766590389016,3.387801547564861
PDX,dep,late_interim,Other hours,91,2.318681318681319,8.0,11.0,12,0.0,0.0,211,208.0,3.0,29.0,269.0,0.014218009478672985,0.13942307692307693,1.2748815165876777
PDX,dep,reference,Facilitated hours,476,8.430672268907562,13.0,18.0,20,0.0,0.0,4013,4005.0,8.0,527.0,7365.0,0.00199352105656616,0.13158551810237204,1.8352853227012211
PDX,dep,reference,Other hours,196,2.0,7.0,9.0,9,0.0,0.0,392,390.0,2.0,38.0,234.0,0.00510204081632653,0.09743589743589744,0.5969387755102041
PDX,dep,stress,Facilitated hours,595,8.705882352941176,17.0,21.0,24,0.0,0.0,5180,5165.0,15.0,682.0,15807.0,0.0028957528957528956,0.13204259438528557,3.0515444015444015
PDX,dep,stress,Other hours,245,1.9142857142857144,8.0,8.0,8,0.0,0.0,469,467.0,2.0,45.0,391.0,0.0042643923240938165,0.09635974304068523,0.8336886993603412
PHL,arr,early_interim,Facilitated hours,238,15.584033613445378,39.0,43.44999999999993,50,0.11764705882352941,0.11764705882352941,3709,3689.0,20.0,866.0,11705.0,0.005392289026691831,0.23475196530224993,3.1558371528713938
PHL,arr,early_interim,Other hours,98,3.1530612244897958,9.299999999999997,12.0,12,0.0,0.0,309,306.0,3.0,96.0,638.0,0.009708737864077669,0.3137254901960784,2.0647249190938513
PHL,arr,late_interim,Facilitated hours,221,15.244343891402714,35.0,43.0,51,0.11764705882352941,0.10407239819004525,3369,3335.0,34.0,938.0,13057.0,0.010092015434847135,0.2812593703148426,3.875630750964678
PHL,arr,late_interim,Other hours,91,3.989010989010989,11.0,12.0,15,0.0,0.0,363,353.0,10.0,124.0,712.0,0.027548209366391185,0.35127478753541075,1.9614325068870524
PHL,arr,reference,Facilitated hours,476,14.252100840336135,27.0,39.25,48,0.08403361344537816,0.06932773109243698,6784,6676.0,108.0,1550.0,20601.0,0.015919811320754717,0.23217495506291191,3.0367040094339623
PHL,arr,reference,Other hours,196,3.5918367346938775,12.0,13.0,17,0.0,0.0,704,694.0,10.0,175.0,1992.0,0.014204545454545454,0.2521613832853026,2.8295454545454546
PHL,arr,stress,Facilitated hours,595,15.631932773109243,35.0,44.0,51,0.11764705882352941,0.10756302521008404,9301,9146.0,155.0,2296.0,40830.0,0.01666487474465111,0.2510387054450033,4.389850553703903
PHL,arr,stress,Other hours,245,3.1387755102040815,11.0,12.0,16,0.0,0.0,769,758.0,11.0,231.0,1954.0,0.014304291287386216,0.30474934036939316,2.540962288686606
PHL,dep,early_interim,Facilitated hours,238,16.5,31.0,35.0,39,0.13865546218487396,0.0546218487394958,3927,3904.0,23.0,819.0,14741.0,0.005856888209829387,0.20978483606557377,3.753756047873695
PHL,dep,early_interim,Other hours,98,0.9183673469387755,5.299999999999997,8.0,9,0.0,0.0,90,89.0,1.0,3.0,0.0,0.011111111111111112,0.033707865168539325,0.0
PHL,dep,late_interim,Facilitated hours,221,16.552036199095024,32.0,33.0,36,0.16289592760180996,0.00904977375565611,3658,3620.0,38.0,976.0,28694.0,0.01038819026790596,0.2696132596685083,7.84417714598141
PHL,dep,late_interim,Other hours,91,0.8461538461538461,5.0,6.5,8,0.0,0.0,77,77.0,0.0,9.0,417.0,0.0,0.11688311688311688,5.415584415584416
PHL,dep,reference,Facilitated hours,476,15.241596638655462,25.0,28.0,35,0.04831932773109244,0.0021008403361344537,7255,7153.0,102.0,1588.0,24267.0,0.014059269469331495,0.22200475325038446,3.3448656099241902
PHL,dep,reference,Other hours,196,1.1785714285714286,7.0,9.0,11,0.0,0.0,231,227.0,4.0,24.0,253.0,0.017316017316017316,0.10572687224669604,1.0952380952380953
PHL,dep,stress,Facilitated hours,595,16.41848739495798,30.0,32.0,42,0.11932773109243698,0.02857142857142857,9769,9605.0,164.0,2270.0,47605.0,0.016787798136963867,0.23633524206142634,4.873067867744908
PHL,dep,stress,Other hours,245,1.236734693877551,8.0,9.799999999999983,13,0.0,0.0,303,300.0,3.0,27.0,463.0,0.009900990099009901,0.09,1.528052805280528
PHX,arr,early_interim,Facilitated hours,238,30.80672268907563,44.0,53.0,57,0.5,0.3277310924369748,7332,7305.0,27.0,1375.0,9898.0,0.0036824877250409165,0.18822724161533197,1.349972722313148
PHX,arr,early_interim,Other hours,98,2.4183673469387754,8.0,12.0,19,0.0,0.0,237,236.0,1.0,58.0,573.0,0.004219409282700422,0.2457627118644068,2.4177215189873418
PHX,arr,late_interim,Facilitated hours,221,29.212669683257918,42.0,47.0,52,0.5158371040723982,0.2579185520361991,6456,6421.0,35.0,1548.0,11132.0,0.005421313506815365,0.24108394331101074,1.724287484510533
PHX,arr,late_interim,Other hours,91,2.758241758241758,9.0,16.5,20,0.0,0.0,251,247.0,4.0,85.0,363.0,0.01593625498007968,0.3441295546558704,1.4462151394422311
PHX,arr,reference,Facilitated hours,476,35.08403361344538,51.0,58.0,65,0.6911764705882353,0.4810924369747899,16700,16613.0,87.0,2705.0,21551.0,0.0052095808383233536,0.16282429422741226,1.2904790419161676
PHX,arr,reference,Other hours,196,3.9030612244897958,15.5,22.25,27,0.0,0.0,765,760.0,5.0,164.0,940.0,0.006535947712418301,0.21578947368421053,1.2287581699346406
PHX,arr,stress,Facilitated hours,595,33.05210084033614,48.0,56.299999999999955,65,0.6184873949579832,0.4084033613445378,19666,19575.0,91.0,3551.0,32972.0,0.004627275500864436,0.18140485312899107,1.6765992067527713
PHX,arr,stress,Other hours,245,2.7224489795918365,10.599999999999994,15.0,24,0.0,0.0,667,664.0,3.0,161.0,1422.0,0.004497751124437781,0.24246987951807228,2.131934032983508
PHX,dep,early_interim,Facilitated hours,238,30.23949579831933,43.30000000000001,46.14999999999998,58,0.5336134453781513,0.2815126050420168,7197,7174.0,23.0,1622.0,18738.0,0.0031957760177851883,0.22609422916085867,2.6035848270112547
PHX,dep,early_interim,Other hours,98,3.826530612244898,11.0,18.0,18,0.0,0.0,375,375.0,0.0,31.0,217.0,0.0,0.08266666666666667,0.5786666666666667
PHX,dep,late_interim,Facilitated hours,221,28.69683257918552,43.0,44.0,53,0.4751131221719457,0.2895927601809955,6342,6314.0,28.0,1585.0,13202.0,0.004415011037527594,0.2510294583465315,2.0816777041942607
PHX,dep,late_interim,Other hours,91,4.076923076923077,13.0,14.0,15,0.0,0.0,371,366.0,5.0,30.0,150.0,0.013477088948787063,0.08196721311475409,0.40431266846361186
PHX,dep,reference,Facilitated hours,476,34.640756302521005,47.0,50.25,61,0.7521008403361344,0.49159663865546216,16489,16421.0,68.0,3093.0,27884.0,0.004123961428831342,0.18835637293709276,1.691066771787252
PHX,dep,reference,Other hours,196,4.928571428571429,16.0,20.25,22,0.0,0.0,966,960.0,6.0,99.0,1157.0,0.006211180124223602,0.103125,1.1977225672877847
PHX,dep,stress,Facilitated hours,595,32.52100840336134,46.0,48.299999999999955,59,0.6823529411764706,0.37478991596638656,19350,19274.0,76.0,3823.0,50399.0,0.003927648578811369,0.198350108955069,2.6045994832041344
PHX,dep,stress,Other hours,245,4.053061224489796,12.0,18.0,21,0.0,0.0,993,987.0,6.0,98.0,727.0,0.006042296072507553,0.09929078014184398,0.7321248741188319
PIT,arr,early_interim,Facilitated hours,238,6.243697478991597,12.0,13.0,15,0.0,0.0,1486,1484.0,2.0,299.0,2271.0,0.0013458950201884253,0.20148247978436656,1.5282637954239569
PIT,arr,early_interim,Other hours,98,2.336734693877551,11.0,13.0,16,0.0,0.0,229,226.0,3.0,53.0,391.0,0.013100436681222707,0.2345132743362832,1.7074235807860263
PIT,arr,late_interim,Facilitated hours,221,6.203619909502263,11.0,12.0,14,0.0,0.0,1371,1365.0,6.0,379.0,3694.0,0.00437636761487965,0.27765567765567767,2.6943836615609045
PIT,arr,late_interim,Other hours,91,3.0,14.0,17.0,19,0.0,0.0,273,272.0,1.0,93.0,285.0,0.003663003663003663,0.34191176470588236,1.043956043956044
PIT,arr,reference,Facilitated hours,476,5.86344537815126,10.0,13.0,16,0.0,0.0,2791,2774.0,17.0,528.0,5707.0,0.006091006807595844,0.19033886085075702,2.0447868147617343
PIT,arr,reference,Other hours,196,2.7755102040816326,11.0,15.0,17,0.0,0.0,544,535.0,9.0,145.0,2242.0,0.016544117647058824,0.27102803738317754,4.1213235294117645
PIT,arr,stress,Facilitated hours,595,6.191596638655462,12.0,13.0,16,0.0,0.0,3684,3638.0,46.0,736.0,11206.0,0.01248642779587405,0.2023089609675646,3.041802388707926
PIT,arr,stress,Other hours,245,2.4938775510204083,12.0,14.0,18,0.0,0.0,611,594.0,17.0,182.0,1360.0,0.027823240589198037,0.3063973063973064,2.2258592471358427
PIT,dep,early_interim,Facilitated hours,238,6.915966386554622,12.300000000000011,17.0,21,0.0,0.0,1646,1642.0,4.0,232.0,6112.0,0.002430133657351154,0.14129110840438489,3.713244228432564
PIT,dep,early_interim,Other hours,98,0.7040816326530612,5.0,6.0,6,0.0,0.0,69,69.0,0.0,2.0,94.0,0.0,0.028985507246376812,1.3623188405797102
PIT,dep,late_interim,Facilitated hours,221,6.904977375565611,11.0,15.0,19,0.0,0.0,1526,1522.0,4.0,328.0,8700.0,0.002621231979030144,0.21550591327201052,5.7011795543905635
PIT,dep,late_interim,Other hours,91,1.2857142857142858,9.0,10.0,10,0.0,0.0,117,117.0,0.0,6.0,59.0,0.0,0.05128205128205128,0.5042735042735043
PIT,dep,reference,Facilitated hours,476,6.724789915966387,13.0,15.5,20,0.0,0.0,3201,3169.0,32.0,479.0,10356.0,0.00999687597625742,0.1511517828968129,3.2352389878163073
PIT,dep,reference,Other hours,196,0.6785714285714286,5.0,5.0,8,0.0,0.0,133,133.0,0.0,5.0,47.0,0.0,0.03759398496240601,0.3533834586466165
PIT,dep,stress,Facilitated hours,595,6.878991596638656,12.0,16.299999999999955,21,0.0,0.0,4093,4049.0,44.0,671.0,21103.0,0.010750061079892499,0.16571993084712275,5.155875885658442
PIT,dep,stress,Other hours,245,0.8326530612244898,5.0,6.0,8,0.0,0.0,204,203.0,1.0,4.0,74.0,0.004901960784313725,0.019704433497536946,0.3627450980392157
RDU,arr,early_interim,Facilitated hours,238,7.991596638655462,13.0,13.0,17,0.0,0.0,1902,1895.0,7.0,360.0,3004.0,0.003680336487907466,0.18997361477572558,1.5793901156677181
RDU,arr,early_interim,Other hours,98,2.8979591836734695,13.0,15.0,18,0.0,0.0,284,283.0,1.0,72.0,418.0,0.0035211267605633804,0.254416961130742,1.471830985915493
RDU,arr,late_interim,Facilitated hours,221,8.085972850678733,12.0,13.0,16,0.0,0.0,1787,1774.0,13.0,477.0,6344.0,0.007274762171236709,0.2688838782412627,3.5500839395635144
RDU,arr,late_interim,Other hours,91,3.1538461538461537,12.0,13.0,16,0.0,0.0,287,282.0,5.0,95.0,676.0,0.017421602787456445,0.33687943262411346,2.3554006968641117
RDU,arr,reference,Facilitated hours,476,7.838235294117647,13.0,14.0,19,0.0,0.0,3731,3704.0,27.0,736.0,8977.0,0.007236665773251139,0.19870410367170627,2.4060573572768695
RDU,arr,reference,Other hours,196,2.561224489795918,13.0,15.0,16,0.0,0.0,502,495.0,7.0,134.0,965.0,0.013944223107569721,0.27070707070707073,1.9223107569721116
RDU,arr,stress,Facilitated hours,595,7.976470588235294,13.0,15.0,19,0.0,0.0,4746,4705.0,41.0,1005.0,12895.0,0.008638853771597134,0.21360255047821466,2.717024863042562
RDU,arr,stress,Other hours,245,2.522448979591837,11.0,13.0,19,0.0,0.0,618,612.0,6.0,200.0,1385.0,0.009708737864077669,0.32679738562091504,2.2411003236245954
RDU,dep,early_interim,Facilitated hours,238,8.768907563025211,16.0,17.0,18,0.0,0.0,2087,2079.0,8.0,333.0,10023.0,0.003833253473885961,0.16017316017316016,4.802587446094873
RDU,dep,early_interim,Other hours,98,1.0204081632653061,7.0,8.0,8,0.0,0.0,100,100.0,0.0,6.0,170.0,0.0,0.06,1.7
RDU,dep,late_interim,Facilitated hours,221,8.927601809954751,15.0,18.0,21,0.0,0.0,1973,1958.0,15.0,458.0,10400.0,0.007602635580334516,0.23391215526046988,5.271160669031931
RDU,dep,late_interim,Other hours,91,1.10989010989011,7.0,8.5,9,0.0,0.0,101,101.0,0.0,7.0,80.0,0.0,0.06930693069306931,0.7920792079207921
RDU,dep,reference,Facilitated hours,476,8.457983193277311,15.0,17.0,19,0.0,0.0,4026,3990.0,36.0,739.0,15082.0,0.00894187779433681,0.18521303258145363,3.7461500248385495
RDU,dep,reference,Other hours,196,1.0357142857142858,7.0,7.0,9,0.0,0.0,203,201.0,2.0,14.0,202.0,0.009852216748768473,0.06965174129353234,0.9950738916256158
RDU,dep,stress,Facilitated hours,595,8.579831932773109,16.0,18.0,20,0.0,0.0,5105,5047.0,58.0,953.0,30211.0,0.011361410381978453,0.18882504458093918,5.9179236043095
RDU,dep,stress,Other hours,245,1.0489795918367346,7.0,7.0,8,0.0,0.0,257,254.0,3.0,12.0,235.0,0.011673151750972763,0.047244094488188976,0.914396887159533
RSW,arr,early_interim,Facilitated hours,238,4.436974789915967,9.0,9.0,11,0.0,0.0,1056,1055.0,1.0,174.0,1748.0,0.000946969696969697,0.16492890995260664,1.6553030303030303
RSW,arr,early_interim,Other hours,98,0.8775510204081632,5.0,6.0,6,0.0,0.0,86,86.0,0.0,23.0,119.0,0.0,0.26744186046511625,1.3837209302325582
RSW,arr,late_interim,Facilitated hours,221,3.9592760180995477,7.0,9.0,11,0.0,0.0,875,870.0,5.0,225.0,3590.0,0.005714285714285714,0.25862068965517243,4.102857142857143
RSW,arr,late_interim,Other hours,91,1.10989010989011,5.0,5.5,7,0.0,0.0,101,97.0,4.0,43.0,370.0,0.039603960396039604,0.44329896907216493,3.6633663366336635
RSW,arr,reference,Facilitated hours,476,7.218487394957983,12.0,13.0,18,0.0,0.0,3436,3389.0,47.0,765.0,17178.0,0.013678696158323633,0.2257303039244615,4.99941792782305
RSW,arr,reference,Other hours,196,2.127551020408163,9.0,10.25,13,0.0,0.0,417,410.0,7.0,127.0,2123.0,0.016786570743405275,0.3097560975609756,5.091127098321343
RSW,arr,stress,Facilitated hours,595,5.46218487394958,10.0,11.0,15,0.0,0.0,3250,3235.0,15.0,620.0,9315.0,0.004615384615384616,0.19165378670788252,2.8661538461538463
RSW,arr,stress,Other hours,245,1.3755102040816327,6.0,8.799999999999983,12,0.0,0.0,337,336.0,1.0,97.0,1194.0,0.002967359050445104,0.28869047619047616,3.543026706231454
RSW,dep,early_interim,Facilitated hours,238,4.689075630252101,8.0,10.0,11,0.0,0.0,1116,1116.0,0.0,192.0,4799.0,0.0,0.17204301075268819,4.300179211469534
RSW,dep,early_interim,Other hours,98,0.2857142857142857,1.0,3.0,3,0.0,0.0,28,28.0,0.0,0.0,49.0,0.0,0.0,1.75
RSW,dep,late_interim,Facilitated hours,221,4.339366515837104,8.0,8.0,10,0.0,0.0,959,952.0,7.0,204.0,4647.0,0.0072992700729927005,0.21428571428571427,4.845672575599583
RSW,dep,late_interim,Other hours,91,0.2087912087912088,1.0,1.0,3,0.0,0.0,19,18.0,1.0,0.0,0.0,0.05263157894736842,0.0,0.0
RSW,dep,reference,Facilitated hours,476,7.8844537815126055,12.0,14.0,19,0.0,0.0,3753,3698.0,55.0,809.0,15513.0,0.01465494271249667,0.21876690102758248,4.133493205435651
RSW,dep,reference,Other hours,196,0.5051020408163265,2.5,3.25,6,0.0,0.0,99,99.0,0.0,8.0,65.0,0.0,0.08080808080808081,0.6565656565656566
RSW,dep,stress,Facilitated hours,595,5.862184873949579,10.0,11.0,14,0.0,0.0,3488,3468.0,20.0,629.0,18317.0,0.005733944954128441,0.18137254901960784,5.251433486238532
RSW,dep,stress,Other hours,245,0.44081632653061226,2.0,3.0,5,0.0,0.0,108,108.0,0.0,2.0,0.0,0.0,0.018518518518518517,0.0
SAN,arr,early_interim,Facilitated hours,238,15.142857142857142,22.0,23.0,24,0.0,0.0,3604,3598.0,6.0,752.0,7415.0,0.001664816870144284,0.20900500277932185,2.057436182019978
SAN,arr,early_interim,Other hours,98,2.489795918367347,13.0,19.0,20,0.0,0.0,244,241.0,3.0,59.0,167.0,0.012295081967213115,0.24481327800829875,0.6844262295081968
SAN,arr,late_interim,Facilitated hours,221,15.610859728506787,22.0,22.0,24,0.0,0.0,3450,3421.0,29.0,933.0,11945.0,0.008405797101449276,0.2727272727272727,3.46231884057971
SAN,arr,late_interim,Other hours,91,2.318681318681319,14.0,16.0,18,0.0,0.0,211,208.0,3.0,88.0,597.0,0.014218009478672985,0.4230769230769231,2.829383886255924
SAN,arr,reference,Facilitated hours,476,14.600840336134453,20.0,23.0,31,0.018907563025210083,0.0,6950,6906.0,44.0,1549.0,24490.0,0.006330935251798561,0.2242977121343759,3.5237410071942445
SAN,arr,reference,Other hours,196,2.377551020408163,11.0,18.0,19,0.0,0.0,466,462.0,4.0,104.0,713.0,0.008583690987124463,0.22510822510822512,1.5300429184549356
SAN,arr,stress,Facilitated hours,595,14.885714285714286,21.0,23.0,30,0.005042016806722689,0.0,8857,8812.0,45.0,1895.0,19703.0,0.00508072710850175,0.21504766227871086,2.224568138195777
SAN,arr,stress,Other hours,245,2.3551020408163263,9.599999999999994,15.799999999999983,20,0.0,0.0,577,572.0,5.0,130.0,1411.0,0.008665511265164644,0.22727272727272727,2.4454072790294625
SAN,dep,early_interim,Facilitated hours,238,16.16386554621849,22.30000000000001,26.0,28,0.0,0.0,3847,3836.0,11.0,739.0,11576.0,0.0028593709383935534,0.19264859228362877,3.009097998440343
SAN,dep,early_interim,Other hours,98,0.01020408163265306,0.0,0.0,1,0.0,0.0,1,1.0,0.0,1.0,0.0,0.0,1.0,0.0
SAN,dep,late_interim,Facilitated hours,221,16.570135746606336,23.0,26.0,28,0.0,0.0,3662,3631.0,31.0,986.0,15443.0,0.008465319497542327,0.27155053704213716,4.2170944838885855
SAN,dep,late_interim,Other hours,91,0.0,0.0,0.0,0,0.0,0.0,0,0.0,0.0,0.0,0.0,,,
SAN,dep,reference,Facilitated hours,476,15.584033613445378,22.0,24.0,28,0.0,0.0,7418,7368.0,50.0,1450.0,22540.0,0.0067403612833647885,0.1967969598262758,3.0385548665408466
SAN,dep,reference,Other hours,196,0.0,0.0,0.0,0,0.0,0.0,0,0.0,0.0,0.0,0.0,,,
SAN,dep,stress,Facilitated hours,595,15.853781512605043,22.600000000000023,25.299999999999955,27,0.0,0.0,9433,9377.0,56.0,1823.0,31777.0,0.005936605533764444,0.19441185880345527,3.368705607972013
SAN,dep,stress,Other hours,245,0.0,0.0,0.0,0,0.0,0.0,0,0.0,0.0,0.0,0.0,,,
SAT,arr,early_interim,Facilitated hours,238,6.235294117647059,11.0,13.0,15,0.0,0.0,1484,1475.0,9.0,347.0,4033.0,0.006064690026954178,0.2352542372881356,2.717654986522911
SAT,arr,early_interim,Other hours,98,2.204081632653061,10.0,10.0,11,0.0,0.0,216,212.0,4.0,78.0,781.0,0.018518518518518517,0.36792452830188677,3.615740740740741
SAT,arr,late_interim,Facilitated hours,221,6.036199095022624,10.0,11.0,15,0.0,0.0,1334,1318.0,16.0,420.0,4394.0,0.01199400299850075,0.3186646433990895,3.2938530734632683
SAT,arr,late_interim,Other hours,91,2.67032967032967,10.0,12.0,12,0.0,0.0,243,235.0,8.0,102.0,790.0,0.03292181069958848,0.4340425531914894,3.251028806584362
SAT,arr,reference,Facilitated hours,476,5.892857142857143,10.0,12.0,13,0.0,0.0,2805,2789.0,16.0,607.0,6513.0,0.00570409982174688,0.21764073144496235,2.3219251336898394
SAT,arr,reference,Other hours,196,2.5408163265306123,8.0,11.0,13,0.0,0.0,498,491.0,7.0,134.0,1019.0,0.014056224899598393,0.2729124236252546,2.0461847389558234
SAT,arr,stress,Facilitated hours,595,6.20672268907563,10.0,11.0,14,0.0,0.0,3693,3657.0,36.0,805.0,8567.0,0.00974817221770918,0.22012578616352202,2.3197942052531815
SAT,arr,stress,Other hours,245,2.1551020408163266,8.599999999999994,10.0,11,0.0,0.0,528,522.0,6.0,147.0,838.0,0.011363636363636364,0.28160919540229884,1.5871212121212122
SAT,dep,early_interim,Facilitated hours,238,6.592436974789916,10.0,13.149999999999977,16,0.0,0.0,1569,1553.0,16.0,372.0,6815.0,0.010197578075207138,0.23953638119768192,4.34353091140854
SAT,dep,early_interim,Other hours,98,1.3265306122448979,7.0,12.0,12,0.0,0.0,130,128.0,2.0,21.0,234.0,0.015384615384615385,0.1640625,1.8
SAT,dep,late_interim,Facilitated hours,221,6.493212669683258,11.0,13.0,16,0.0,0.0,1435,1416.0,19.0,413.0,8398.0,0.0132404181184669,0.2916666666666667,5.852264808362369
SAT,dep,late_interim,Other hours,91,1.5604395604395604,11.0,12.0,13,0.0,0.0,142,137.0,5.0,15.0,171.0,0.035211267605633804,0.10948905109489052,1.204225352112676
SAT,dep,reference,Facilitated hours,476,6.342436974789916,11.0,12.0,14,0.0,0.0,3019,2997.0,22.0,550.0,6628.0,0.00728718118582312,0.18351685018351685,2.1954289499834383
SAT,dep,reference,Other hours,196,1.4591836734693877,9.0,11.0,13,0.0,0.0,286,282.0,4.0,13.0,204.0,0.013986013986013986,0.04609929078014184,0.7132867132867133
SAT,dep,stress,Facilitated hours,595,6.568067226890756,11.0,12.0,15,0.0,0.0,3908,3860.0,48.0,747.0,11673.0,0.012282497441146366,0.19352331606217615,2.986949846468782
SAT,dep,stress,Other hours,245,1.273469387755102,6.0,11.0,13,0.0,0.0,312,308.0,4.0,14.0,408.0,0.01282051282051282,0.045454545454545456,1.3076923076923077
SEA,arr,early_interim,Facilitated hours,238,27.718487394957982,41.0,50.0,52,0.5,0.23109243697478993,6597,6567.0,30.0,1335.0,14494.0,0.004547521600727604,0.20328917313841938,2.1970592693648627
SEA,arr,early_interim,Other hours,98,3.142857142857143,13.0,16.0,17,0.0,0.0,308,301.0,7.0,92.0,370.0,0.022727272727272728,0.30564784053156147,1.2012987012987013
SEA,arr,late_interim,Facilitated hours,221,28.800904977375566,42.0,50.0,53,0.5113122171945701,0.3212669683257919,6365,6316.0,49.0,1715.0,25559.0,0.007698350353495679,0.27153261557948066,4.015553809897879
SEA,arr,late_interim,Other hours,91,3.7472527472527473,13.0,14.5,17,0.0,0.0,341,338.0,3.0,110.0,724.0,0.008797653958944282,0.3254437869822485,2.12316715542522
SEA,arr,reference,Facilitated hours,476,23.05252100840336,35.0,39.0,44,0.25,0.10294117647058823,10973,10918.0,55.0,1892.0,19488.0,0.005012302925362253,0.17329181168712218,1.775995625626538
SEA,arr,reference,Other hours,196,3.2857142857142856,9.0,14.0,15,0.0,0.0,644,641.0,3.0,136.0,991.0,0.004658385093167702,0.2121684867394696,1.5388198757763976
SEA,arr,stress,Facilitated hours,595,24.961344537815126,38.0,43.0,50,0.37815126050420167,0.2,14852,14805.0,47.0,2807.0,32445.0,0.0031645569620253164,0.1895981087470449,2.184554268785349
SEA,arr,stress,Other hours,245,3.216326530612245,10.0,14.0,17,0.0,0.0,788,785.0,3.0,176.0,736.0,0.0038071065989847717,0.22420382165605096,0.934010152284264
SEA,dep,early_interim,Facilitated hours,238,27.126050420168067,36.30000000000001,46.14999999999998,49,0.46218487394957986,0.21428571428571427,6456,6430.0,26.0,1278.0,22275.0,0.0040272614622057,0.19875583203732503,3.450278810408922
SEA,dep,early_interim,Other hours,98,4.6020408163265305,23.0,24.0,26,0.0,0.0,451,451.0,0.0,75.0,883.0,0.0,0.1662971175166297,1.957871396895787
SEA,dep,late_interim,Facilitated hours,221,28.20361990950226,39.0,45.0,49,0.4841628959276018,0.2986425339366516,6233,6195.0,38.0,1689.0,21293.0,0.0060965827049574844,0.27263922518159805,3.4161719878068344
SEA,dep,late_interim,Other hours,91,5.21978021978022,24.0,26.5,28,0.0,0.0,475,472.0,3.0,129.0,1562.0,0.00631578947368421,0.2733050847457627,3.288421052631579
SEA,dep,reference,Facilitated hours,476,22.97689075630252,33.0,36.0,41,0.28781512605042014,0.07563025210084033,10937,10905.0,32.0,2056.0,22659.0,0.0029258480387674866,0.18853736817973407,2.071774709701015
SEA,dep,reference,Other hours,196,3.4744897959183674,15.0,16.0,18,0.0,0.0,681,678.0,3.0,98.0,822.0,0.004405286343612335,0.14454277286135694,1.2070484581497798
SEA,dep,stress,Facilitated hours,595,24.8218487394958,34.0,39.0,49,0.4117647058823529,0.0957983193277311,14769,14741.0,28.0,2688.0,48001.0,0.001895862956192024,0.18234855165863917,3.250118491434762
SEA,dep,stress,Other hours,245,3.5551020408163265,15.0,17.0,23,0.0,0.0,871,863.0,8.0,142.0,1438.0,0.009184845005740528,0.1645422943221321,1.6509758897818598
SFO,arr,early_interim,Facilitated hours,238,22.3781512605042,35.30000000000001,38.0,45,0.3319327731092437,0.11764705882352941,5326,5302.0,24.0,1142.0,15117.0,0.004506196019526849,0.2153904187099208,2.838340217799474
SFO,arr,early_interim,Other hours,98,4.438775510204081,19.299999999999997,27.0,28,0.0,0.0,435,433.0,2.0,133.0,1139.0,0.004597701149425287,0.3071593533487298,2.618390804597701
SFO,arr,late_interim,Facilitated hours,221,22.809954751131222,38.0,40.0,50,0.3257918552036199,0.13574660633484162,5041,5018.0,23.0,1132.0,19341.0,0.004562586788335648,0.2255878836189717,3.8367387423130332
SFO,arr,late_interim,Other hours,91,4.318681318681318,20.0,23.0,24,0.0,0.0,393,388.0,5.0,144.0,1171.0,0.01272264631043257,0.3711340206185567,2.9796437659033077
SFO,arr,reference,Facilitated hours,476,21.485294117647058,36.0,38.0,48,0.28361344537815125,0.14915966386554622,10227,10178.0,49.0,1967.0,54217.0,0.004791238877481177,0.19325997248968363,5.301359147355041
SFO,arr,reference,Other hours,196,4.3979591836734695,18.5,23.0,26,0.0,0.0,862,856.0,6.0,211.0,3600.0,0.0069605568445475635,0.24649532710280375,4.176334106728539
SFO,arr,stress,Facilitated hours,595,22.56638655462185,38.0,40.0,44,0.2991596638655462,0.17478991596638654,13427,13379.0,48.0,2733.0,48273.0,0.003574886422879273,0.20427535690260856,3.595218589409399
SFO,arr,stress,Other hours,245,4.371428571428571,17.0,24.0,28,0.0,0.0,1071,1063.0,8.0,298.0,2759.0,0.007469654528478058,0.28033866415804326,2.5760971055088704
SFO,dep,early_interim,Facilitated hours,238,22.403361344537814,33.30000000000001,38.0,40,0.20588235294117646,0.09243697478991597,5332,5312.0,20.0,949.0,17990.0,0.0037509377344336083,0.17865210843373494,3.373968492123031
SFO,dep,early_interim,Other hours,98,4.469387755102041,19.0,20.0,21,0.0,0.0,438,434.0,4.0,73.0,512.0,0.0091324200913242,0.16820276497695852,1.1689497716894977
SFO,dep,late_interim,Facilitated hours,221,22.67420814479638,35.0,38.0,44,0.25339366515837103,0.11312217194570136,5011,4994.0,17.0,922.0,15117.0,0.003392536419876272,0.18462154585502602,3.0167631211335064
SFO,dep,late_interim,Other hours,91,4.670329670329671,18.0,20.0,22,0.0,0.0,425,421.0,4.0,83.0,713.0,0.009411764705882352,0.19714964370546317,1.6776470588235295
SFO,dep,reference,Facilitated hours,476,21.468487394957982,32.0,36.0,42,0.27521008403361347,0.07142857142857142,10219,10186.0,33.0,1586.0,22868.0,0.0032292787944025836,0.15570390732377773,2.2377923475878267
SFO,dep,reference,Other hours,196,4.403061224489796,17.0,18.0,20,0.0,0.0,863,857.0,6.0,108.0,912.0,0.006952491309385863,0.12602100350058343,1.0567786790266511
SFO,dep,stress,Facilitated hours,595,22.625210084033615,37.0,39.0,42,0.30084033613445377,0.14789915966386555,13462,13419.0,43.0,2196.0,56566.0,0.0031941761996731543,0.1636485580147552,4.2019016490863175
SFO,dep,stress,Other hours,245,4.244897959183674,16.0,17.0,18,0.0,0.0,1040,1035.0,5.0,149.0,1060.0,0.004807692307692308,0.14396135265700483,1.0192307692307692
SJC,arr,early_interim,Facilitated hours,238,7.390756302521009,10.0,11.0,17,0.0,0.0,1759,1757.0,2.0,312.0,1089.0,0.0011370096645821489,0.1775754126351736,0.6191017623649802
SJC,arr,early_interim,Other hours,98,0.45918367346938777,3.0,3.1499999999999915,4,0.0,0.0,45,45.0,0.0,8.0,100.0,0.0,0.17777777777777778,2.2222222222222223
SJC,arr,late_interim,Facilitated hours,221,7.723981900452489,11.0,13.0,21,0.0,0.0,1707,1695.0,12.0,393.0,2139.0,0.007029876977152899,0.23185840707964603,1.2530755711775043
SJC,arr,late_interim,Other hours,91,0.38461538461538464,2.0,3.0,4,0.0,0.0,35,34.0,1.0,10.0,270.0,0.02857142857142857,0.29411764705882354,7.714285714285714
SJC,arr,reference,Facilitated hours,476,7.42436974789916,11.0,14.0,18,0.0,0.0,3534,3525.0,9.0,489.0,2835.0,0.0025466893039049238,0.13872340425531915,0.8022071307300509
SJC,arr,reference,Other hours,196,0.1326530612244898,1.0,1.0,2,0.0,0.0,26,25.0,1.0,2.0,0.0,0.038461538461538464,0.08,0.0
SJC,arr,stress,Facilitated hours,595,7.5361344537815125,11.0,12.0,18,0.0,0.0,4484,4466.0,18.0,797.0,3304.0,0.004014272970561998,0.17845947156291983,0.7368421052631579
SJC,arr,stress,Other hours,245,0.23265306122448978,1.0,1.0,4,0.0,0.0,57,57.0,0.0,12.0,126.0,0.0,0.21052631578947367,2.210526315789474
SJC,dep,early_interim,Facilitated hours,238,7.512605042016807,11.0,13.0,16,0.0,0.0,1788,1785.0,3.0,305.0,4121.0,0.0016778523489932886,0.17086834733893558,2.3048098434004474
SJC,dep,early_interim,Other hours,98,0.16326530612244897,1.0,1.0,1,0.0,0.0,16,16.0,0.0,0.0,0.0,0.0,0.0,0.0
SJC,dep,late_interim,Facilitated hours,221,7.787330316742081,12.0,15.0,18,0.0,0.0,1721,1710.0,11.0,369.0,4417.0,0.006391632771644393,0.21578947368421053,2.5665310865775712
SJC,dep,late_interim,Other hours,91,0.23076923076923078,1.0,1.0,2,0.0,0.0,21,20.0,1.0,3.0,0.0,0.047619047619047616,0.15,0.0
SJC,dep,reference,Facilitated hours,476,7.428571428571429,12.0,13.0,16,0.0,0.0,3536,3523.0,13.0,474.0,5069.0,0.003676470588235294,0.1345444223673006,1.4335407239819005
SJC,dep,reference,Other hours,196,0.14285714285714285,1.0,1.0,1,0.0,0.0,28,28.0,0.0,0.0,0.0,0.0,0.0,0.0
SJC,dep,stress,Facilitated hours,595,7.569747899159664,12.0,13.0,16,0.0,0.0,4504,4491.0,13.0,679.0,9389.0,0.002886323268206039,0.1511912714317524,2.0845914742451153
SJC,dep,stress,Other hours,245,0.1510204081632653,1.0,1.0,1,0.0,0.0,37,37.0,0.0,3.0,23.0,0.0,0.08108108108108109,0.6216216216216216
SJU,arr,early_interim,Facilitated hours,238,4.773109243697479,9.0,9.0,10,0.0,0.0,1136,1130.0,6.0,235.0,3563.0,0.00528169014084507,0.2079646017699115,3.136443661971831
SJU,arr,early_interim,Other hours,98,2.7653061224489797,9.299999999999997,11.0,13,0.0,0.0,271,271.0,0.0,93.0,1957.0,0.0,0.34317343173431736,7.22140221402214
SJU,arr,late_interim,Facilitated hours,221,4.6923076923076925,8.0,9.0,10,0.0,0.0,1037,1036.0,1.0,225.0,3378.0,0.0009643201542912247,0.2171814671814672,3.257473481195757
SJU,arr,late_interim,Other hours,91,3.2747252747252746,10.0,11.5,13,0.0,0.0,298,296.0,2.0,103.0,1115.0,0.006711409395973154,0.34797297297297297,3.7416107382550337
SJU,arr,reference,Facilitated hours,476,5.186974789915967,10.0,11.0,16,0.0,0.0,2469,2462.0,7.0,558.0,10188.0,0.0028351559335763467,0.22664500406173843,4.12636695018226
SJU,arr,reference,Other hours,196,3.270408163265306,10.0,11.0,13,0.0,0.0,641,638.0,3.0,184.0,2811.0,0.0046801872074883,0.2884012539184953,4.385335413416537
SJU,arr,stress,Facilitated hours,595,4.825210084033613,8.0,9.0,11,0.0,0.0,2871,2865.0,6.0,560.0,7994.0,0.0020898641588296763,0.19546247818499127,2.784395680947405
SJU,arr,stress,Other hours,245,2.5142857142857142,7.0,9.0,13,0.0,0.0,616,613.0,3.0,195.0,2863.0,0.00487012987012987,0.3181076672104405,4.6477272727272725
SJU,dep,early_interim,Facilitated hours,238,5.331932773109243,10.0,10.0,12,0.0,0.0,1269,1265.0,4.0,231.0,2819.0,0.0031520882584712374,0.1826086956521739,2.2214342001576046
SJU,dep,early_interim,Other hours,98,1.4081632653061225,3.0,4.0,4,0.0,0.0,138,138.0,0.0,23.0,211.0,0.0,0.16666666666666666,1.5289855072463767
SJU,dep,late_interim,Facilitated hours,221,5.380090497737557,9.0,10.0,11,0.0,0.0,1189,1182.0,7.0,193.0,2151.0,0.005887300252312868,0.16328257191201354,1.8090832632464255
SJU,dep,late_interim,Other hours,91,1.5164835164835164,3.0,3.0,5,0.0,0.0,138,138.0,0.0,21.0,68.0,0.0,0.15217391304347827,0.4927536231884058
SJU,dep,reference,Facilitated hours,476,5.527310924369748,10.0,11.0,15,0.0,0.0,2631,2619.0,12.0,553.0,5659.0,0.004561003420752566,0.21114929362352042,2.1508931965032305
SJU,dep,reference,Other hours,196,2.454081632653061,7.0,8.0,9,0.0,0.0,481,479.0,2.0,64.0,718.0,0.004158004158004158,0.1336116910229645,1.4927234927234927
SJU,dep,stress,Facilitated hours,595,5.146218487394958,9.0,10.0,14,0.0,0.0,3062,3053.0,9.0,561.0,6045.0,0.002939255388634879,0.18375368490009827,1.974199869366427
SJU,dep,stress,Other hours,245,1.7346938775510203,3.5999999999999943,5.0,7,0.0,0.0,425,423.0,2.0,68.0,961.0,0.004705882352941176,0.1607565011820331,2.2611764705882353
SLC,arr,early_interim,Facilitated hours,238,18.30672268907563,28.0,35.0,41,0.07983193277310924,0.0546218487394958,4357,4350.0,7.0,579.0,4822.0,0.001606610052788616,0.13310344827586207,1.1067248106495295
SLC,arr,early_interim,Other hours,98,1.510204081632653,5.0,5.0,8,0.0,0.0,148,148.0,0.0,47.0,759.0,0.0,0.31756756756756754,5.128378378378378
SLC,arr,late_interim,Facilitated hours,221,18.669683257918553,29.0,33.0,39,0.13574660633484162,0.04524886877828054,4126,4114.0,12.0,661.0,5389.0,0.00290838584585555,0.16067087992221682,1.3061076102762967
SLC,arr,late_interim,Other hours,91,1.6813186813186813,5.0,6.0,8,0.0,0.0,153,150.0,3.0,54.0,63.0,0.0196078431372549,0.36,0.4117647058823529
SLC,arr,reference,Facilitated hours,476,18.506302521008404,34.0,37.0,42,0.19117647058823528,0.07983193277310924,8809,8793.0,16.0,1150.0,9087.0,0.0018163242138721763,0.13078585238257706,1.0315586332160291
SLC,arr,reference,Other hours,196,1.846938775510204,6.0,6.0,9,0.0,0.0,362,360.0,2.0,91.0,560.0,0.0055248618784530384,0.25277777777777777,1.5469613259668509
SLC,arr,stress,Facilitated hours,595,18.02016806722689,30.0,32.0,42,0.1361344537815126,0.025210084033613446,10722,10706.0,16.0,1447.0,10837.0,0.0014922589069203507,0.13515785540818231,1.0107256108934901
SLC,arr,stress,Other hours,245,1.579591836734694,5.0,6.0,8,0.0,0.0,387,382.0,5.0,112.0,480.0,0.012919896640826873,0.2931937172774869,1.2403100775193798
SLC,dep,early_interim,Facilitated hours,238,17.747899159663866,31.0,34.0,37,0.15966386554621848,0.04201680672268908,4224,4216.0,8.0,612.0,10855.0,0.001893939393939394,0.14516129032258066,2.569839015151515
SLC,dep,early_interim,Other hours,98,2.86734693877551,17.0,19.0,19,0.0,0.0,281,280.0,1.0,22.0,257.0,0.0035587188612099642,0.07857142857142857,0.9145907473309609
SLC,dep,late_interim,Facilitated hours,221,18.1131221719457,31.0,33.0,39,0.17194570135746606,0.04072398190045249,4003,3993.0,10.0,693.0,10269.0,0.002498126405196103,0.17355371900826447,2.565326005495878
SLC,dep,late_interim,Other hours,91,3.1758241758241756,17.0,18.0,20,0.0,0.0,289,287.0,2.0,42.0,310.0,0.006920415224913495,0.14634146341463414,1.0726643598615917
SLC,dep,reference,Facilitated hours,476,17.79201680672269,37.0,48.0,54,0.1869747899159664,0.11764705882352941,8469,8454.0,15.0,1154.0,15596.0,0.001771165426850868,0.1365034303288384,1.841539733144409
SLC,dep,reference,Other hours,196,3.607142857142857,20.0,21.0,22,0.0,0.0,707,703.0,4.0,88.0,1413.0,0.005657708628005658,0.1251778093883357,1.9985855728429986
SLC,dep,stress,Facilitated hours,595,17.492436974789914,32.0,37.0,51,0.15630252100840336,0.08571428571428572,10408,10387.0,21.0,1517.0,28132.0,0.0020176787086856264,0.1460479445460672,2.702920830130669
SLC,dep,stress,Other hours,245,2.8612244897959185,15.0,16.0,19,0.0,0.0,701,699.0,2.0,92.0,1224.0,0.0028530670470756064,0.13161659513590845,1.746077032810271
SMF,arr,early_interim,Facilitated hours,238,9.222689075630251,13.0,14.0,18,0.0,0.0,2195,2190.0,5.0,394.0,1978.0,0.002277904328018223,0.17990867579908676,0.9011389521640091
SMF,arr,early_interim,Other hours,98,1.5918367346938775,9.0,12.0,12,0.0,0.0,156,153.0,3.0,53.0,146.0,0.019230769230769232,0.3464052287581699,0.9358974358974359
SMF,arr,late_interim,Facilitated hours,221,9.502262443438914,14.0,16.0,20,0.0,0.0,2100,2092.0,8.0,498.0,3255.0,0.0038095238095238095,0.23804971319311663,1.55
SMF,arr,late_interim,Other hours,91,1.967032967032967,10.0,11.0,12,0.0,0.0,179,177.0,2.0,71.0,350.0,0.0111731843575419,0.4011299435028249,1.9553072625698324
SMF,arr,reference,Facilitated hours,476,8.77310924369748,13.0,14.0,20,0.0,0.0,4176,4162.0,14.0,644.0,3563.0,0.003352490421455939,0.15473330129745314,0.8532088122605364
SMF,arr,reference,Other hours,196,1.816326530612245,9.0,10.0,12,0.0,0.0,356,355.0,1.0,87.0,630.0,0.0028089887640449437,0.24507042253521127,1.7696629213483146
SMF,arr,stress,Facilitated hours,595,9.236974789915966,13.0,15.0,20,0.0,0.0,5496,5482.0,14.0,948.0,5435.0,0.002547307132459971,0.1729295877417001,0.988901018922853
SMF,arr,stress,Other hours,245,1.3755102040816327,8.0,9.799999999999983,11,0.0,0.0,337,335.0,2.0,109.0,571.0,0.005934718100890208,0.3253731343283582,1.6943620178041543
SMF,dep,early_interim,Facilitated hours,238,8.920168067226891,13.0,13.299999999999955,17,0.0,0.0,2123,2117.0,6.0,385.0,5105.0,0.002826189354686764,0.18186112423240436,2.404616109279322
SMF,dep,early_interim,Other hours,98,2.326530612244898,8.299999999999997,13.0,13,0.0,0.0,228,226.0,2.0,29.0,338.0,0.008771929824561403,0.12831858407079647,1.4824561403508771
SMF,dep,late_interim,Facilitated hours,221,9.266968325791856,14.0,17.0,18,0.0,0.0,2048,2041.0,7.0,499.0,4962.0,0.00341796875,0.24448799608035277,2.4228515625
SMF,dep,late_interim,Other hours,91,2.5164835164835164,9.0,11.0,13,0.0,0.0,229,226.0,3.0,31.0,340.0,0.013100436681222707,0.13716814159292035,1.48471615720524
SMF,dep,reference,Facilitated hours,476,8.869747899159664,13.0,15.0,20,0.0,0.0,4222,4208.0,14.0,644.0,5809.0,0.0033159639981051635,0.15304182509505704,1.3758882046423495
SMF,dep,reference,Other hours,196,1.5765306122448979,6.0,7.25,13,0.0,0.0,309,307.0,2.0,28.0,105.0,0.006472491909385114,0.09120521172638436,0.33980582524271846
SMF,dep,stress,Facilitated hours,595,8.872268907563026,12.0,14.0,17,0.0,0.0,5279,5261.0,18.0,894.0,9944.0,0.0034097366925554084,0.1699296711651777,1.88369009282061
SMF,dep,stress,Other hours,245,2.2653061224489797,8.0,13.0,14,0.0,0.0,555,553.0,2.0,59.0,446.0,0.0036036036036036037,0.10669077757685352,0.8036036036036036
SNA,arr,early_interim,Facilitated hours,238,7.483193277310924,11.0,12.0,13,0.0,0.0,1781,1775.0,6.0,326.0,2005.0,0.003368893879842785,0.18366197183098593,1.1257720381807974
SNA,arr,early_interim,Other hours,98,0.0,0.0,0.0,0,0.0,0.0,0,0.0,0.0,0.0,0.0,,,
SNA,arr,late_interim,Facilitated hours,221,7.642533936651584,12.0,13.0,16,0.0,0.0,1689,1672.0,17.0,406.0,4350.0,0.010065127294256957,0.24282296650717702,2.575488454706927
SNA,arr,late_interim,Other hours,91,0.0,0.0,0.0,0,0.0,0.0,0,0.0,0.0,0.0,0.0,,,
SNA,arr,reference,Facilitated hours,476,7.119747899159663,11.0,12.0,14,0.0,0.0,3389,3373.0,16.0,516.0,3976.0,0.00472115668338743,0.15297954343314557,1.1732074358217763
SNA,arr,reference,Other hours,196,0.0,0.0,0.0,0,0.0,0.0,0,0.0,0.0,0.0,0.0,,,
SNA,arr,stress,Facilitated hours,595,7.346218487394958,11.0,12.0,14,0.0,0.0,4371,4341.0,30.0,711.0,5586.0,0.0068634179821551134,0.16378714581893572,1.277968428277282
SNA,arr,stress,Other hours,245,0.0,0.0,0.0,0,0.0,0.0,0,0.0,0.0,0.0,0.0,,,
SNA,dep,early_interim,Facilitated hours,238,7.483193277310924,11.0,12.0,13,0.0,0.0,1781,1776.0,5.0,344.0,7813.0,0.002807411566535654,0.19369369369369369,4.386861313868613
SNA,dep,early_interim,Other hours,98,0.0,0.0,0.0,0,0.0,0.0,0,0.0,0.0,0.0,0.0,,,
SNA,dep,late_interim,Facilitated hours,221,7.642533936651584,11.0,12.0,14,0.0,0.0,1689,1667.0,22.0,393.0,6285.0,0.013025458851391355,0.235752849430114,3.7211367673179394
SNA,dep,late_interim,Other hours,91,0.0,0.0,0.0,0,0.0,0.0,0,0.0,0.0,0.0,0.0,,,
SNA,dep,reference,Facilitated hours,476,7.119747899159663,11.0,11.0,13,0.0,0.0,3389,3369.0,20.0,516.0,6194.0,0.005901445854234287,0.15316117542297417,1.827677781056359
SNA,dep,reference,Other hours,196,0.0,0.0,0.0,0,0.0,0.0,0,0.0,0.0,0.0,0.0,,,
SNA,dep,stress,Facilitated hours,595,7.346218487394958,12.0,13.0,14,0.0,0.0,4371,4337.0,34.0,799.0,18569.0,0.007778540379775795,0.184228729536546,4.24822695035461
SNA,dep,stress,Other hours,245,0.0,0.0,0.0,0,0.0,0.0,0,0.0,0.0,0.0,0.0,,,
STL,arr,early_interim,Facilitated hours,238,9.869747899159664,17.0,19.0,21,0.0,0.0,2349,2330.0,19.0,406.0,2499.0,0.008088548318433376,0.1742489270386266,1.0638569604086845
STL,arr,early_interim,Other hours,98,1.9489795918367347,8.0,10.0,11,0.0,0.0,191,191.0,0.0,50.0,495.0,0.0,0.2617801047120419,2.5916230366492146
STL,arr,late_interim,Facilitated hours,221,10.113122171945701,15.0,17.0,20,0.0,0.0,2235,2222.0,13.0,560.0,5049.0,0.0058165548098434005,0.252025202520252,2.2590604026845638
STL,arr,late_interim,Other hours,91,2.6043956043956045,11.0,12.0,16,0.0,0.0,237,233.0,4.0,106.0,614.0,0.016877637130801686,0.45493562231759654,2.590717299578059
STL,arr,reference,Facilitated hours,476,9.628151260504202,15.0,17.0,22,0.0,0.0,4583,4554.0,29.0,830.0,9322.0,0.006327732926030984,0.18225735617039965,2.0340388391883044
STL,arr,reference,Other hours,196,2.1785714285714284,11.0,12.0,14,0.0,0.0,427,417.0,10.0,120.0,911.0,0.0234192037470726,0.28776978417266186,2.1334894613583137
STL,arr,stress,Facilitated hours,595,9.93781512605042,17.0,19.0,22,0.0,0.0,5913,5860.0,53.0,1123.0,10144.0,0.008963301200744123,0.19163822525597268,1.715542026044309
STL,arr,stress,Other hours,245,1.9346938775510205,9.0,9.799999999999983,13,0.0,0.0,474,457.0,17.0,111.0,2200.0,0.035864978902953586,0.24288840262582057,4.641350210970464
STL,dep,early_interim,Facilitated hours,238,10.071428571428571,18.0,18.0,20,0.0,0.0,2397,2386.0,11.0,544.0,8659.0,0.00458906967042136,0.22799664710813075,3.612432206925323
STL,dep,early_interim,Other hours,98,1.4489795918367347,9.0,12.0,12,0.0,0.0,142,140.0,2.0,6.0,154.0,0.014084507042253521,0.04285714285714286,1.0845070422535212
STL,dep,late_interim,Facilitated hours,221,10.524886877828054,16.0,18.0,23,0.0,0.0,2326,2316.0,10.0,689.0,8007.0,0.004299226139294927,0.2974956822107081,3.442390369733448
STL,dep,late_interim,Other hours,91,1.6043956043956045,11.0,12.0,12,0.0,0.0,146,143.0,3.0,7.0,119.0,0.02054794520547945,0.04895104895104895,0.815068493150685
STL,dep,reference,Facilitated hours,476,10.021008403361344,16.0,17.0,19,0.0,0.0,4770,4737.0,33.0,1007.0,16125.0,0.006918238993710692,0.2125818028287946,3.380503144654088
STL,dep,reference,Other hours,196,1.2040816326530612,7.0,9.0,10,0.0,0.0,236,232.0,4.0,17.0,558.0,0.01694915254237288,0.07327586206896551,2.364406779661017
STL,dep,stress,Facilitated hours,595,10.173109243697478,17.0,18.0,20,0.0,0.0,6053,5980.0,73.0,1302.0,20754.0,0.012060135470014869,0.2177257525083612,3.4287130348587476
STL,dep,stress,Other hours,245,1.3387755102040817,8.0,10.0,12,0.0,0.0,328,325.0,3.0,11.0,693.0,0.009146341463414634,0.033846153846153845,2.1128048780487805
TPA,arr,early_interim,Facilitated hours,238,11.474789915966387,19.0,20.0,22,0.0,0.0,2731,2716.0,15.0,571.0,6551.0,0.005492493592090809,0.21023564064801178,2.398755034785793
TPA,arr,early_interim,Other hours,98,3.5714285714285716,12.0,12.0,16,0.0,0.0,350,349.0,1.0,97.0,937.0,0.002857142857142857,0.27793696275071633,2.677142857142857
TPA,arr,late_interim,Facilitated hours,221,11.013574660633484,16.0,17.0,21,0.0,0.0,2434,2416.0,18.0,641.0,10558.0,0.007395234182415777,0.26531456953642385,4.337715694330321
TPA,arr,late_interim,Other hours,91,4.076923076923077,12.0,13.0,16,0.0,0.0,371,366.0,5.0,157.0,809.0,0.013477088948787063,0.42896174863387976,2.1805929919137466
TPA,arr,reference,Facilitated hours,476,13.331932773109244,19.0,20.0,25,0.0,0.0,6346,6267.0,79.0,1432.0,30872.0,0.012448786637251812,0.22849848412318494,4.864796722344784
TPA,arr,reference,Other hours,196,4.535714285714286,17.0,18.25,26,0.0,0.0,889,875.0,14.0,278.0,3284.0,0.015748031496062992,0.3177142857142857,3.6940382452193474
TPA,arr,stress,Facilitated hours,595,12.139495798319327,18.0,19.0,25,0.0,0.0,7223,7184.0,39.0,1523.0,19119.0,0.005399418524158936,0.2119988864142539,2.6469610964973005
TPA,arr,stress,Other hours,245,3.6040816326530614,14.0,16.799999999999983,21,0.0,0.0,883,879.0,4.0,247.0,2135.0,0.004530011325028313,0.28100113765642776,2.417893544733862
TPA,dep,early_interim,Facilitated hours,238,12.634453781512605,20.0,22.749999999999886,30,0.03361344537815126,0.0,3007,2991.0,16.0,652.0,11259.0,0.005320917858330562,0.2179872952189903,3.7442633854339875
TPA,dep,early_interim,Other hours,98,0.7857142857142857,4.0,7.0,7,0.0,0.0,77,77.0,0.0,6.0,164.0,0.0,0.07792207792207792,2.1298701298701297
TPA,dep,late_interim,Facilitated hours,221,12.248868778280542,18.0,26.0,31,0.00904977375565611,0.0,2707,2687.0,20.0,723.0,12738.0,0.007388252678241596,0.26907331596576106,4.705578130772072
TPA,dep,late_interim,Other hours,91,1.043956043956044,4.0,9.0,10,0.0,0.0,95,93.0,2.0,4.0,81.0,0.021052631578947368,0.043010752688172046,0.8526315789473684
TPA,dep,reference,Facilitated hours,476,14.67436974789916,20.0,23.0,28,0.0,0.0,6985,6896.0,89.0,1533.0,31611.0,0.012741589119541876,0.22230278422273783,4.525554760200429
TPA,dep,reference,Other hours,196,1.2857142857142858,6.0,11.0,15,0.0,0.0,252,247.0,5.0,22.0,246.0,0.01984126984126984,0.08906882591093117,0.9761904761904762
TPA,dep,stress,Facilitated hours,595,13.278991596638656,20.0,23.0,30,0.005042016806722689,0.0,7901,7854.0,47.0,1610.0,34486.0,0.005948614099481078,0.20499108734402852,4.364763953929883
TPA,dep,stress,Other hours,245,0.8367346938775511,4.0,7.0,9,0.0,0.0,205,205.0,0.0,12.0,235.0,0.0,0.05853658536585366,1.146341463414634
