FlightDate,date_id,period,side,metric,metric_label,unit,scale,ewr_minus_control_gap,reference_gap,dynamic_contrast,dynamic_contrast_scaled
2025-03-18,2025-03-18,reference,arr,scheduled_ops,Scheduled operations,ops/day,1.0,52.48979591836735,28.281341107871715,24.208454810495635,24.208454810495635
2025-03-19,2025-03-19,reference,arr,scheduled_ops,Scheduled operations,ops/day,1.0,51.65306122448982,28.281341107871715,23.371720116618103,23.371720116618103
2025-03-20,2025-03-20,reference,arr,scheduled_ops,Scheduled operations,ops/day,1.0,37.81632653061223,28.281341107871715,9.534985422740515,9.534985422740515
2025-03-21,2025-03-21,reference,arr,scheduled_ops,Scheduled operations,ops/day,1.0,39.081632653061206,28.281341107871715,10.800291545189491,10.800291545189491
2025-03-22,2025-03-22,reference,arr,scheduled_ops,Scheduled operations,ops/day,1.0,22.081632653061206,28.281341107871715,-6.199708454810509,-6.199708454810509
2025-03-23,2025-03-23,reference,arr,scheduled_ops,Scheduled operations,ops/day,1.0,36.71428571428572,28.281341107871715,8.432944606414008,8.432944606414008
2025-03-24,2025-03-24,reference,arr,scheduled_ops,Scheduled operations,ops/day,1.0,39.71428571428572,28.281341107871715,11.432944606414008,11.432944606414008
2025-03-25,2025-03-25,reference,arr,scheduled_ops,Scheduled operations,ops/day,1.0,53.40816326530614,28.281341107871715,25.12682215743443,25.12682215743443
2025-03-26,2025-03-26,reference,arr,scheduled_ops,Scheduled operations,ops/day,1.0,52.28571428571428,28.281341107871715,24.004373177842563,24.004373177842563
2025-03-27,2025-03-27,reference,arr,scheduled_ops,Scheduled operations,ops/day,1.0,37.85714285714283,28.281341107871715,9.575801749271118,9.575801749271118
2025-03-28,2025-03-28,reference,arr,scheduled_ops,Scheduled operations,ops/day,1.0,39.0408163265306,28.281341107871715,10.759475218658888,10.759475218658888
2025-03-29,2025-03-29,reference,arr,scheduled_ops,Scheduled operations,ops/day,1.0,21.0204081632653,28.281341107871715,-7.260932944606413,-7.260932944606413
2025-03-30,2025-03-30,reference,arr,scheduled_ops,Scheduled operations,ops/day,1.0,20.040816326530603,28.281341107871715,-8.240524781341112,-8.240524781341112
2025-03-31,2025-03-31,reference,arr,scheduled_ops,Scheduled operations,ops/day,1.0,19.469387755102048,28.281341107871715,-8.811953352769667,-8.811953352769667
2025-04-01,2025-04-01,reference,arr,scheduled_ops,Scheduled operations,ops/day,1.0,33.77551020408163,28.281341107871715,5.494169096209912,5.494169096209912
2025-04-02,2025-04-02,reference,arr,scheduled_ops,Scheduled operations,ops/day,1.0,30.571428571428555,28.281341107871715,2.2900874635568407,2.2900874635568407
2025-04-03,2025-04-03,reference,arr,scheduled_ops,Scheduled operations,ops/day,1.0,15.979591836734699,28.281341107871715,-12.301749271137016,-12.301749271137016
2025-04-04,2025-04-04,reference,arr,scheduled_ops,Scheduled operations,ops/day,1.0,14.367346938775484,28.281341107871715,-13.913994169096231,-13.913994169096231
2025-04-05,2025-04-05,reference,arr,scheduled_ops,Scheduled operations,ops/day,1.0,19.734693877551024,28.281341107871715,-8.54664723032069,-8.54664723032069
2025-04-06,2025-04-06,reference,arr,scheduled_ops,Scheduled operations,ops/day,1.0,12.653061224489818,28.281341107871715,-15.628279883381897,-15.628279883381897
2025-04-07,2025-04-07,reference,arr,scheduled_ops,Scheduled operations,ops/day,1.0,14.081632653061206,28.281341107871715,-14.199708454810509,-14.199708454810509
2025-04-08,2025-04-08,reference,arr,scheduled_ops,Scheduled operations,ops/day,1.0,33.0,28.281341107871715,4.7186588921282855,4.7186588921282855
2025-04-09,2025-04-09,reference,arr,scheduled_ops,Scheduled operations,ops/day,1.0,25.387755102040842,28.281341107871715,-2.8935860058308727,-2.8935860058308727
2025-04-10,2025-04-10,reference,arr,scheduled_ops,Scheduled operations,ops/day,1.0,12.18367346938777,28.281341107871715,-16.097667638483944,-16.097667638483944
2025-04-11,2025-04-11,reference,arr,scheduled_ops,Scheduled operations,ops/day,1.0,12.51020408163265,28.281341107871715,-15.771137026239064,-15.771137026239064
2025-04-12,2025-04-12,reference,arr,scheduled_ops,Scheduled operations,ops/day,1.0,25.448979591836746,28.281341107871715,-2.832361516034968,-2.832361516034968
2025-04-13,2025-04-13,reference,arr,scheduled_ops,Scheduled operations,ops/day,1.0,11.285714285714278,28.281341107871715,-16.995626822157437,-16.995626822157437
2025-04-14,2025-04-14,reference,arr,scheduled_ops,Scheduled operations,ops/day,1.0,8.224489795918373,28.281341107871715,-20.05685131195334,-20.05685131195334
2025-04-15,2025-04-15,stress,arr,scheduled_ops,Scheduled operations,ops/day,1.0,7.510204081632651,28.281341107871715,-20.771137026239064,-20.771137026239064
2025-04-16,2025-04-16,stress,arr,scheduled_ops,Scheduled operations,ops/day,1.0,5.3673469387754835,28.281341107871715,-22.91399416909623,-22.91399416909623
2025-04-17,2025-04-17,stress,arr,scheduled_ops,Scheduled operations,ops/day,1.0,-6.734693877551024,28.281341107871715,-35.016034985422735,-35.016034985422735
2025-04-18,2025-04-18,stress,arr,scheduled_ops,Scheduled operations,ops/day,1.0,-5.897959183673493,28.281341107871715,-34.1793002915452,-34.1793002915452
2025-04-19,2025-04-19,stress,arr,scheduled_ops,Scheduled operations,ops/day,1.0,12.020408163265301,28.281341107871715,-16.260932944606413,-16.260932944606413
2025-04-20,2025-04-20,stress,arr,scheduled_ops,Scheduled operations,ops/day,1.0,-1.1428571428571672,28.281341107871715,-29.42419825072888,-29.42419825072888
2025-04-21,2025-04-21,stress,arr,scheduled_ops,Scheduled operations,ops/day,1.0,-7.285714285714278,28.281341107871715,-35.56705539358599,-35.56705539358599
2025-04-22,2025-04-22,stress,arr,scheduled_ops,Scheduled operations,ops/day,1.0,12.469387755102048,28.281341107871715,-15.811953352769667,-15.811953352769667
2025-04-23,2025-04-23,stress,arr,scheduled_ops,Scheduled operations,ops/day,1.0,8.142857142857167,28.281341107871715,-20.138483965014547,-20.138483965014547
2025-04-24,2025-04-24,stress,arr,scheduled_ops,Scheduled operations,ops/day,1.0,-6.428571428571445,28.281341107871715,-34.709912536443156,-34.709912536443156
2025-04-25,2025-04-25,stress,arr,scheduled_ops,Scheduled operations,ops/day,1.0,-7.285714285714278,28.281341107871715,-35.56705539358599,-35.56705539358599
2025-04-26,2025-04-26,stress,arr,scheduled_ops,Scheduled operations,ops/day,1.0,16.469387755102048,28.281341107871715,-11.811953352769667,-11.811953352769667
2025-04-27,2025-04-27,stress,arr,scheduled_ops,Scheduled operations,ops/day,1.0,-5.408163265306143,28.281341107871715,-33.689504373177854,-33.689504373177854
2025-04-28,2025-04-28,stress,arr,scheduled_ops,Scheduled operations,ops/day,1.0,-6.81632653061223,28.281341107871715,-35.09766763848394,-35.09766763848394
2025-04-29,2025-04-29,stress,arr,scheduled_ops,Scheduled operations,ops/day,1.0,10.775510204081627,28.281341107871715,-17.505830903790088,-17.505830903790088
2025-04-30,2025-04-30,stress,arr,scheduled_ops,Scheduled operations,ops/day,1.0,10.428571428571445,28.281341107871715,-17.85276967930027,-17.85276967930027
2025-05-01,2025-05-01,stress,arr,scheduled_ops,Scheduled operations,ops/day,1.0,7.265306122448976,28.281341107871715,-21.01603498542274,-21.01603498542274
2025-05-02,2025-05-02,stress,arr,scheduled_ops,Scheduled operations,ops/day,1.0,0.2653061224489761,28.281341107871715,-28.01603498542274,-28.01603498542274
2025-05-03,2025-05-03,stress,arr,scheduled_ops,Scheduled operations,ops/day,1.0,34.65306122448982,28.281341107871715,6.3717201166181034,6.3717201166181034
2025-05-04,2025-05-04,stress,arr,scheduled_ops,Scheduled operations,ops/day,1.0,2.346938775510182,28.281341107871715,-25.934402332361532,-25.934402332361532
2025-05-05,2025-05-05,stress,arr,scheduled_ops,Scheduled operations,ops/day,1.0,4.102040816326507,28.281341107871715,-24.179300291545207,-24.179300291545207
2025-05-06,2025-05-06,stress,arr,scheduled_ops,Scheduled operations,ops/day,1.0,17.918367346938794,28.281341107871715,-10.36297376093292,-10.36297376093292
2025-05-07,2025-05-07,stress,arr,scheduled_ops,Scheduled operations,ops/day,1.0,15.979591836734699,28.281341107871715,-12.301749271137016,-12.301749271137016
2025-05-08,2025-05-08,stress,arr,scheduled_ops,Scheduled operations,ops/day,1.0,1.122448979591809,28.281341107871715,-27.158892128279906,-27.158892128279906
2025-05-09,2025-05-09,stress,arr,scheduled_ops,Scheduled operations,ops/day,1.0,0.12244897959180889,28.281341107871715,-28.158892128279906,-28.158892128279906
2025-05-10,2025-05-10,stress,arr,scheduled_ops,Scheduled operations,ops/day,1.0,-2.0612244897959044,28.281341107871715,-30.34256559766762,-30.34256559766762
2025-05-11,2025-05-11,stress,arr,scheduled_ops,Scheduled operations,ops/day,1.0,-29.67346938775512,28.281341107871715,-57.95481049562683,-57.95481049562683
2025-05-12,2025-05-12,stress,arr,scheduled_ops,Scheduled operations,ops/day,1.0,-29.67346938775512,28.281341107871715,-57.95481049562683,-57.95481049562683
2025-05-13,2025-05-13,stress,arr,scheduled_ops,Scheduled operations,ops/day,1.0,-9.142857142857167,28.281341107871715,-37.42419825072888,-37.42419825072888
2025-05-14,2025-05-14,stress,arr,scheduled_ops,Scheduled operations,ops/day,1.0,-14.469387755102048,28.281341107871715,-42.75072886297376,-42.75072886297376
2025-05-15,2025-05-15,stress,arr,scheduled_ops,Scheduled operations,ops/day,1.0,-29.387755102040842,28.281341107871715,-57.66909620991255,-57.66909620991255
2025-05-16,2025-05-16,stress,arr,scheduled_ops,Scheduled operations,ops/day,1.0,-30.775510204081627,28.281341107871715,-59.05685131195334,-59.05685131195334
2025-05-17,2025-05-17,stress,arr,scheduled_ops,Scheduled operations,ops/day,1.0,-3.1020408163265074,28.281341107871715,-31.383381924198222,-31.383381924198222
2025-05-18,2025-05-18,stress,arr,scheduled_ops,Scheduled operations,ops/day,1.0,-33.12244897959181,28.281341107871715,-61.40379008746352,-61.40379008746352
2025-05-19,2025-05-19,stress,arr,scheduled_ops,Scheduled operations,ops/day,1.0,-34.755102040816325,28.281341107871715,-63.036443148688036,-63.036443148688036
2025-05-20,2025-05-20,interim,arr,scheduled_ops,Scheduled operations,ops/day,1.0,-18.265306122448976,28.281341107871715,-46.54664723032069,-46.54664723032069
2025-05-21,2025-05-21,interim,arr,scheduled_ops,Scheduled operations,ops/day,1.0,-19.387755102040842,28.281341107871715,-47.66909620991255,-47.66909620991255
2025-05-22,2025-05-22,interim,arr,scheduled_ops,Scheduled operations,ops/day,1.0,-42.918367346938794,28.281341107871715,-71.1997084548105,-71.1997084548105
2025-05-23,2025-05-23,interim,arr,scheduled_ops,Scheduled operations,ops/day,1.0,-40.0204081632653,28.281341107871715,-68.30174927113701,-68.30174927113701
2025-05-24,2025-05-24,interim,arr,scheduled_ops,Scheduled operations,ops/day,1.0,-11.387755102040842,28.281341107871715,-39.66909620991255,-39.66909620991255
2025-05-25,2025-05-25,interim,arr,scheduled_ops,Scheduled operations,ops/day,1.0,-14.428571428571445,28.281341107871715,-42.709912536443156,-42.709912536443156
2025-05-26,2025-05-26,interim,arr,scheduled_ops,Scheduled operations,ops/day,1.0,-40.48979591836735,28.281341107871715,-68.77113702623906,-68.77113702623906
2025-05-27,2025-05-27,interim,arr,scheduled_ops,Scheduled operations,ops/day,1.0,-23.32653061224488,28.281341107871715,-51.60787172011659,-51.60787172011659
2025-05-28,2025-05-28,interim,arr,scheduled_ops,Scheduled operations,ops/day,1.0,-25.346938775510182,28.281341107871715,-53.62827988338189,-53.62827988338189
2025-05-29,2025-05-29,interim,arr,scheduled_ops,Scheduled operations,ops/day,1.0,-39.081632653061206,28.281341107871715,-67.36297376093292,-67.36297376093292
2025-05-30,2025-05-30,interim,arr,scheduled_ops,Scheduled operations,ops/day,1.0,-39.46938775510205,28.281341107871715,-67.75072886297376,-67.75072886297376
2025-05-31,2025-05-31,interim,arr,scheduled_ops,Scheduled operations,ops/day,1.0,-21.469387755102048,28.281341107871715,-49.75072886297376,-49.75072886297376
2025-06-01,2025-06-01,interim,arr,scheduled_ops,Scheduled operations,ops/day,1.0,-40.081632653061206,28.281341107871715,-68.36297376093292,-68.36297376093292
2025-06-02,2025-06-02,interim,arr,scheduled_ops,Scheduled operations,ops/day,1.0,-41.9591836734694,28.281341107871715,-70.24052478134111,-70.24052478134111
2025-06-03,2025-06-03,interim,arr,scheduled_ops,Scheduled operations,ops/day,1.0,-25.734693877551024,28.281341107871715,-54.016034985422735,-54.016034985422735
2025-06-04,2025-06-04,interim,arr,scheduled_ops,Scheduled operations,ops/day,1.0,-27.040816326530603,28.281341107871715,-55.322157434402314,-55.322157434402314
2025-06-05,2025-06-05,interim,arr,scheduled_ops,Scheduled operations,ops/day,1.0,-43.12244897959181,28.281341107871715,-71.40379008746352,-71.40379008746352
2025-06-06,2025-06-06,interim,arr,scheduled_ops,Scheduled operations,ops/day,1.0,-48.755102040816325,28.281341107871715,-77.03644314868804,-77.03644314868804
2025-06-07,2025-06-07,interim,arr,scheduled_ops,Scheduled operations,ops/day,1.0,-32.755102040816325,28.281341107871715,-61.036443148688036,-61.036443148688036
2025-06-08,2025-06-08,interim,arr,scheduled_ops,Scheduled operations,ops/day,1.0,-48.448979591836746,28.281341107871715,-76.73032069970846,-76.73032069970846
2025-06-09,2025-06-09,interim,arr,scheduled_ops,Scheduled operations,ops/day,1.0,-49.87755102040819,28.281341107871715,-78.1588921282799,-78.1588921282799
2025-06-10,2025-06-10,interim,arr,scheduled_ops,Scheduled operations,ops/day,1.0,-36.918367346938794,28.281341107871715,-65.1997084548105,-65.1997084548105
2025-06-11,2025-06-11,interim,arr,scheduled_ops,Scheduled operations,ops/day,1.0,-37.244897959183675,28.281341107871715,-65.52623906705539,-65.52623906705539
2025-06-12,2025-06-12,interim,arr,scheduled_ops,Scheduled operations,ops/day,1.0,-50.244897959183675,28.281341107871715,-78.52623906705539,-78.52623906705539
2025-06-13,2025-06-13,interim,arr,scheduled_ops,Scheduled operations,ops/day,1.0,-54.10204081632651,28.281341107871715,-82.38338192419822,-82.38338192419822
2025-06-14,2025-06-14,interim,arr,scheduled_ops,Scheduled operations,ops/day,1.0,-31.81632653061223,28.281341107871715,-60.09766763848394,-60.09766763848394
2025-06-15,2025-06-15,interim,arr,scheduled_ops,Scheduled operations,ops/day,1.0,-49.36734693877548,28.281341107871715,-77.6486880466472,-77.6486880466472
2025-03-18,2025-03-18,reference,arr,cancel_rate,Cancellation rate,pp,100.0,0.002178745565477039,-0.0008551561735077362,0.003033901738984775,0.3033901738984775
2025-03-19,2025-03-19,reference,arr,cancel_rate,Cancellation rate,pp,100.0,-0.01404889414371925,-0.0008551561735077362,-0.013193737970211512,-1.3193737970211512
2025-03-20,2025-03-20,reference,arr,cancel_rate,Cancellation rate,pp,100.0,-4.558551694752678e-05,-0.0008551561735077362,0.0008095706565602094,0.08095706565602094
2025-03-21,2025-03-21,reference,arr,cancel_rate,Cancellation rate,pp,100.0,-0.0015048220566622266,-0.0008551561735077362,-0.0006496658831544904,-0.06496658831544905
2025-03-22,2025-03-22,reference,arr,cancel_rate,Cancellation rate,pp,100.0,0.0018871443390555858,-0.0008551561735077362,0.002742300512563322,0.2742300512563322
2025-03-23,2025-03-23,reference,arr,cancel_rate,Cancellation rate,pp,100.0,0.0010374508066680426,-0.0008551561735077362,0.0018926069801757789,0.1892606980175779
2025-03-24,2025-03-24,reference,arr,cancel_rate,Cancellation rate,pp,100.0,-0.0032610606833313816,-0.0008551561735077362,-0.0024059045098236455,-0.24059045098236453
2025-03-25,2025-03-25,reference,arr,cancel_rate,Cancellation rate,pp,100.0,0.0010568466367542248,-0.0008551561735077362,0.0019120028102619611,0.19120028102619613
2025-03-26,2025-03-26,reference,arr,cancel_rate,Cancellation rate,pp,100.0,-0.001435722920817112,-0.0008551561735077362,-0.0005805667473093758,-0.05805667473093758
2025-03-27,2025-03-27,reference,arr,cancel_rate,Cancellation rate,pp,100.0,-0.00235814983717622,-0.0008551561735077362,-0.001502993663668484,-0.1502993663668484
2025-03-28,2025-03-28,reference,arr,cancel_rate,Cancellation rate,pp,100.0,-0.0011868249246619958,-0.0008551561735077362,-0.0003316687511542596,-0.03316687511542596
2025-03-29,2025-03-29,reference,arr,cancel_rate,Cancellation rate,pp,100.0,-0.0025108094594095305,-0.0008551561735077362,-0.0016556532859017944,-0.16556532859017944
2025-03-30,2025-03-30,reference,arr,cancel_rate,Cancellation rate,pp,100.0,-0.013022318888455111,-0.0008551561735077362,-0.012167162714947374,-1.2167162714947375
2025-03-31,2025-03-31,reference,arr,cancel_rate,Cancellation rate,pp,100.0,0.011278367087015094,-0.0008551561735077362,0.012133523260522831,1.2133523260522832
2025-04-01,2025-04-01,reference,arr,cancel_rate,Cancellation rate,pp,100.0,0.04029588230145225,-0.0008551561735077362,0.04115103847495999,4.115103847495999
2025-04-02,2025-04-02,reference,arr,cancel_rate,Cancellation rate,pp,100.0,-0.011388477097975906,-0.0008551561735077362,-0.01053332092446817,-1.053332092446817
2025-04-03,2025-04-03,reference,arr,cancel_rate,Cancellation rate,pp,100.0,-0.011120083365852079,-0.0008551561735077362,-0.010264927192344342,-1.0264927192344342
2025-04-04,2025-04-04,reference,arr,cancel_rate,Cancellation rate,pp,100.0,-0.0006434476409005263,-0.0008551561735077362,0.00021170853260720987,0.021170853260720986
2025-04-05,2025-04-05,reference,arr,cancel_rate,Cancellation rate,pp,100.0,-0.014613583306856665,-0.0008551561735077362,-0.013758427133348928,-1.3758427133348927
2025-04-06,2025-04-06,reference,arr,cancel_rate,Cancellation rate,pp,100.0,-0.004316227413517538,-0.0008551561735077362,-0.0034610712400098016,-0.34610712400098015
2025-04-07,2025-04-07,reference,arr,cancel_rate,Cancellation rate,pp,100.0,0.012889147732789662,-0.0008551561735077362,0.0137443039062974,1.37443039062974
2025-04-08,2025-04-08,reference,arr,cancel_rate,Cancellation rate,pp,100.0,-0.003266164766153125,-0.0008551561735077362,-0.002411008592645389,-0.2411008592645389
2025-04-09,2025-04-09,reference,arr,cancel_rate,Cancellation rate,pp,100.0,0.0014624482861229674,-0.0008551561735077362,0.0023176044596307037,0.23176044596307038
2025-04-10,2025-04-10,reference,arr,cancel_rate,Cancellation rate,pp,100.0,-0.0037929986750305507,-0.0008551561735077362,-0.0029378425015228146,-0.29378425015228143
2025-04-11,2025-04-11,reference,arr,cancel_rate,Cancellation rate,pp,100.0,-0.002326701016183585,-0.0008551561735077362,-0.0014715448426758488,-0.14715448426758487
2025-04-12,2025-04-12,reference,arr,cancel_rate,Cancellation rate,pp,100.0,-0.0013291780211394449,-0.0008551561735077362,-0.00047402184763170867,-0.04740218476317087
2025-04-13,2025-04-13,reference,arr,cancel_rate,Cancellation rate,pp,100.0,-0.0012649771612358001,-0.0008551561735077362,-0.0004098209877280639,-0.04098209877280639
2025-04-14,2025-04-14,reference,arr,cancel_rate,Cancellation rate,pp,100.0,-0.0025943787175259064,-0.0008551561735077362,-0.0017392225440181703,-0.17392225440181702
2025-04-15,2025-04-15,stress,arr,cancel_rate,Cancellation rate,pp,100.0,-0.0011473012885642674,-0.0008551561735077362,-0.0002921451150565312,-0.02921451150565312
2025-04-16,2025-04-16,stress,arr,cancel_rate,Cancellation rate,pp,100.0,-0.0016575877162271612,-0.0008551561735077362,-0.000802431542719425,-0.0802431542719425
2025-04-17,2025-04-17,stress,arr,cancel_rate,Cancellation rate,pp,100.0,0.0022374701339595185,-0.0008551561735077362,0.0030926263074672546,0.30926263074672544
2025-04-18,2025-04-18,stress,arr,cancel_rate,Cancellation rate,pp,100.0,0.006434204339012839,-0.0008551561735077362,0.007289360512520575,0.7289360512520575
2025-04-19,2025-04-19,stress,arr,cancel_rate,Cancellation rate,pp,100.0,0.003311997145525184,-0.0008551561735077362,0.004167153319032921,0.4167153319032921
2025-04-20,2025-04-20,stress,arr,cancel_rate,Cancellation rate,pp,100.0,0.06325090145986396,-0.0008551561735077362,0.0641060576333717,6.41060576333717
2025-04-21,2025-04-21,stress,arr,cancel_rate,Cancellation rate,pp,100.0,0.03860153267184764,-0.0008551561735077362,0.03945668884535538,3.945668884535538
2025-04-22,2025-04-22,stress,arr,cancel_rate,Cancellation rate,pp,100.0,-0.0006863743152113021,-0.0008551561735077362,0.00016878185829643415,0.016878185829643413
2025-04-23,2025-04-23,stress,arr,cancel_rate,Cancellation rate,pp,100.0,-0.0008766805868993938,-0.0008551561735077362,-2.152441339165758e-05,-0.002152441339165758
2025-04-24,2025-04-24,stress,arr,cancel_rate,Cancellation rate,pp,100.0,-0.007293337837549161,-0.0008551561735077362,-0.0064381816640414246,-0.6438181664041425
2025-04-25,2025-04-25,stress,arr,cancel_rate,Cancellation rate,pp,100.0,-0.0013144323464047182,-0.0008551561735077362,-0.000459276172896982,-0.0459276172896982
2025-04-26,2025-04-26,stress,arr,cancel_rate,Cancellation rate,pp,100.0,0.03970565601828392,-0.0008551561735077362,0.04056081219179166,4.056081219179166
2025-04-27,2025-04-27,stress,arr,cancel_rate,Cancellation rate,pp,100.0,0.023900249151759083,-0.0008551561735077362,0.024755405325266818,2.475540532526682
2025-04-28,2025-04-28,stress,arr,cancel_rate,Cancellation rate,pp,100.0,0.14918514166007976,-0.0008551561735077362,0.1500402978335875,15.00402978335875
2025-04-29,2025-04-29,stress,arr,cancel_rate,Cancellation rate,pp,100.0,0.008898873959219487,-0.0008551561735077362,0.009754030132727224,0.9754030132727224
2025-04-30,2025-04-30,stress,arr,cancel_rate,Cancellation rate,pp,100.0,0.0003857074529491772,-0.0008551561735077362,0.0012408636264569133,0.12408636264569133
2025-05-01,2025-05-01,stress,arr,cancel_rate,Cancellation rate,pp,100.0,0.2080786282124231,-0.0008551561735077362,0.20893378438593083,20.893378438593082
2025-05-02,2025-05-02,stress,arr,cancel_rate,Cancellation rate,pp,100.0,0.00024308503029736583,-0.0008551561735077362,0.001098241203805102,0.10982412038051019
2025-05-03,2025-05-03,stress,arr,cancel_rate,Cancellation rate,pp,100.0,0.08389396041905613,-0.0008551561735077362,0.08474911659256386,8.474911659256385
2025-05-04,2025-05-04,stress,arr,cancel_rate,Cancellation rate,pp,100.0,0.13008531595486425,-0.0008551561735077362,0.13094047212837198,13.094047212837198
2025-05-05,2025-05-05,stress,arr,cancel_rate,Cancellation rate,pp,100.0,0.1543910515918155,-0.0008551561735077362,0.15524620776532322,15.524620776532322
2025-05-06,2025-05-06,stress,arr,cancel_rate,Cancellation rate,pp,100.0,0.13992763762333077,-0.0008551561735077362,0.1407827937968385,14.07827937968385
2025-05-07,2025-05-07,stress,arr,cancel_rate,Cancellation rate,pp,100.0,0.07944180436598026,-0.0008551561735077362,0.080296960539488,8.0296960539488
2025-05-08,2025-05-08,stress,arr,cancel_rate,Cancellation rate,pp,100.0,0.03295651216137417,-0.0008551561735077362,0.03381166833488191,3.381166833488191
2025-05-09,2025-05-09,stress,arr,cancel_rate,Cancellation rate,pp,100.0,0.14730174076994446,-0.0008551561735077362,0.1481568969434522,14.815689694345219
2025-05-10,2025-05-10,stress,arr,cancel_rate,Cancellation rate,pp,100.0,0.0024600150687205894,-0.0008551561735077362,0.0033151712422283255,0.3315171242228325
2025-05-11,2025-05-11,stress,arr,cancel_rate,Cancellation rate,pp,100.0,0.0088550710428883,-0.0008551561735077362,0.009710227216396037,0.9710227216396037
2025-05-12,2025-05-12,stress,arr,cancel_rate,Cancellation rate,pp,100.0,0.005121877330748531,-0.0008551561735077362,0.0059770335042562675,0.5977033504256267
2025-05-13,2025-05-13,stress,arr,cancel_rate,Cancellation rate,pp,100.0,0.002718642877510788,-0.0008551561735077362,0.003573799051018524,0.3573799051018524
2025-05-14,2025-05-14,stress,arr,cancel_rate,Cancellation rate,pp,100.0,0.04364938068579784,-0.0008551561735077362,0.044504536859305575,4.450453685930557
2025-05-15,2025-05-15,stress,arr,cancel_rate,Cancellation rate,pp,100.0,0.0645436414254521,-0.0008551561735077362,0.06539879759895983,6.5398797598959835
2025-05-16,2025-05-16,stress,arr,cancel_rate,Cancellation rate,pp,100.0,0.08608549075725358,-0.0008551561735077362,0.08694064693076131,8.69406469307613
2025-05-17,2025-05-17,stress,arr,cancel_rate,Cancellation rate,pp,100.0,-0.024967608443615365,-0.0008551561735077362,-0.02411245227010763,-2.411245227010763
2025-05-18,2025-05-18,stress,arr,cancel_rate,Cancellation rate,pp,100.0,0.003858209774973612,-0.0008551561735077362,0.004713365948481348,0.4713365948481348
2025-05-19,2025-05-19,stress,arr,cancel_rate,Cancellation rate,pp,100.0,-0.0026535448656425367,-0.0008551561735077362,-0.0017983886921348006,-0.17983886921348005
2025-05-20,2025-05-20,interim,arr,cancel_rate,Cancellation rate,pp,100.0,0.002045729526247103,-0.0008551561735077362,0.002900885699754839,0.2900885699754839
2025-05-21,2025-05-21,interim,arr,cancel_rate,Cancellation rate,pp,100.0,0.002317561837001059,-0.0008551561735077362,0.003172718010508795,0.3172718010508795
2025-05-22,2025-05-22,interim,arr,cancel_rate,Cancellation rate,pp,100.0,0.012665947955581538,-0.0008551561735077362,0.013521104129089275,1.3521104129089274
2025-05-23,2025-05-23,interim,arr,cancel_rate,Cancellation rate,pp,100.0,-0.0019114287416779718,-0.0008551561735077362,-0.0010562725681702357,-0.10562725681702358
2025-05-24,2025-05-24,interim,arr,cancel_rate,Cancellation rate,pp,100.0,0.0016383093672391697,-0.0008551561735077362,0.002493465540746906,0.24934655407469059
2025-05-25,2025-05-25,interim,arr,cancel_rate,Cancellation rate,pp,100.0,0.005755311114060772,-0.0008551561735077362,0.006610467287568508,0.6610467287568508
2025-05-26,2025-05-26,interim,arr,cancel_rate,Cancellation rate,pp,100.0,-0.0126401284080181,-0.0008551561735077362,-0.011784972234510364,-1.1784972234510365
2025-05-27,2025-05-27,interim,arr,cancel_rate,Cancellation rate,pp,100.0,0.0023571102793481236,-0.0008551561735077362,0.0032122664528558597,0.321226645285586
2025-05-28,2025-05-28,interim,arr,cancel_rate,Cancellation rate,pp,100.0,-0.000816150621671304,-0.0008551561735077362,3.900555183643218e-05,0.003900555183643218
2025-05-29,2025-05-29,interim,arr,cancel_rate,Cancellation rate,pp,100.0,-0.001138294670911041,-0.0008551561735077362,-0.0002831384974033047,-0.02831384974033047
2025-05-30,2025-05-30,interim,arr,cancel_rate,Cancellation rate,pp,100.0,0.0005626581594876841,-0.0008551561735077362,0.0014178143329954202,0.14178143329954201
2025-05-31,2025-05-31,interim,arr,cancel_rate,Cancellation rate,pp,100.0,-0.0026972087491785425,-0.0008551561735077362,-0.0018420525756708064,-0.18420525756708064
2025-06-01,2025-06-01,interim,arr,cancel_rate,Cancellation rate,pp,100.0,0.00020009350666623299,-0.0008551561735077362,0.001055249680173969,0.10552496801739691
2025-06-02,2025-06-02,interim,arr,cancel_rate,Cancellation rate,pp,100.0,-0.004847996971897565,-0.0008551561735077362,-0.003992840798389829,-0.3992840798389829
2025-06-03,2025-06-03,interim,arr,cancel_rate,Cancellation rate,pp,100.0,-0.0027947993295238636,-0.0008551561735077362,-0.0019396431560161275,-0.19396431560161276
2025-06-04,2025-06-04,interim,arr,cancel_rate,Cancellation rate,pp,100.0,0.0025699163789358347,-0.0008551561735077362,0.003425072552443571,0.3425072552443571
2025-06-05,2025-06-05,interim,arr,cancel_rate,Cancellation rate,pp,100.0,-0.001028598006917814,-0.0008551561735077362,-0.0001734418334100777,-0.01734418334100777
2025-06-06,2025-06-06,interim,arr,cancel_rate,Cancellation rate,pp,100.0,-0.011350617542695349,-0.0008551561735077362,-0.010495461369187612,-1.0495461369187613
2025-06-07,2025-06-07,interim,arr,cancel_rate,Cancellation rate,pp,100.0,-0.00025396090902174255,-0.0008551561735077362,0.0006011952644859937,0.060119526448599366
2025-06-08,2025-06-08,interim,arr,cancel_rate,Cancellation rate,pp,100.0,-0.012639683626615553,-0.0008551561735077362,-0.011784527453107816,-1.1784527453107816
2025-06-09,2025-06-09,interim,arr,cancel_rate,Cancellation rate,pp,100.0,-0.007786206156898194,-0.0008551561735077362,-0.0069310499833904575,-0.6931049983390457
2025-06-10,2025-06-10,interim,arr,cancel_rate,Cancellation rate,pp,100.0,0.0001275223494593648,-0.0008551561735077362,0.000982678522967101,0.09826785229671009
2025-06-11,2025-06-11,interim,arr,cancel_rate,Cancellation rate,pp,100.0,-0.0005612264249110193,-0.0008551561735077362,0.0002939297485967169,0.02939297485967169
2025-06-12,2025-06-12,interim,arr,cancel_rate,Cancellation rate,pp,100.0,-0.01194495082728824,-0.0008551561735077362,-0.011089794653780504,-1.1089794653780505
2025-06-13,2025-06-13,interim,arr,cancel_rate,Cancellation rate,pp,100.0,0.00038061387929812403,-0.0008551561735077362,0.0012357700528058601,0.12357700528058602
2025-06-14,2025-06-14,interim,arr,cancel_rate,Cancellation rate,pp,100.0,-0.0022453607795456737,-0.0008551561735077362,-0.0013902046060379376,-0.13902046060379375
2025-06-15,2025-06-15,interim,arr,cancel_rate,Cancellation rate,pp,100.0,-0.024100670405557127,-0.0008551561735077362,-0.023245514232049392,-2.324551423204939
2025-03-18,2025-03-18,reference,arr,delay15_rate,Delay-15-plus rate,pp,100.0,0.0010436554412808219,0.005001178116057323,-0.003957522674776501,-0.3957522674776501
2025-03-19,2025-03-19,reference,arr,delay15_rate,Delay-15-plus rate,pp,100.0,-0.04372016427745058,0.005001178116057323,-0.04872134239350791,-4.872134239350791
2025-03-20,2025-03-20,reference,arr,delay15_rate,Delay-15-plus rate,pp,100.0,0.1684441286386435,0.005001178116057323,0.16344295052258617,16.344295052258616
2025-03-21,2025-03-21,reference,arr,delay15_rate,Delay-15-plus rate,pp,100.0,0.1776674217072541,0.005001178116057323,0.17266624359119678,17.266624359119678
2025-03-22,2025-03-22,reference,arr,delay15_rate,Delay-15-plus rate,pp,100.0,0.022297616570969875,0.005001178116057323,0.017296438454912553,1.7296438454912553
2025-03-23,2025-03-23,reference,arr,delay15_rate,Delay-15-plus rate,pp,100.0,-0.03637194739091118,0.005001178116057323,-0.041373125506968506,-4.13731255069685
2025-03-24,2025-03-24,reference,arr,delay15_rate,Delay-15-plus rate,pp,100.0,0.03418773892821214,0.005001178116057323,0.02918656081215482,2.918656081215482
2025-03-25,2025-03-25,reference,arr,delay15_rate,Delay-15-plus rate,pp,100.0,0.0170894688087717,0.005001178116057323,0.012088290692714377,1.2088290692714376
2025-03-26,2025-03-26,reference,arr,delay15_rate,Delay-15-plus rate,pp,100.0,-0.014204907022134894,0.005001178116057323,-0.019206085138192216,-1.9206085138192215
2025-03-27,2025-03-27,reference,arr,delay15_rate,Delay-15-plus rate,pp,100.0,0.048983770913497704,0.005001178116057323,0.04398259279744038,4.398259279744038
2025-03-28,2025-03-28,reference,arr,delay15_rate,Delay-15-plus rate,pp,100.0,0.0715646159902131,0.005001178116057323,0.06656343787415578,6.656343787415578
2025-03-29,2025-03-29,reference,arr,delay15_rate,Delay-15-plus rate,pp,100.0,0.09882179616812642,0.005001178116057323,0.0938206180520691,9.38206180520691
2025-03-30,2025-03-30,reference,arr,delay15_rate,Delay-15-plus rate,pp,100.0,0.04468400455793381,0.005001178116057323,0.039682826441876484,3.9682826441876484
2025-03-31,2025-03-31,reference,arr,delay15_rate,Delay-15-plus rate,pp,100.0,-0.09344384319186727,0.005001178116057323,-0.0984450213079246,-9.84450213079246
2025-04-01,2025-04-01,reference,arr,delay15_rate,Delay-15-plus rate,pp,100.0,-0.0035078390866330467,0.005001178116057323,-0.008509017202690369,-0.8509017202690369
2025-04-02,2025-04-02,reference,arr,delay15_rate,Delay-15-plus rate,pp,100.0,-0.09985810159776912,0.005001178116057323,-0.10485927971382644,-10.485927971382644
2025-04-03,2025-04-03,reference,arr,delay15_rate,Delay-15-plus rate,pp,100.0,-0.07518833642432635,0.005001178116057323,-0.08018951454038367,-8.018951454038367
2025-04-04,2025-04-04,reference,arr,delay15_rate,Delay-15-plus rate,pp,100.0,-0.18045286595339566,0.005001178116057323,-0.18545404406945298,-18.5454044069453
2025-04-05,2025-04-05,reference,arr,delay15_rate,Delay-15-plus rate,pp,100.0,0.05948115970346002,0.005001178116057323,0.05447998158740269,5.447998158740269
2025-04-06,2025-04-06,reference,arr,delay15_rate,Delay-15-plus rate,pp,100.0,-0.12262223171337325,0.005001178116057323,-0.12762340982943057,-12.762340982943057
2025-04-07,2025-04-07,reference,arr,delay15_rate,Delay-15-plus rate,pp,100.0,0.14040698931606613,0.005001178116057323,0.1354058112000088,13.54058112000088
2025-04-08,2025-04-08,reference,arr,delay15_rate,Delay-15-plus rate,pp,100.0,0.06869867708026273,0.005001178116057323,0.0636974989642054,6.36974989642054
2025-04-09,2025-04-09,reference,arr,delay15_rate,Delay-15-plus rate,pp,100.0,0.01287711586133665,0.005001178116057323,0.007875937745279327,0.7875937745279328
2025-04-10,2025-04-10,reference,arr,delay15_rate,Delay-15-plus rate,pp,100.0,-0.06732475169584724,0.005001178116057323,-0.07232592981190457,-7.232592981190457
2025-04-11,2025-04-11,reference,arr,delay15_rate,Delay-15-plus rate,pp,100.0,-0.04996772382377784,0.005001178116057323,-0.05496890193983517,-5.496890193983517
2025-04-12,2025-04-12,reference,arr,delay15_rate,Delay-15-plus rate,pp,100.0,-0.01922204915744055,0.005001178116057323,-0.024223227273497874,-2.4223227273497874
2025-04-13,2025-04-13,reference,arr,delay15_rate,Delay-15-plus rate,pp,100.0,-0.0019716289285595934,0.005001178116057323,-0.006972807044616916,-0.6972807044616917
2025-04-14,2025-04-14,reference,arr,delay15_rate,Delay-15-plus rate,pp,100.0,-0.018358782172936988,0.005001178116057323,-0.02335996028899431,-2.335996028899431
2025-04-15,2025-04-15,stress,arr,delay15_rate,Delay-15-plus rate,pp,100.0,0.2074135926234472,0.005001178116057323,0.20241241450738987,20.241241450738986
2025-04-16,2025-04-16,stress,arr,delay15_rate,Delay-15-plus rate,pp,100.0,0.020452394229291057,0.005001178116057323,0.015451216113233735,1.5451216113233734
2025-04-17,2025-04-17,stress,arr,delay15_rate,Delay-15-plus rate,pp,100.0,0.423348804742151,0.005001178116057323,0.41834762662609365,41.834762662609364
2025-04-18,2025-04-18,stress,arr,delay15_rate,Delay-15-plus rate,pp,100.0,0.2553448164159958,0.005001178116057323,0.2503436382999385,25.03436382999385
2025-04-19,2025-04-19,stress,arr,delay15_rate,Delay-15-plus rate,pp,100.0,-0.05834569845760114,0.005001178116057323,-0.06334687657365846,-6.334687657365847
2025-04-20,2025-04-20,stress,arr,delay15_rate,Delay-15-plus rate,pp,100.0,0.39429494381001884,0.005001178116057323,0.3892937656939615,38.929376569396155
2025-04-21,2025-04-21,stress,arr,delay15_rate,Delay-15-plus rate,pp,100.0,0.304703765155452,0.005001178116057323,0.2997025870393947,29.970258703939468
2025-04-22,2025-04-22,stress,arr,delay15_rate,Delay-15-plus rate,pp,100.0,0.07660402749565577,0.005001178116057323,0.07160284937959845,7.160284937959845
2025-04-23,2025-04-23,stress,arr,delay15_rate,Delay-15-plus rate,pp,100.0,0.06905312289485263,0.005001178116057323,0.0640519447787953,6.4051944778795304
2025-04-24,2025-04-24,stress,arr,delay15_rate,Delay-15-plus rate,pp,100.0,0.13349790497142097,0.005001178116057323,0.12849672685536365,12.849672685536365
2025-04-25,2025-04-25,stress,arr,delay15_rate,Delay-15-plus rate,pp,100.0,0.19716577832580956,0.005001178116057323,0.19216460020975223,19.216460020975223
2025-04-26,2025-04-26,stress,arr,delay15_rate,Delay-15-plus rate,pp,100.0,0.4950831577081466,0.005001178116057323,0.49008197959208927,49.00819795920893
2025-04-27,2025-04-27,stress,arr,delay15_rate,Delay-15-plus rate,pp,100.0,0.24026347280679908,0.005001178116057323,0.23526229469074175,23.526229469074174
2025-04-28,2025-04-28,stress,arr,delay15_rate,Delay-15-plus rate,pp,100.0,0.2400925615529855,0.005001178116057323,0.23509138343692818,23.50913834369282
2025-04-29,2025-04-29,stress,arr,delay15_rate,Delay-15-plus rate,pp,100.0,0.23386062729671775,0.005001178116057323,0.22885944918066042,22.88594491806604
2025-04-30,2025-04-30,stress,arr,delay15_rate,Delay-15-plus rate,pp,100.0,0.3436751321668694,0.005001178116057323,0.3386739540508121,33.867395405081204
2025-05-01,2025-05-01,stress,arr,delay15_rate,Delay-15-plus rate,pp,100.0,0.6115990880549469,0.005001178116057323,0.6065979099388896,60.65979099388896
2025-05-02,2025-05-02,stress,arr,delay15_rate,Delay-15-plus rate,pp,100.0,0.4268315132612673,0.005001178116057323,0.42183033514520996,42.18303351452099
2025-05-03,2025-05-03,stress,arr,delay15_rate,Delay-15-plus rate,pp,100.0,0.28272755709815756,0.005001178116057323,0.27772637898210023,27.77263789821002
2025-05-04,2025-05-04,stress,arr,delay15_rate,Delay-15-plus rate,pp,100.0,0.46293624928502813,0.005001178116057323,0.4579350711689708,45.79350711689708
2025-05-05,2025-05-05,stress,arr,delay15_rate,Delay-15-plus rate,pp,100.0,0.31622483367156007,0.005001178116057323,0.31122365555550274,31.122365555550275
2025-05-06,2025-05-06,stress,arr,delay15_rate,Delay-15-plus rate,pp,100.0,0.41181445671487565,0.005001178116057323,0.40681327859881833,40.68132785988183
2025-05-07,2025-05-07,stress,arr,delay15_rate,Delay-15-plus rate,pp,100.0,0.06278540482165859,0.005001178116057323,0.057784226705601266,5.7784226705601265
2025-05-08,2025-05-08,stress,arr,delay15_rate,Delay-15-plus rate,pp,100.0,0.3167213638080262,0.005001178116057323,0.31172018569196885,31.172018569196887
2025-05-09,2025-05-09,stress,arr,delay15_rate,Delay-15-plus rate,pp,100.0,0.5263852725756082,0.005001178116057323,0.5213840944595509,52.13840944595509
2025-05-10,2025-05-10,stress,arr,delay15_rate,Delay-15-plus rate,pp,100.0,0.04211793893392221,0.005001178116057323,0.037116760817864886,3.7116760817864884
2025-05-11,2025-05-11,stress,arr,delay15_rate,Delay-15-plus rate,pp,100.0,0.29071700384864274,0.005001178116057323,0.2857158257325854,28.571582573258542
2025-05-12,2025-05-12,stress,arr,delay15_rate,Delay-15-plus rate,pp,100.0,0.3027920334293134,0.005001178116057323,0.29779085531325605,29.779085531325606
2025-05-13,2025-05-13,stress,arr,delay15_rate,Delay-15-plus rate,pp,100.0,0.1522761167445998,0.005001178116057323,0.14727493862854246,14.727493862854246
2025-05-14,2025-05-14,stress,arr,delay15_rate,Delay-15-plus rate,pp,100.0,0.46888928142774206,0.005001178116057323,0.46388810331168473,46.38881033116847
2025-05-15,2025-05-15,stress,arr,delay15_rate,Delay-15-plus rate,pp,100.0,0.47143220706494804,0.005001178116057323,0.4664310289488907,46.64310289488907
2025-05-16,2025-05-16,stress,arr,delay15_rate,Delay-15-plus rate,pp,100.0,0.3849796190439171,0.005001178116057323,0.37997844092785976,37.997844092785975
2025-05-17,2025-05-17,stress,arr,delay15_rate,Delay-15-plus rate,pp,100.0,-0.08943014079891379,0.005001178116057323,-0.09443131891497111,-9.443131891497112
2025-05-18,2025-05-18,stress,arr,delay15_rate,Delay-15-plus rate,pp,100.0,0.3185105088479679,0.005001178116057323,0.31350933073191056,31.350933073191058
2025-05-19,2025-05-19,stress,arr,delay15_rate,Delay-15-plus rate,pp,100.0,0.008897109111622975,0.005001178116057323,0.003895930995565652,0.38959309955656524
2025-05-20,2025-05-20,interim,arr,delay15_rate,Delay-15-plus rate,pp,100.0,0.12544905442219506,0.005001178116057323,0.12044787630613774,12.044787630613774
2025-05-21,2025-05-21,interim,arr,delay15_rate,Delay-15-plus rate,pp,100.0,0.24715746662239568,0.005001178116057323,0.24215628850633836,24.215628850633834
2025-05-22,2025-05-22,interim,arr,delay15_rate,Delay-15-plus rate,pp,100.0,0.43263854196357604,0.005001178116057323,0.4276373638475187,42.76373638475187
2025-05-23,2025-05-23,interim,arr,delay15_rate,Delay-15-plus rate,pp,100.0,0.11855530190943864,0.005001178116057323,0.11355412379338131,11.355412379338132
2025-05-24,2025-05-24,interim,arr,delay15_rate,Delay-15-plus rate,pp,100.0,0.4803780226383342,0.005001178116057323,0.47537684452227685,47.53768445222769
2025-05-25,2025-05-25,interim,arr,delay15_rate,Delay-15-plus rate,pp,100.0,0.19802617608032422,0.005001178116057323,0.1930249979642669,19.30249979642669
2025-05-26,2025-05-26,interim,arr,delay15_rate,Delay-15-plus rate,pp,100.0,-0.0981653091168162,0.005001178116057323,-0.10316648723287353,-10.316648723287352
2025-05-27,2025-05-27,interim,arr,delay15_rate,Delay-15-plus rate,pp,100.0,-0.026483062382421207,0.005001178116057323,-0.03148424049847853,-3.1484240498478533
2025-05-28,2025-05-28,interim,arr,delay15_rate,Delay-15-plus rate,pp,100.0,-0.06437735401425179,0.005001178116057323,-0.06937853213030912,-6.937853213030912
2025-05-29,2025-05-29,interim,arr,delay15_rate,Delay-15-plus rate,pp,100.0,0.4415389719330677,0.005001178116057323,0.43653779381701036,43.653779381701035
2025-05-30,2025-05-30,interim,arr,delay15_rate,Delay-15-plus rate,pp,100.0,-0.053058270118962136,0.005001178116057323,-0.05805944823501946,-5.805944823501946
2025-05-31,2025-05-31,interim,arr,delay15_rate,Delay-15-plus rate,pp,100.0,-0.013214062705454693,0.005001178116057323,-0.018215240821512015,-1.8215240821512015
2025-06-01,2025-06-01,interim,arr,delay15_rate,Delay-15-plus rate,pp,100.0,-0.06412108959455623,0.005001178116057323,-0.06912226771061356,-6.912226771061356
2025-06-02,2025-06-02,interim,arr,delay15_rate,Delay-15-plus rate,pp,100.0,-0.009197722210172565,0.005001178116057323,-0.014198900326229887,-1.4198900326229886
2025-06-03,2025-06-03,interim,arr,delay15_rate,Delay-15-plus rate,pp,100.0,-0.07137950746807269,0.005001178116057323,-0.07638068558413001,-7.638068558413001
2025-06-04,2025-06-04,interim,arr,delay15_rate,Delay-15-plus rate,pp,100.0,-0.00023282199989829722,0.005001178116057323,-0.00523400011595562,-0.523400011595562
2025-06-05,2025-06-05,interim,arr,delay15_rate,Delay-15-plus rate,pp,100.0,-0.0677907798520021,0.005001178116057323,-0.07279195796805943,-7.279195796805943
2025-06-06,2025-06-06,interim,arr,delay15_rate,Delay-15-plus rate,pp,100.0,0.03440076156157407,0.005001178116057323,0.029399583445516745,2.9399583445516746
2025-06-07,2025-06-07,interim,arr,delay15_rate,Delay-15-plus rate,pp,100.0,-0.055626878003379926,0.005001178116057323,-0.06062805611943725,-6.062805611943725
2025-06-08,2025-06-08,interim,arr,delay15_rate,Delay-15-plus rate,pp,100.0,-0.16606856594029135,0.005001178116057323,-0.17106974405634867,-17.106974405634865
2025-06-09,2025-06-09,interim,arr,delay15_rate,Delay-15-plus rate,pp,100.0,-0.144257862480802,0.005001178116057323,-0.14925904059685932,-14.925904059685932
2025-06-10,2025-06-10,interim,arr,delay15_rate,Delay-15-plus rate,pp,100.0,-0.031128678113581554,0.005001178116057323,-0.03612985622963888,-3.6129856229638877
2025-06-11,2025-06-11,interim,arr,delay15_rate,Delay-15-plus rate,pp,100.0,-0.13095067289172335,0.005001178116057323,-0.13595185100778068,-13.595185100778068
2025-06-12,2025-06-12,interim,arr,delay15_rate,Delay-15-plus rate,pp,100.0,-0.14526673229262818,0.005001178116057323,-0.1502679104086855,-15.02679104086855
2025-06-13,2025-06-13,interim,arr,delay15_rate,Delay-15-plus rate,pp,100.0,-0.14317040700072164,0.005001178116057323,-0.14817158511677897,-14.817158511677897
2025-06-14,2025-06-14,interim,arr,delay15_rate,Delay-15-plus rate,pp,100.0,-0.11239351822661989,0.005001178116057323,-0.11739469634267721,-11.73946963426772
2025-06-15,2025-06-15,interim,arr,delay15_rate,Delay-15-plus rate,pp,100.0,-0.16432261331487263,0.005001178116057323,-0.16932379143092996,-16.932379143092994
2025-03-18,2025-03-18,reference,arr,nas_delay_per_scheduled_op,NAS delay,min/op,1.0,-0.016404974521803783,2.534567144208066,-2.5509721187298697,-2.5509721187298697
2025-03-19,2025-03-19,reference,arr,nas_delay_per_scheduled_op,NAS delay,min/op,1.0,-1.3362598704372028,2.534567144208066,-3.870827014645269,-3.870827014645269
2025-03-20,2025-03-20,reference,arr,nas_delay_per_scheduled_op,NAS delay,min/op,1.0,3.7532585707176627,2.534567144208066,1.2186914265095967,1.2186914265095967
2025-03-21,2025-03-21,reference,arr,nas_delay_per_scheduled_op,NAS delay,min/op,1.0,9.450762713336404,2.534567144208066,6.916195569128338,6.916195569128338
2025-03-22,2025-03-22,reference,arr,nas_delay_per_scheduled_op,NAS delay,min/op,1.0,1.4270171988570626,2.534567144208066,-1.1075499453510034,-1.1075499453510034
2025-03-23,2025-03-23,reference,arr,nas_delay_per_scheduled_op,NAS delay,min/op,1.0,-1.0088253292775233,2.534567144208066,-3.5433924734855893,-3.5433924734855893
2025-03-24,2025-03-24,reference,arr,nas_delay_per_scheduled_op,NAS delay,min/op,1.0,-0.2570380204702032,2.534567144208066,-2.791605164678269,-2.791605164678269
2025-03-25,2025-03-25,reference,arr,nas_delay_per_scheduled_op,NAS delay,min/op,1.0,-0.5120204454119308,2.534567144208066,-3.046587589619997,-3.046587589619997
2025-03-26,2025-03-26,reference,arr,nas_delay_per_scheduled_op,NAS delay,min/op,1.0,-0.2850298395267734,2.534567144208066,-2.819596983734839,-2.819596983734839
2025-03-27,2025-03-27,reference,arr,nas_delay_per_scheduled_op,NAS delay,min/op,1.0,1.544459254847606,2.534567144208066,-0.99010788936046,-0.99010788936046
2025-03-28,2025-03-28,reference,arr,nas_delay_per_scheduled_op,NAS delay,min/op,1.0,4.101058950538944,2.534567144208066,1.5664918063308777,1.5664918063308777
2025-03-29,2025-03-29,reference,arr,nas_delay_per_scheduled_op,NAS delay,min/op,1.0,7.634101925035679,2.534567144208066,5.0995347808276135,5.0995347808276135
2025-03-30,2025-03-30,reference,arr,nas_delay_per_scheduled_op,NAS delay,min/op,1.0,5.172090681833389,2.534567144208066,2.6375235376253228,2.6375235376253228
2025-03-31,2025-03-31,reference,arr,nas_delay_per_scheduled_op,NAS delay,min/op,1.0,9.613104896322563,2.534567144208066,7.078537752114497,7.078537752114497
2025-04-01,2025-04-01,reference,arr,nas_delay_per_scheduled_op,NAS delay,min/op,1.0,0.06572170435040525,2.534567144208066,-2.4688454398576605,-2.4688454398576605
2025-04-02,2025-04-02,reference,arr,nas_delay_per_scheduled_op,NAS delay,min/op,1.0,-3.329509263463809,2.534567144208066,-5.864076407671875,-5.864076407671875
2025-04-03,2025-04-03,reference,arr,nas_delay_per_scheduled_op,NAS delay,min/op,1.0,-0.8193133873188376,2.534567144208066,-3.3538805315269036,-3.3538805315269036
2025-04-04,2025-04-04,reference,arr,nas_delay_per_scheduled_op,NAS delay,min/op,1.0,-3.5842594973337514,2.534567144208066,-6.118826641541817,-6.118826641541817
2025-04-05,2025-04-05,reference,arr,nas_delay_per_scheduled_op,NAS delay,min/op,1.0,3.9535880743575866,2.534567144208066,1.4190209301495207,1.4190209301495207
2025-04-06,2025-04-06,reference,arr,nas_delay_per_scheduled_op,NAS delay,min/op,1.0,-1.7289797147978525,2.534567144208066,-4.263546859005919,-4.263546859005919
2025-04-07,2025-04-07,reference,arr,nas_delay_per_scheduled_op,NAS delay,min/op,1.0,24.926781044300803,2.534567144208066,22.392213900092738,22.392213900092738
2025-04-08,2025-04-08,reference,arr,nas_delay_per_scheduled_op,NAS delay,min/op,1.0,8.340720518574965,2.534567144208066,5.806153374366899,5.806153374366899
2025-04-09,2025-04-09,reference,arr,nas_delay_per_scheduled_op,NAS delay,min/op,1.0,1.4957217692438842,2.534567144208066,-1.0388453749641817,-1.0388453749641817
2025-04-10,2025-04-10,reference,arr,nas_delay_per_scheduled_op,NAS delay,min/op,1.0,-1.0528369948347553,2.534567144208066,-3.587404139042821,-3.587404139042821
2025-04-11,2025-04-11,reference,arr,nas_delay_per_scheduled_op,NAS delay,min/op,1.0,-0.44965035102967654,2.534567144208066,-2.9842174952377425,-2.9842174952377425
2025-04-12,2025-04-12,reference,arr,nas_delay_per_scheduled_op,NAS delay,min/op,1.0,0.9960632536269578,2.534567144208066,-1.5385038905811081,-1.5385038905811081
2025-04-13,2025-04-13,reference,arr,nas_delay_per_scheduled_op,NAS delay,min/op,1.0,1.9735190506310443,2.534567144208066,-0.5610480935770217,-0.5610480935770217
2025-04-14,2025-04-14,reference,arr,nas_delay_per_scheduled_op,NAS delay,min/op,1.0,0.9000381196750125,2.534567144208066,-1.6345290245330535,-1.6345290245330535
2025-04-15,2025-04-15,stress,arr,nas_delay_per_scheduled_op,NAS delay,min/op,1.0,9.779526685180166,2.534567144208066,7.2449595409721,7.2449595409721
2025-04-16,2025-04-16,stress,arr,nas_delay_per_scheduled_op,NAS delay,min/op,1.0,2.8185015808650986,2.534567144208066,0.28393443665703266,0.28393443665703266
2025-04-17,2025-04-17,stress,arr,nas_delay_per_scheduled_op,NAS delay,min/op,1.0,36.2878453093749,2.534567144208066,33.75327816516683,33.75327816516683
2025-04-18,2025-04-18,stress,arr,nas_delay_per_scheduled_op,NAS delay,min/op,1.0,33.297168920721624,2.534567144208066,30.76260177651356,30.76260177651356
2025-04-19,2025-04-19,stress,arr,nas_delay_per_scheduled_op,NAS delay,min/op,1.0,-0.5293245698823517,2.534567144208066,-3.063891714090418,-3.063891714090418
2025-04-20,2025-04-20,stress,arr,nas_delay_per_scheduled_op,NAS delay,min/op,1.0,67.07730768633705,2.534567144208066,64.54274054212898,64.54274054212898
2025-04-21,2025-04-21,stress,arr,nas_delay_per_scheduled_op,NAS delay,min/op,1.0,41.48545552844824,2.534567144208066,38.95088838424017,38.95088838424017
2025-04-22,2025-04-22,stress,arr,nas_delay_per_scheduled_op,NAS delay,min/op,1.0,2.8149884391054716,2.534567144208066,0.28042129489740564,0.28042129489740564
2025-04-23,2025-04-23,stress,arr,nas_delay_per_scheduled_op,NAS delay,min/op,1.0,5.759665391522355,2.534567144208066,3.225098247314289,3.225098247314289
2025-04-24,2025-04-24,stress,arr,nas_delay_per_scheduled_op,NAS delay,min/op,1.0,24.950480473336796,2.534567144208066,22.41591332912873,22.41591332912873
2025-04-25,2025-04-25,stress,arr,nas_delay_per_scheduled_op,NAS delay,min/op,1.0,24.754917737419703,2.534567144208066,22.220350593211638,22.220350593211638
2025-04-26,2025-04-26,stress,arr,nas_delay_per_scheduled_op,NAS delay,min/op,1.0,78.60603769924813,2.534567144208066,76.07147055504007,76.07147055504007
2025-04-27,2025-04-27,stress,arr,nas_delay_per_scheduled_op,NAS delay,min/op,1.0,37.42688479919571,2.534567144208066,34.89231765498764,34.89231765498764
2025-04-28,2025-04-28,stress,arr,nas_delay_per_scheduled_op,NAS delay,min/op,1.0,44.50659406121487,2.534567144208066,41.9720269170068,41.9720269170068
2025-04-29,2025-04-29,stress,arr,nas_delay_per_scheduled_op,NAS delay,min/op,1.0,14.479422444881541,2.534567144208066,11.944855300673474,11.944855300673474
2025-04-30,2025-04-30,stress,arr,nas_delay_per_scheduled_op,NAS delay,min/op,1.0,55.361007083755815,2.534567144208066,52.82643993954775,52.82643993954775
2025-05-01,2025-05-01,stress,arr,nas_delay_per_scheduled_op,NAS delay,min/op,1.0,77.57597185694425,2.534567144208066,75.04140471273618,75.04140471273618
2025-05-02,2025-05-02,stress,arr,nas_delay_per_scheduled_op,NAS delay,min/op,1.0,46.032487505164575,2.534567144208066,43.497920360956506,43.497920360956506
2025-05-03,2025-05-03,stress,arr,nas_delay_per_scheduled_op,NAS delay,min/op,1.0,31.00546302423066,2.534567144208066,28.470895880022596,28.470895880022596
2025-05-04,2025-05-04,stress,arr,nas_delay_per_scheduled_op,NAS delay,min/op,1.0,78.22629582610652,2.534567144208066,75.69172868189845,75.69172868189845
2025-05-05,2025-05-05,stress,arr,nas_delay_per_scheduled_op,NAS delay,min/op,1.0,67.02030410521259,2.534567144208066,64.48573696100452,64.48573696100452
2025-05-06,2025-05-06,stress,arr,nas_delay_per_scheduled_op,NAS delay,min/op,1.0,73.83919372166208,2.534567144208066,71.30462657745402,71.30462657745402
2025-05-07,2025-05-07,stress,arr,nas_delay_per_scheduled_op,NAS delay,min/op,1.0,3.9457423839792796,2.534567144208066,1.4111752397712136,1.4111752397712136
2025-05-08,2025-05-08,stress,arr,nas_delay_per_scheduled_op,NAS delay,min/op,1.0,36.09792876281154,2.534567144208066,33.56336161860347,33.56336161860347
2025-05-09,2025-05-09,stress,arr,nas_delay_per_scheduled_op,NAS delay,min/op,1.0,79.12041672639762,2.534567144208066,76.58584958218955,76.58584958218955
2025-05-10,2025-05-10,stress,arr,nas_delay_per_scheduled_op,NAS delay,min/op,1.0,1.4815339153574516,2.534567144208066,-1.0530332288506143,-1.0530332288506143
2025-05-11,2025-05-11,stress,arr,nas_delay_per_scheduled_op,NAS delay,min/op,1.0,44.292304718547356,2.534567144208066,41.75773757433929,41.75773757433929
2025-05-12,2025-05-12,stress,arr,nas_delay_per_scheduled_op,NAS delay,min/op,1.0,29.956829214031966,2.534567144208066,27.4222620698239,27.4222620698239
2025-05-13,2025-05-13,stress,arr,nas_delay_per_scheduled_op,NAS delay,min/op,1.0,10.38806716308545,2.534567144208066,7.8535000188773845,7.8535000188773845
2025-05-14,2025-05-14,stress,arr,nas_delay_per_scheduled_op,NAS delay,min/op,1.0,75.76993637088214,2.534567144208066,73.23536922667407,73.23536922667407
2025-05-15,2025-05-15,stress,arr,nas_delay_per_scheduled_op,NAS delay,min/op,1.0,68.35439618438194,2.534567144208066,65.81982904017387,65.81982904017387
2025-05-16,2025-05-16,stress,arr,nas_delay_per_scheduled_op,NAS delay,min/op,1.0,59.631432390115975,2.534567144208066,57.09686524590791,57.09686524590791
2025-05-17,2025-05-17,stress,arr,nas_delay_per_scheduled_op,NAS delay,min/op,1.0,-0.8780854050650839,2.534567144208066,-3.41265254927315,-3.41265254927315
2025-05-18,2025-05-18,stress,arr,nas_delay_per_scheduled_op,NAS delay,min/op,1.0,30.01074695036374,2.534567144208066,27.476179806155674,27.476179806155674
2025-05-19,2025-05-19,stress,arr,nas_delay_per_scheduled_op,NAS delay,min/op,1.0,1.6773431484191006,2.534567144208066,-0.8572239957889654,-0.8572239957889654
2025-05-20,2025-05-20,interim,arr,nas_delay_per_scheduled_op,NAS delay,min/op,1.0,10.759816014773046,2.534567144208066,8.225248870564979,8.225248870564979
2025-05-21,2025-05-21,interim,arr,nas_delay_per_scheduled_op,NAS delay,min/op,1.0,25.449820435864673,2.534567144208066,22.915253291656608,22.915253291656608
2025-05-22,2025-05-22,interim,arr,nas_delay_per_scheduled_op,NAS delay,min/op,1.0,57.755698421390896,2.534567144208066,55.22113127718283,55.22113127718283
2025-05-23,2025-05-23,interim,arr,nas_delay_per_scheduled_op,NAS delay,min/op,1.0,4.793140504158539,2.534567144208066,2.258573359950473,2.258573359950473
2025-05-24,2025-05-24,interim,arr,nas_delay_per_scheduled_op,NAS delay,min/op,1.0,59.44331961917884,2.534567144208066,56.90875247497077,56.90875247497077
2025-05-25,2025-05-25,interim,arr,nas_delay_per_scheduled_op,NAS delay,min/op,1.0,11.287219918622787,2.534567144208066,8.75265277441472,8.75265277441472
2025-05-26,2025-05-26,interim,arr,nas_delay_per_scheduled_op,NAS delay,min/op,1.0,-2.1122570006320527,2.534567144208066,-4.646824144840119,-4.646824144840119
2025-05-27,2025-05-27,interim,arr,nas_delay_per_scheduled_op,NAS delay,min/op,1.0,0.9789533883970112,2.534567144208066,-1.5556137558110548,-1.5556137558110548
2025-05-28,2025-05-28,interim,arr,nas_delay_per_scheduled_op,NAS delay,min/op,1.0,-1.0247710008678588,2.534567144208066,-3.559338145075925,-3.559338145075925
2025-05-29,2025-05-29,interim,arr,nas_delay_per_scheduled_op,NAS delay,min/op,1.0,38.387641475569545,2.534567144208066,35.853074331361476,35.853074331361476
2025-05-30,2025-05-30,interim,arr,nas_delay_per_scheduled_op,NAS delay,min/op,1.0,-1.1634560049673905,2.534567144208066,-3.6980231491754565,-3.6980231491754565
2025-05-31,2025-05-31,interim,arr,nas_delay_per_scheduled_op,NAS delay,min/op,1.0,0.46616951581007426,2.534567144208066,-2.0683976283979915,-2.0683976283979915
2025-06-01,2025-06-01,interim,arr,nas_delay_per_scheduled_op,NAS delay,min/op,1.0,0.5589477323720979,2.534567144208066,-1.975619411835968,-1.975619411835968
2025-06-02,2025-06-02,interim,arr,nas_delay_per_scheduled_op,NAS delay,min/op,1.0,-0.5971581995302748,2.534567144208066,-3.1317253437383408,-3.1317253437383408
2025-06-03,2025-06-03,interim,arr,nas_delay_per_scheduled_op,NAS delay,min/op,1.0,-1.6258755254861221,2.534567144208066,-4.160442669694188,-4.160442669694188
2025-06-04,2025-06-04,interim,arr,nas_delay_per_scheduled_op,NAS delay,min/op,1.0,1.7067283511526072,2.534567144208066,-0.8278387930554587,-0.8278387930554587
2025-06-05,2025-06-05,interim,arr,nas_delay_per_scheduled_op,NAS delay,min/op,1.0,-0.9135056284374952,2.534567144208066,-3.448072772645561,-3.448072772645561
2025-06-06,2025-06-06,interim,arr,nas_delay_per_scheduled_op,NAS delay,min/op,1.0,10.853814697388508,2.534567144208066,8.319247553180443,8.319247553180443
2025-06-07,2025-06-07,interim,arr,nas_delay_per_scheduled_op,NAS delay,min/op,1.0,-1.0247848389999628,2.534567144208066,-3.5593519832080287,-3.5593519832080287
2025-06-08,2025-06-08,interim,arr,nas_delay_per_scheduled_op,NAS delay,min/op,1.0,-3.826675764444067,2.534567144208066,-6.361242908652133,-6.361242908652133
2025-06-09,2025-06-09,interim,arr,nas_delay_per_scheduled_op,NAS delay,min/op,1.0,-3.009997990323117,2.534567144208066,-5.544565134531183,-5.544565134531183
2025-06-10,2025-06-10,interim,arr,nas_delay_per_scheduled_op,NAS delay,min/op,1.0,-0.3005142128091949,2.534567144208066,-2.835081357017261,-2.835081357017261
2025-06-11,2025-06-11,interim,arr,nas_delay_per_scheduled_op,NAS delay,min/op,1.0,-3.6716801199094156,2.534567144208066,-6.206247264117481,-6.206247264117481
2025-06-12,2025-06-12,interim,arr,nas_delay_per_scheduled_op,NAS delay,min/op,1.0,-3.1009418253179044,2.534567144208066,-5.63550896952597,-5.63550896952597
2025-06-13,2025-06-13,interim,arr,nas_delay_per_scheduled_op,NAS delay,min/op,1.0,-3.0530359872619943,2.534567144208066,-5.58760313147006,-5.58760313147006
2025-06-14,2025-06-14,interim,arr,nas_delay_per_scheduled_op,NAS delay,min/op,1.0,-2.960650705927773,2.534567144208066,-5.495217850135839,-5.495217850135839
2025-06-15,2025-06-15,interim,arr,nas_delay_per_scheduled_op,NAS delay,min/op,1.0,-3.635424945045124,2.534567144208066,-6.16999208925319,-6.16999208925319
2025-03-18,2025-03-18,reference,dep,scheduled_ops,Scheduled operations,ops/day,1.0,52.551020408163254,28.191690962099113,24.35932944606414,24.35932944606414
2025-03-19,2025-03-19,reference,dep,scheduled_ops,Scheduled operations,ops/day,1.0,48.551020408163254,28.191690962099113,20.35932944606414,20.35932944606414
2025-03-20,2025-03-20,reference,dep,scheduled_ops,Scheduled operations,ops/day,1.0,37.77551020408163,28.191690962099113,9.583819241982514,9.583819241982514
2025-03-21,2025-03-21,reference,dep,scheduled_ops,Scheduled operations,ops/day,1.0,39.0204081632653,28.191690962099113,10.828717201166189,10.828717201166189
2025-03-22,2025-03-22,reference,dep,scheduled_ops,Scheduled operations,ops/day,1.0,23.102040816326507,28.191690962099113,-5.089650145772605,-5.089650145772605
2025-03-23,2025-03-23,reference,dep,scheduled_ops,Scheduled operations,ops/day,1.0,35.79591836734693,28.191690962099113,7.604227405247816,7.604227405247816
2025-03-24,2025-03-24,reference,dep,scheduled_ops,Scheduled operations,ops/day,1.0,39.67346938775512,28.191690962099113,11.481778425656007,11.481778425656007
2025-03-25,2025-03-25,reference,dep,scheduled_ops,Scheduled operations,ops/day,1.0,55.46938775510205,28.191690962099113,27.277696793002935,27.277696793002935
2025-03-26,2025-03-26,reference,dep,scheduled_ops,Scheduled operations,ops/day,1.0,50.20408163265307,28.191690962099113,22.01239067055396,22.01239067055396
2025-03-27,2025-03-27,reference,dep,scheduled_ops,Scheduled operations,ops/day,1.0,37.83673469387753,28.191690962099113,9.645043731778419,9.645043731778419
2025-03-28,2025-03-28,reference,dep,scheduled_ops,Scheduled operations,ops/day,1.0,38.9591836734694,28.191690962099113,10.767492711370284,10.767492711370284
2025-03-29,2025-03-29,reference,dep,scheduled_ops,Scheduled operations,ops/day,1.0,25.244897959183675,28.191690962099113,-2.946793002915438,-2.946793002915438
2025-03-30,2025-03-30,reference,dep,scheduled_ops,Scheduled operations,ops/day,1.0,13.734693877551024,28.191690962099113,-14.456997084548089,-14.456997084548089
2025-03-31,2025-03-31,reference,dep,scheduled_ops,Scheduled operations,ops/day,1.0,22.367346938775484,28.191690962099113,-5.824344023323629,-5.824344023323629
2025-04-01,2025-04-01,reference,dep,scheduled_ops,Scheduled operations,ops/day,1.0,33.81632653061223,28.191690962099113,5.624635568513117,5.624635568513117
2025-04-02,2025-04-02,reference,dep,scheduled_ops,Scheduled operations,ops/day,1.0,29.571428571428555,28.191690962099113,1.3797376093294424,1.3797376093294424
2025-04-03,2025-04-03,reference,dep,scheduled_ops,Scheduled operations,ops/day,1.0,17.0,28.191690962099113,-11.191690962099113,-11.191690962099113
2025-04-04,2025-04-04,reference,dep,scheduled_ops,Scheduled operations,ops/day,1.0,14.224489795918373,28.191690962099113,-13.96720116618074,-13.96720116618074
2025-04-05,2025-04-05,reference,dep,scheduled_ops,Scheduled operations,ops/day,1.0,19.81632653061223,28.191690962099113,-8.375364431486883,-8.375364431486883
2025-04-06,2025-04-06,reference,dep,scheduled_ops,Scheduled operations,ops/day,1.0,13.591836734693857,28.191690962099113,-14.599854227405256,-14.599854227405256
2025-04-07,2025-04-07,reference,dep,scheduled_ops,Scheduled operations,ops/day,1.0,14.102040816326507,28.191690962099113,-14.089650145772605,-14.089650145772605
2025-04-08,2025-04-08,reference,dep,scheduled_ops,Scheduled operations,ops/day,1.0,34.18367346938777,28.191690962099113,5.9919825072886574,5.9919825072886574
2025-04-09,2025-04-09,reference,dep,scheduled_ops,Scheduled operations,ops/day,1.0,24.30612244897958,28.191690962099113,-3.8855685131195337,-3.8855685131195337
2025-04-10,2025-04-10,reference,dep,scheduled_ops,Scheduled operations,ops/day,1.0,12.102040816326507,28.191690962099113,-16.089650145772605,-16.089650145772605
2025-04-11,2025-04-11,reference,dep,scheduled_ops,Scheduled operations,ops/day,1.0,12.530612244897952,28.191690962099113,-15.66107871720116,-15.66107871720116
2025-04-12,2025-04-12,reference,dep,scheduled_ops,Scheduled operations,ops/day,1.0,25.530612244897952,28.191690962099113,-2.6610787172011605,-2.6610787172011605
2025-04-13,2025-04-13,reference,dep,scheduled_ops,Scheduled operations,ops/day,1.0,11.204081632653072,28.191690962099113,-16.98760932944604,-16.98760932944604
2025-04-14,2025-04-14,reference,dep,scheduled_ops,Scheduled operations,ops/day,1.0,7.102040816326507,28.191690962099113,-21.089650145772605,-21.089650145772605
2025-04-15,2025-04-15,stress,dep,scheduled_ops,Scheduled operations,ops/day,1.0,9.653061224489818,28.191690962099113,-18.538629737609295,-18.538629737609295
2025-04-16,2025-04-16,stress,dep,scheduled_ops,Scheduled operations,ops/day,1.0,4.244897959183675,28.191690962099113,-23.946793002915438,-23.946793002915438
2025-04-17,2025-04-17,stress,dep,scheduled_ops,Scheduled operations,ops/day,1.0,-6.755102040816325,28.191690962099113,-34.94679300291544,-34.94679300291544
2025-04-18,2025-04-18,stress,dep,scheduled_ops,Scheduled operations,ops/day,1.0,-6.9387755102040956,28.191690962099113,-35.13046647230321,-35.13046647230321
2025-04-19,2025-04-19,stress,dep,scheduled_ops,Scheduled operations,ops/day,1.0,12.224489795918373,28.191690962099113,-15.96720116618074,-15.96720116618074
2025-04-20,2025-04-20,stress,dep,scheduled_ops,Scheduled operations,ops/day,1.0,-0.3061224489795791,28.191690962099113,-28.497813411078692,-28.497813411078692
2025-04-21,2025-04-21,stress,dep,scheduled_ops,Scheduled operations,ops/day,1.0,-7.244897959183675,28.191690962099113,-35.43658892128279,-35.43658892128279
2025-04-22,2025-04-22,stress,dep,scheduled_ops,Scheduled operations,ops/day,1.0,12.632653061224516,28.191690962099113,-15.559037900874596,-15.559037900874596
2025-04-23,2025-04-23,stress,dep,scheduled_ops,Scheduled operations,ops/day,1.0,8.040816326530603,28.191690962099113,-20.15087463556851,-20.15087463556851
2025-04-24,2025-04-24,stress,dep,scheduled_ops,Scheduled operations,ops/day,1.0,-6.448979591836746,28.191690962099113,-34.64067055393586,-34.64067055393586
2025-04-25,2025-04-25,stress,dep,scheduled_ops,Scheduled operations,ops/day,1.0,-8.346938775510182,28.191690962099113,-36.5386297376093,-36.5386297376093
2025-04-26,2025-04-26,stress,dep,scheduled_ops,Scheduled operations,ops/day,1.0,16.51020408163265,28.191690962099113,-11.681486880466462,-11.681486880466462
2025-04-27,2025-04-27,stress,dep,scheduled_ops,Scheduled operations,ops/day,1.0,-4.387755102040842,28.191690962099113,-32.57944606413996,-32.57944606413996
2025-04-28,2025-04-28,stress,dep,scheduled_ops,Scheduled operations,ops/day,1.0,-7.755102040816325,28.191690962099113,-35.94679300291544,-35.94679300291544
2025-04-29,2025-04-29,stress,dep,scheduled_ops,Scheduled operations,ops/day,1.0,11.836734693877531,28.191690962099113,-16.35495626822158,-16.35495626822158
2025-04-30,2025-04-30,stress,dep,scheduled_ops,Scheduled operations,ops/day,1.0,12.448979591836746,28.191690962099113,-15.742711370262366,-15.742711370262366
2025-05-01,2025-05-01,stress,dep,scheduled_ops,Scheduled operations,ops/day,1.0,6.0612244897959044,28.191690962099113,-22.13046647230321,-22.13046647230321
2025-05-02,2025-05-02,stress,dep,scheduled_ops,Scheduled operations,ops/day,1.0,0.22448979591837315,28.191690962099113,-27.96720116618074,-27.96720116618074
2025-05-03,2025-05-03,stress,dep,scheduled_ops,Scheduled operations,ops/day,1.0,33.571428571428555,28.191690962099113,5.3797376093294424,5.3797376093294424
2025-05-04,2025-05-04,stress,dep,scheduled_ops,Scheduled operations,ops/day,1.0,3.5306122448979522,28.191690962099113,-24.66107871720116,-24.66107871720116
2025-05-05,2025-05-05,stress,dep,scheduled_ops,Scheduled operations,ops/day,1.0,2.959183673469397,28.191690962099113,-25.232507288629716,-25.232507288629716
2025-05-06,2025-05-06,stress,dep,scheduled_ops,Scheduled operations,ops/day,1.0,20.040816326530603,28.191690962099113,-8.15087463556851,-8.15087463556851
2025-05-07,2025-05-07,stress,dep,scheduled_ops,Scheduled operations,ops/day,1.0,15.795918367346928,28.191690962099113,-12.395772594752184,-12.395772594752184
2025-05-08,2025-05-08,stress,dep,scheduled_ops,Scheduled operations,ops/day,1.0,1.122448979591809,28.191690962099113,-27.069241982507304,-27.069241982507304
2025-05-09,2025-05-09,stress,dep,scheduled_ops,Scheduled operations,ops/day,1.0,0.14285714285716722,28.191690962099113,-28.048833819241946,-28.048833819241946
2025-05-10,2025-05-10,stress,dep,scheduled_ops,Scheduled operations,ops/day,1.0,-2.9387755102040956,28.191690962099113,-31.13046647230321,-31.13046647230321
2025-05-11,2025-05-11,stress,dep,scheduled_ops,Scheduled operations,ops/day,1.0,-28.79591836734693,28.191690962099113,-56.987609329446045,-56.987609329446045
2025-05-12,2025-05-12,stress,dep,scheduled_ops,Scheduled operations,ops/day,1.0,-29.591836734693857,28.191690962099113,-57.78352769679297,-57.78352769679297
2025-05-13,2025-05-13,stress,dep,scheduled_ops,Scheduled operations,ops/day,1.0,-10.142857142857167,28.191690962099113,-38.33454810495628,-38.33454810495628
2025-05-14,2025-05-14,stress,dep,scheduled_ops,Scheduled operations,ops/day,1.0,-13.530612244897952,28.191690962099113,-41.72230320699707,-41.72230320699707
2025-05-15,2025-05-15,stress,dep,scheduled_ops,Scheduled operations,ops/day,1.0,-29.367346938775484,28.191690962099113,-57.5590379008746,-57.5590379008746
2025-05-16,2025-05-16,stress,dep,scheduled_ops,Scheduled operations,ops/day,1.0,-30.79591836734693,28.191690962099113,-58.987609329446045,-58.987609329446045
2025-05-17,2025-05-17,stress,dep,scheduled_ops,Scheduled operations,ops/day,1.0,-3.959183673469397,28.191690962099113,-32.15087463556851,-32.15087463556851
2025-05-18,2025-05-18,stress,dep,scheduled_ops,Scheduled operations,ops/day,1.0,-28.081632653061206,28.191690962099113,-56.27332361516032,-56.27332361516032
2025-05-19,2025-05-19,stress,dep,scheduled_ops,Scheduled operations,ops/day,1.0,-34.71428571428572,28.191690962099113,-62.90597667638484,-62.90597667638484
2025-05-20,2025-05-20,interim,dep,scheduled_ops,Scheduled operations,ops/day,1.0,-17.20408163265307,28.191690962099113,-45.39577259475219,-45.39577259475219
2025-05-21,2025-05-21,interim,dep,scheduled_ops,Scheduled operations,ops/day,1.0,-21.387755102040842,28.191690962099113,-49.57944606413996,-49.57944606413996
2025-05-22,2025-05-22,interim,dep,scheduled_ops,Scheduled operations,ops/day,1.0,-39.061224489795904,28.191690962099113,-67.25291545189502,-67.25291545189502
2025-05-23,2025-05-23,interim,dep,scheduled_ops,Scheduled operations,ops/day,1.0,-40.10204081632651,28.191690962099113,-68.29373177842562,-68.29373177842562
2025-05-24,2025-05-24,interim,dep,scheduled_ops,Scheduled operations,ops/day,1.0,-10.0,28.191690962099113,-38.191690962099116,-38.191690962099116
2025-05-25,2025-05-25,interim,dep,scheduled_ops,Scheduled operations,ops/day,1.0,-15.714285714285722,28.191690962099113,-43.90597667638484,-43.90597667638484
2025-05-26,2025-05-26,interim,dep,scheduled_ops,Scheduled operations,ops/day,1.0,-40.448979591836746,28.191690962099113,-68.64067055393586,-68.64067055393586
2025-05-27,2025-05-27,interim,dep,scheduled_ops,Scheduled operations,ops/day,1.0,-23.265306122448976,28.191690962099113,-51.45699708454809,-51.45699708454809
2025-05-28,2025-05-28,interim,dep,scheduled_ops,Scheduled operations,ops/day,1.0,-25.428571428571445,28.191690962099113,-53.62026239067056,-53.62026239067056
2025-05-29,2025-05-29,interim,dep,scheduled_ops,Scheduled operations,ops/day,1.0,-38.10204081632651,28.191690962099113,-66.29373177842562,-66.29373177842562
2025-05-30,2025-05-30,interim,dep,scheduled_ops,Scheduled operations,ops/day,1.0,-40.51020408163265,28.191690962099113,-68.70189504373177,-68.70189504373177
2025-05-31,2025-05-31,interim,dep,scheduled_ops,Scheduled operations,ops/day,1.0,-20.224489795918373,28.191690962099113,-48.41618075801749,-48.41618075801749
2025-06-01,2025-06-01,interim,dep,scheduled_ops,Scheduled operations,ops/day,1.0,-40.34693877551018,28.191690962099113,-68.5386297376093,-68.5386297376093
2025-06-02,2025-06-02,interim,dep,scheduled_ops,Scheduled operations,ops/day,1.0,-41.938775510204096,28.191690962099113,-70.13046647230321,-70.13046647230321
2025-06-03,2025-06-03,interim,dep,scheduled_ops,Scheduled operations,ops/day,1.0,-25.714285714285722,28.191690962099113,-53.90597667638484,-53.90597667638484
2025-06-04,2025-06-04,interim,dep,scheduled_ops,Scheduled operations,ops/day,1.0,-26.061224489795904,28.191690962099113,-54.25291545189502,-54.25291545189502
2025-06-05,2025-06-05,interim,dep,scheduled_ops,Scheduled operations,ops/day,1.0,-44.53061224489795,28.191690962099113,-72.72230320699707,-72.72230320699707
2025-06-06,2025-06-06,interim,dep,scheduled_ops,Scheduled operations,ops/day,1.0,-50.85714285714283,28.191690962099113,-79.04883381924195,-79.04883381924195
2025-06-07,2025-06-07,interim,dep,scheduled_ops,Scheduled operations,ops/day,1.0,-29.612244897959158,28.191690962099113,-57.803935860058274,-57.803935860058274
2025-06-08,2025-06-08,interim,dep,scheduled_ops,Scheduled operations,ops/day,1.0,-50.755102040816325,28.191690962099113,-78.94679300291544,-78.94679300291544
2025-06-09,2025-06-09,interim,dep,scheduled_ops,Scheduled operations,ops/day,1.0,-52.85714285714283,28.191690962099113,-81.04883381924195,-81.04883381924195
2025-06-10,2025-06-10,interim,dep,scheduled_ops,Scheduled operations,ops/day,1.0,-35.79591836734693,28.191690962099113,-63.987609329446045,-63.987609329446045
2025-06-11,2025-06-11,interim,dep,scheduled_ops,Scheduled operations,ops/day,1.0,-38.18367346938777,28.191690962099113,-66.37536443148689,-66.37536443148689
2025-06-12,2025-06-12,interim,dep,scheduled_ops,Scheduled operations,ops/day,1.0,-51.428571428571445,28.191690962099113,-79.62026239067056,-79.62026239067056
2025-06-13,2025-06-13,interim,dep,scheduled_ops,Scheduled operations,ops/day,1.0,-55.16326530612247,28.191690962099113,-83.35495626822158,-83.35495626822158
2025-06-14,2025-06-14,interim,dep,scheduled_ops,Scheduled operations,ops/day,1.0,-29.632653061224516,28.191690962099113,-57.82434402332363,-57.82434402332363
2025-06-15,2025-06-15,interim,dep,scheduled_ops,Scheduled operations,ops/day,1.0,-51.48979591836735,28.191690962099113,-79.68148688046647,-79.68148688046647
2025-03-18,2025-03-18,reference,dep,cancel_rate,Cancellation rate,pp,100.0,-0.004216940117867273,-0.00161213710241432,-0.0026048030154529533,-0.26048030154529533
2025-03-19,2025-03-19,reference,dep,cancel_rate,Cancellation rate,pp,100.0,-0.013553107216006775,-0.00161213710241432,-0.011940970113592455,-1.1940970113592455
2025-03-20,2025-03-20,reference,dep,cancel_rate,Cancellation rate,pp,100.0,-0.0021309217736845878,-0.00161213710241432,-0.0005187846712702679,-0.05187846712702679
2025-03-21,2025-03-21,reference,dep,cancel_rate,Cancellation rate,pp,100.0,-0.0016795917731534122,-0.00161213710241432,-6.74546707390923e-05,-0.00674546707390923
2025-03-22,2025-03-22,reference,dep,cancel_rate,Cancellation rate,pp,100.0,-0.0019369667001963612,-0.00161213710241432,-0.0003248295977820413,-0.03248295977820413
2025-03-23,2025-03-23,reference,dep,cancel_rate,Cancellation rate,pp,100.0,-0.0019338461447635492,-0.00161213710241432,-0.00032170904234922926,-0.03217090423492293
2025-03-24,2025-03-24,reference,dep,cancel_rate,Cancellation rate,pp,100.0,-0.002845836946542642,-0.00161213710241432,-0.0012336998441283221,-0.12336998441283221
2025-03-25,2025-03-25,reference,dep,cancel_rate,Cancellation rate,pp,100.0,-0.0020167564009774654,-0.00161213710241432,-0.0004046192985631455,-0.04046192985631455
2025-03-26,2025-03-26,reference,dep,cancel_rate,Cancellation rate,pp,100.0,-0.001096988929644506,-0.00161213710241432,0.0005151481727698139,0.05151481727698139
2025-03-27,2025-03-27,reference,dep,cancel_rate,Cancellation rate,pp,100.0,-0.0019309025387418447,-0.00161213710241432,-0.0003187654363275248,-0.03187654363275248
2025-03-28,2025-03-28,reference,dep,cancel_rate,Cancellation rate,pp,100.0,-0.0014155143655606465,-0.00161213710241432,0.00019662273685367338,0.019662273685367337
2025-03-29,2025-03-29,reference,dep,cancel_rate,Cancellation rate,pp,100.0,-0.0028273301919665515,-0.00161213710241432,-0.0012151930895522316,-0.12151930895522316
2025-03-30,2025-03-30,reference,dep,cancel_rate,Cancellation rate,pp,100.0,-0.015699514036865772,-0.00161213710241432,-0.014087376934451452,-1.4087376934451452
2025-03-31,2025-03-31,reference,dep,cancel_rate,Cancellation rate,pp,100.0,0.05950465937172875,-0.00161213710241432,0.06111679647414307,6.111679647414308
2025-04-01,2025-04-01,reference,dep,cancel_rate,Cancellation rate,pp,100.0,0.007066548202518513,-0.00161213710241432,0.008678685304932833,0.8678685304932833
2025-04-02,2025-04-02,reference,dep,cancel_rate,Cancellation rate,pp,100.0,-0.010646677032846302,-0.00161213710241432,-0.009034539930431983,-0.9034539930431983
2025-04-03,2025-04-03,reference,dep,cancel_rate,Cancellation rate,pp,100.0,-0.020678495318511608,-0.00161213710241432,-0.019066358216097288,-1.9066358216097288
2025-04-04,2025-04-04,reference,dep,cancel_rate,Cancellation rate,pp,100.0,-0.0036999712349986436,-0.00161213710241432,-0.002087834132584324,-0.2087834132584324
2025-04-05,2025-04-05,reference,dep,cancel_rate,Cancellation rate,pp,100.0,-0.009963377896765305,-0.00161213710241432,-0.008351240794350985,-0.8351240794350986
2025-04-06,2025-04-06,reference,dep,cancel_rate,Cancellation rate,pp,100.0,-0.004343113602964797,-0.00161213710241432,-0.0027309765005504773,-0.2730976500550477
2025-04-07,2025-04-07,reference,dep,cancel_rate,Cancellation rate,pp,100.0,0.009307289471217384,-0.00161213710241432,0.010919426573631704,1.0919426573631703
2025-04-08,2025-04-08,reference,dep,cancel_rate,Cancellation rate,pp,100.0,-0.002841769550151535,-0.00161213710241432,-0.0012296324477372152,-0.12296324477372152
2025-04-09,2025-04-09,reference,dep,cancel_rate,Cancellation rate,pp,100.0,-0.0017084035390809715,-0.00161213710241432,-9.626643666665164e-05,-0.009626643666665165
2025-04-10,2025-04-10,reference,dep,cancel_rate,Cancellation rate,pp,100.0,-0.0026362570137033223,-0.00161213710241432,-0.0010241199112890024,-0.10241199112890023
2025-04-11,2025-04-11,reference,dep,cancel_rate,Cancellation rate,pp,100.0,-0.005556487547336796,-0.00161213710241432,-0.003944350444922477,-0.39443504449224764
2025-04-12,2025-04-12,reference,dep,cancel_rate,Cancellation rate,pp,100.0,-0.0019701816024750977,-0.00161213710241432,-0.0003580445000607778,-0.03580445000607778
2025-04-13,2025-04-13,reference,dep,cancel_rate,Cancellation rate,pp,100.0,-0.001389871050098749,-0.00161213710241432,0.00022226605231557097,0.022226605231557096
2025-04-14,2025-04-14,reference,dep,cancel_rate,Cancellation rate,pp,100.0,-0.0022995133881610857,-0.00161213710241432,-0.0006873762857467658,-0.06873762857467658
2025-04-15,2025-04-15,stress,dep,cancel_rate,Cancellation rate,pp,100.0,-0.001019605150658006,-0.00161213710241432,0.0005925319517563138,0.05925319517563138
2025-04-16,2025-04-16,stress,dep,cancel_rate,Cancellation rate,pp,100.0,-0.0014300174672434488,-0.00161213710241432,0.0001821196351708711,0.01821196351708711
2025-04-17,2025-04-17,stress,dep,cancel_rate,Cancellation rate,pp,100.0,0.0024704352732779957,-0.00161213710241432,0.004082572375692315,0.40825723756923155
2025-04-18,2025-04-18,stress,dep,cancel_rate,Cancellation rate,pp,100.0,0.009558153572958486,-0.00161213710241432,0.011170290675372806,1.1170290675372805
2025-04-19,2025-04-19,stress,dep,cancel_rate,Cancellation rate,pp,100.0,-0.0002584377836197492,-0.00161213710241432,0.0013536993187945707,0.13536993187945706
2025-04-20,2025-04-20,stress,dep,cancel_rate,Cancellation rate,pp,100.0,0.06603486847984802,-0.00161213710241432,0.06764700558226235,6.7647005582262345
2025-04-21,2025-04-21,stress,dep,cancel_rate,Cancellation rate,pp,100.0,0.03536888933396253,-0.00161213710241432,0.03698102643637685,3.698102643637685
2025-04-22,2025-04-22,stress,dep,cancel_rate,Cancellation rate,pp,100.0,-0.000691669020771453,-0.00161213710241432,0.0009204680816428669,0.09204680816428669
2025-04-23,2025-04-23,stress,dep,cancel_rate,Cancellation rate,pp,100.0,-0.0010840126873696858,-0.00161213710241432,0.0005281244150446341,0.05281244150446341
2025-04-24,2025-04-24,stress,dep,cancel_rate,Cancellation rate,pp,100.0,-0.006887771041785841,-0.00161213710241432,-0.005275633939371522,-0.5275633939371521
2025-04-25,2025-04-25,stress,dep,cancel_rate,Cancellation rate,pp,100.0,0.0012508031162139243,-0.00161213710241432,0.0028629402186282444,0.28629402186282443
2025-04-26,2025-04-26,stress,dep,cancel_rate,Cancellation rate,pp,100.0,0.03958068228634205,-0.00161213710241432,0.04119281938875637,4.119281938875638
2025-04-27,2025-04-27,stress,dep,cancel_rate,Cancellation rate,pp,100.0,0.02345150955395106,-0.00161213710241432,0.02506364665636538,2.506364665636538
2025-04-28,2025-04-28,stress,dep,cancel_rate,Cancellation rate,pp,100.0,0.15549584674993133,-0.00161213710241432,0.15710798385234565,15.710798385234565
2025-04-29,2025-04-29,stress,dep,cancel_rate,Cancellation rate,pp,100.0,0.022319465687955085,-0.00161213710241432,0.023931602790369405,2.3931602790369406
2025-04-30,2025-04-30,stress,dep,cancel_rate,Cancellation rate,pp,100.0,0.0030081432866409796,-0.00161213710241432,0.004620280389055299,0.4620280389055299
2025-05-01,2025-05-01,stress,dep,cancel_rate,Cancellation rate,pp,100.0,0.22203343634369985,-0.00161213710241432,0.22364557344611416,22.364557344611416
2025-05-02,2025-05-02,stress,dep,cancel_rate,Cancellation rate,pp,100.0,0.002289525838897504,-0.00161213710241432,0.003901662941311824,0.39016629413118237
2025-05-03,2025-05-03,stress,dep,cancel_rate,Cancellation rate,pp,100.0,0.09956975149976219,-0.00161213710241432,0.10118188860217651,10.118188860217652
2025-05-04,2025-05-04,stress,dep,cancel_rate,Cancellation rate,pp,100.0,0.14423950378554323,-0.00161213710241432,0.14585164088795755,14.585164088795754
2025-05-05,2025-05-05,stress,dep,cancel_rate,Cancellation rate,pp,100.0,0.1582773797929343,-0.00161213710241432,0.1598895168953486,15.988951689534861
2025-05-06,2025-05-06,stress,dep,cancel_rate,Cancellation rate,pp,100.0,0.12344758827486646,-0.00161213710241432,0.12505972537728077,12.505972537728077
2025-05-07,2025-05-07,stress,dep,cancel_rate,Cancellation rate,pp,100.0,0.08623196385617522,-0.00161213710241432,0.08784410095858955,8.784410095858956
2025-05-08,2025-05-08,stress,dep,cancel_rate,Cancellation rate,pp,100.0,0.03619955363616375,-0.00161213710241432,0.03781169073857807,3.7811690738578068
2025-05-09,2025-05-09,stress,dep,cancel_rate,Cancellation rate,pp,100.0,0.14043239821854772,-0.00161213710241432,0.14204453532096203,14.204453532096203
2025-05-10,2025-05-10,stress,dep,cancel_rate,Cancellation rate,pp,100.0,0.006464486650221645,-0.00161213710241432,0.008076623752635965,0.8076623752635965
2025-05-11,2025-05-11,stress,dep,cancel_rate,Cancellation rate,pp,100.0,0.002181677251850718,-0.00161213710241432,0.003793814354265038,0.37938143542650377
2025-05-12,2025-05-12,stress,dep,cancel_rate,Cancellation rate,pp,100.0,0.005452374820675952,-0.00161213710241432,0.007064511923090272,0.7064511923090272
2025-05-13,2025-05-13,stress,dep,cancel_rate,Cancellation rate,pp,100.0,-0.0014185560951743754,-0.00161213710241432,0.0001935810072399445,0.01935810072399445
2025-05-14,2025-05-14,stress,dep,cancel_rate,Cancellation rate,pp,100.0,0.035841667461284386,-0.00161213710241432,0.037453804563698706,3.7453804563698707
2025-05-15,2025-05-15,stress,dep,cancel_rate,Cancellation rate,pp,100.0,0.07320204601042662,-0.00161213710241432,0.07481418311284095,7.481418311284095
2025-05-16,2025-05-16,stress,dep,cancel_rate,Cancellation rate,pp,100.0,0.07381017272784349,-0.00161213710241432,0.07542230983025781,7.542230983025782
2025-05-17,2025-05-17,stress,dep,cancel_rate,Cancellation rate,pp,100.0,-0.012043490101913811,-0.00161213710241432,-0.010431352999499491,-1.0431352999499492
2025-05-18,2025-05-18,stress,dep,cancel_rate,Cancellation rate,pp,100.0,-0.0027983219734194534,-0.00161213710241432,-0.0011861848710051335,-0.11861848710051336
2025-05-19,2025-05-19,stress,dep,cancel_rate,Cancellation rate,pp,100.0,-0.002783379202792255,-0.00161213710241432,-0.0011712421003779352,-0.11712421003779352
2025-05-20,2025-05-20,interim,dep,cancel_rate,Cancellation rate,pp,100.0,0.0024836821247541697,-0.00161213710241432,0.004095819227168489,0.40958192271684896
2025-05-21,2025-05-21,interim,dep,cancel_rate,Cancellation rate,pp,100.0,0.0023716401523162208,-0.00161213710241432,0.0039837772547305405,0.39837772547305406
2025-05-22,2025-05-22,interim,dep,cancel_rate,Cancellation rate,pp,100.0,0.012589099128159562,-0.00161213710241432,0.014201236230573882,1.4201236230573882
2025-05-23,2025-05-23,interim,dep,cancel_rate,Cancellation rate,pp,100.0,-0.0023121537626238815,-0.00161213710241432,-0.0007000166602095616,-0.07000166602095616
2025-05-24,2025-05-24,interim,dep,cancel_rate,Cancellation rate,pp,100.0,-0.0019266463524045467,-0.00161213710241432,-0.0003145092499902268,-0.03145092499902268
2025-05-25,2025-05-25,interim,dep,cancel_rate,Cancellation rate,pp,100.0,-0.0015133730397903448,-0.00161213710241432,9.876406262397512e-05,0.00987640626239751
2025-05-26,2025-05-26,interim,dep,cancel_rate,Cancellation rate,pp,100.0,-0.011563403461019325,-0.00161213710241432,-0.009951266358605005,-0.9951266358605005
2025-05-27,2025-05-27,interim,dep,cancel_rate,Cancellation rate,pp,100.0,-0.0027598661986376963,-0.00161213710241432,-0.0011477290962233764,-0.11477290962233763
2025-05-28,2025-05-28,interim,dep,cancel_rate,Cancellation rate,pp,100.0,-0.0010031792264069389,-0.00161213710241432,0.000608957876007381,0.060895787600738105
2025-05-29,2025-05-29,interim,dep,cancel_rate,Cancellation rate,pp,100.0,-0.0014207398916730304,-0.00161213710241432,0.0001913972107412895,0.019139721074128948
2025-05-30,2025-05-30,interim,dep,cancel_rate,Cancellation rate,pp,100.0,-0.00363676272143737,-0.00161213710241432,-0.00202462561902305,-0.20246256190230502
2025-05-31,2025-05-31,interim,dep,cancel_rate,Cancellation rate,pp,100.0,0.0014428479631634246,-0.00161213710241432,0.0030549850655777443,0.30549850655777444
2025-06-01,2025-06-01,interim,dep,cancel_rate,Cancellation rate,pp,100.0,-0.003331465095225861,-0.00161213710241432,-0.0017193279928115412,-0.17193279928115413
2025-06-02,2025-06-02,interim,dep,cancel_rate,Cancellation rate,pp,100.0,-0.0010545397683252014,-0.00161213710241432,0.0005575973340891185,0.055759733408911855
2025-06-03,2025-06-03,interim,dep,cancel_rate,Cancellation rate,pp,100.0,-0.0025506849759563775,-0.00161213710241432,-0.0009385478735420576,-0.09385478735420576
2025-06-04,2025-06-04,interim,dep,cancel_rate,Cancellation rate,pp,100.0,0.0026235929540380366,-0.00161213710241432,0.004235730056452357,0.4235730056452357
2025-06-05,2025-06-05,interim,dep,cancel_rate,Cancellation rate,pp,100.0,-0.003901861131941116,-0.00161213710241432,-0.002289724029526796,-0.2289724029526796
2025-06-06,2025-06-06,interim,dep,cancel_rate,Cancellation rate,pp,100.0,-0.01203445594431586,-0.00161213710241432,-0.01042231884190154,-1.042231884190154
2025-06-07,2025-06-07,interim,dep,cancel_rate,Cancellation rate,pp,100.0,-0.004107733243620775,-0.00161213710241432,-0.0024955961412064555,-0.24955961412064553
2025-06-08,2025-06-08,interim,dep,cancel_rate,Cancellation rate,pp,100.0,-0.012948617005425694,-0.00161213710241432,-0.011336479903011374,-1.1336479903011374
2025-06-09,2025-06-09,interim,dep,cancel_rate,Cancellation rate,pp,100.0,-0.0029673152603519218,-0.00161213710241432,-0.0013551781579376019,-0.13551781579376018
2025-06-10,2025-06-10,interim,dep,cancel_rate,Cancellation rate,pp,100.0,0.0074140147447757905,-0.00161213710241432,0.009026151847190111,0.9026151847190111
2025-06-11,2025-06-11,interim,dep,cancel_rate,Cancellation rate,pp,100.0,-0.012154345734660729,-0.00161213710241432,-0.010542208632246409,-1.0542208632246408
2025-06-12,2025-06-12,interim,dep,cancel_rate,Cancellation rate,pp,100.0,-0.00738189837092135,-0.00161213710241432,-0.00576976126850703,-0.576976126850703
2025-06-13,2025-06-13,interim,dep,cancel_rate,Cancellation rate,pp,100.0,-0.0008887750200246673,-0.00161213710241432,0.0007233620823896526,0.07233620823896526
2025-06-14,2025-06-14,interim,dep,cancel_rate,Cancellation rate,pp,100.0,-0.0001535306881412478,-0.00161213710241432,0.001458606414273072,0.1458606414273072
2025-06-15,2025-06-15,interim,dep,cancel_rate,Cancellation rate,pp,100.0,-0.021378660319018482,-0.00161213710241432,-0.019766523216604163,-1.9766523216604164
2025-03-18,2025-03-18,reference,dep,delay15_rate,Delay-15-plus rate,pp,100.0,0.01326617677505873,-0.011927496596008003,0.025193673371066733,2.519367337106673
2025-03-19,2025-03-19,reference,dep,delay15_rate,Delay-15-plus rate,pp,100.0,-0.03180242175605137,-0.011927496596008003,-0.01987492516004337,-1.9874925160043369
2025-03-20,2025-03-20,reference,dep,delay15_rate,Delay-15-plus rate,pp,100.0,0.07591421842984569,-0.011927496596008003,0.0878417150258537,8.78417150258537
2025-03-21,2025-03-21,reference,dep,delay15_rate,Delay-15-plus rate,pp,100.0,0.062290620279135456,-0.011927496596008003,0.07421811687514346,7.421811687514346
2025-03-22,2025-03-22,reference,dep,delay15_rate,Delay-15-plus rate,pp,100.0,0.0032427222423929425,-0.011927496596008003,0.015170218838400945,1.5170218838400946
2025-03-23,2025-03-23,reference,dep,delay15_rate,Delay-15-plus rate,pp,100.0,-0.031827363778859113,-0.011927496596008003,-0.01989986718285111,-1.989986718285111
2025-03-24,2025-03-24,reference,dep,delay15_rate,Delay-15-plus rate,pp,100.0,0.005191765795743264,-0.011927496596008003,0.017119262391751267,1.7119262391751267
2025-03-25,2025-03-25,reference,dep,delay15_rate,Delay-15-plus rate,pp,100.0,-0.023791154311178647,-0.011927496596008003,-0.011863657715170645,-1.1863657715170643
2025-03-26,2025-03-26,reference,dep,delay15_rate,Delay-15-plus rate,pp,100.0,-0.003629484540905087,-0.011927496596008003,0.008298012055102916,0.8298012055102916
2025-03-27,2025-03-27,reference,dep,delay15_rate,Delay-15-plus rate,pp,100.0,0.017740493439849847,-0.011927496596008003,0.02966799003585785,2.966799003585785
2025-03-28,2025-03-28,reference,dep,delay15_rate,Delay-15-plus rate,pp,100.0,0.015769685359982993,-0.011927496596008003,0.027697181955990996,2.7697181955990997
2025-03-29,2025-03-29,reference,dep,delay15_rate,Delay-15-plus rate,pp,100.0,0.03670999625512017,-0.011927496596008003,0.04863749285112817,4.863749285112817
2025-03-30,2025-03-30,reference,dep,delay15_rate,Delay-15-plus rate,pp,100.0,0.037286314896840866,-0.011927496596008003,0.04921381149284887,4.921381149284887
2025-03-31,2025-03-31,reference,dep,delay15_rate,Delay-15-plus rate,pp,100.0,-0.040524038739210455,-0.011927496596008003,-0.028596542143202452,-2.859654214320245
2025-04-01,2025-04-01,reference,dep,delay15_rate,Delay-15-plus rate,pp,100.0,-0.05634762833866805,-0.011927496596008003,-0.044420131742660046,-4.4420131742660045
2025-04-02,2025-04-02,reference,dep,delay15_rate,Delay-15-plus rate,pp,100.0,-0.10153740022249544,-0.011927496596008003,-0.08960990362648744,-8.960990362648744
2025-04-03,2025-04-03,reference,dep,delay15_rate,Delay-15-plus rate,pp,100.0,-0.04290089790264617,-0.011927496596008003,-0.03097340130663817,-3.097340130663817
2025-04-04,2025-04-04,reference,dep,delay15_rate,Delay-15-plus rate,pp,100.0,-0.12507627456701634,-0.011927496596008003,-0.11314877797100834,-11.314877797100834
2025-04-05,2025-04-05,reference,dep,delay15_rate,Delay-15-plus rate,pp,100.0,0.006382553815050596,-0.011927496596008003,0.018310050411058598,1.8310050411058598
2025-04-06,2025-04-06,reference,dep,delay15_rate,Delay-15-plus rate,pp,100.0,-0.10365753016965645,-0.011927496596008003,-0.09173003357364845,-9.173003357364845
2025-04-07,2025-04-07,reference,dep,delay15_rate,Delay-15-plus rate,pp,100.0,0.018425020964936145,-0.011927496596008003,0.030352517560944148,3.0352517560944148
2025-04-08,2025-04-08,reference,dep,delay15_rate,Delay-15-plus rate,pp,100.0,0.011314128167348891,-0.011927496596008003,0.023241624763356894,2.3241624763356894
2025-04-09,2025-04-09,reference,dep,delay15_rate,Delay-15-plus rate,pp,100.0,-0.0031780535855217285,-0.011927496596008003,0.008749443010486274,0.8749443010486274
2025-04-10,2025-04-10,reference,dep,delay15_rate,Delay-15-plus rate,pp,100.0,-0.026512000475547637,-0.011927496596008003,-0.014584503879539634,-1.4584503879539634
2025-04-11,2025-04-11,reference,dep,delay15_rate,Delay-15-plus rate,pp,100.0,-0.06855600718188817,-0.011927496596008003,-0.05662851058588017,-5.662851058588017
2025-04-12,2025-04-12,reference,dep,delay15_rate,Delay-15-plus rate,pp,100.0,0.037724694565288125,-0.011927496596008003,0.04965219116129613,4.965219116129613
2025-04-13,2025-04-13,reference,dep,delay15_rate,Delay-15-plus rate,pp,100.0,-0.013720239472924528,-0.011927496596008003,-0.0017927428769165255,-0.17927428769165255
2025-04-14,2025-04-14,reference,dep,delay15_rate,Delay-15-plus rate,pp,100.0,-0.0021678006322486676,-0.011927496596008003,0.009759695963759335,0.9759695963759335
2025-04-15,2025-04-15,stress,dep,delay15_rate,Delay-15-plus rate,pp,100.0,0.09859203343364878,-0.011927496596008003,0.11051953002965678,11.051953002965679
2025-04-16,2025-04-16,stress,dep,delay15_rate,Delay-15-plus rate,pp,100.0,-0.028339515176153185,-0.011927496596008003,-0.016412018580145182,-1.6412018580145182
2025-04-17,2025-04-17,stress,dep,delay15_rate,Delay-15-plus rate,pp,100.0,0.2152644867826886,-0.011927496596008003,0.22719198337869662,22.719198337869663
2025-04-18,2025-04-18,stress,dep,delay15_rate,Delay-15-plus rate,pp,100.0,0.10524764749967094,-0.011927496596008003,0.11717514409567895,11.717514409567894
2025-04-19,2025-04-19,stress,dep,delay15_rate,Delay-15-plus rate,pp,100.0,-0.01939829762992845,-0.011927496596008003,-0.007470801033920449,-0.7470801033920449
2025-04-20,2025-04-20,stress,dep,delay15_rate,Delay-15-plus rate,pp,100.0,0.24785127292069462,-0.011927496596008003,0.25977876951670265,25.977876951670265
2025-04-21,2025-04-21,stress,dep,delay15_rate,Delay-15-plus rate,pp,100.0,0.15732339746196186,-0.011927496596008003,0.16925089405796986,16.925089405796985
2025-04-22,2025-04-22,stress,dep,delay15_rate,Delay-15-plus rate,pp,100.0,0.04698269275347819,-0.011927496596008003,0.05891018934948619,5.891018934948619
2025-04-23,2025-04-23,stress,dep,delay15_rate,Delay-15-plus rate,pp,100.0,0.012396155961028305,-0.011927496596008003,0.024323652557036307,2.4323652557036306
2025-04-24,2025-04-24,stress,dep,delay15_rate,Delay-15-plus rate,pp,100.0,-0.03803325029972782,-0.011927496596008003,-0.026105753703719814,-2.6105753703719814
2025-04-25,2025-04-25,stress,dep,delay15_rate,Delay-15-plus rate,pp,100.0,0.030072569395749343,-0.011927496596008003,0.042000065991757346,4.200006599175735
2025-04-26,2025-04-26,stress,dep,delay15_rate,Delay-15-plus rate,pp,100.0,0.33806977366929863,-0.011927496596008003,0.34999727026530664,34.999727026530664
2025-04-27,2025-04-27,stress,dep,delay15_rate,Delay-15-plus rate,pp,100.0,0.1012327558738089,-0.011927496596008003,0.1131602524698169,11.31602524698169
2025-04-28,2025-04-28,stress,dep,delay15_rate,Delay-15-plus rate,pp,100.0,0.2489157986535985,-0.011927496596008003,0.2608432952496065,26.084329524960648
2025-04-29,2025-04-29,stress,dep,delay15_rate,Delay-15-plus rate,pp,100.0,0.10598573671390596,-0.011927496596008003,0.11791323330991396,11.791323330991396
2025-04-30,2025-04-30,stress,dep,delay15_rate,Delay-15-plus rate,pp,100.0,0.16914427891434075,-0.011927496596008003,0.18107177551034875,18.107177551034876
2025-05-01,2025-05-01,stress,dep,delay15_rate,Delay-15-plus rate,pp,100.0,0.4402370817467933,-0.011927496596008003,0.4521645783428013,45.216457834280135
2025-05-02,2025-05-02,stress,dep,delay15_rate,Delay-15-plus rate,pp,100.0,0.27303104682947,-0.011927496596008003,0.284958543425478,28.4958543425478
2025-05-03,2025-05-03,stress,dep,delay15_rate,Delay-15-plus rate,pp,100.0,0.11884016419817656,-0.011927496596008003,0.13076766079418456,13.076766079418455
2025-05-04,2025-05-04,stress,dep,delay15_rate,Delay-15-plus rate,pp,100.0,0.20815671691352922,-0.011927496596008003,0.22008421350953722,22.00842135095372
2025-05-05,2025-05-05,stress,dep,delay15_rate,Delay-15-plus rate,pp,100.0,0.11295291508354521,-0.011927496596008003,0.12488041167955322,12.488041167955322
2025-05-06,2025-05-06,stress,dep,delay15_rate,Delay-15-plus rate,pp,100.0,0.1665896263793803,-0.011927496596008003,0.1785171229753883,17.85171229753883
2025-05-07,2025-05-07,stress,dep,delay15_rate,Delay-15-plus rate,pp,100.0,-0.0328020777092467,-0.011927496596008003,-0.0208745811132387,-2.08745811132387
2025-05-08,2025-05-08,stress,dep,delay15_rate,Delay-15-plus rate,pp,100.0,0.10994644471291695,-0.011927496596008003,0.12187394130892495,12.187394130892496
2025-05-09,2025-05-09,stress,dep,delay15_rate,Delay-15-plus rate,pp,100.0,0.3139966545381706,-0.011927496596008003,0.3259241511341786,32.59241511341786
2025-05-10,2025-05-10,stress,dep,delay15_rate,Delay-15-plus rate,pp,100.0,0.005883020314848719,-0.011927496596008003,0.017810516910856722,1.7810516910856722
2025-05-11,2025-05-11,stress,dep,delay15_rate,Delay-15-plus rate,pp,100.0,0.060900073265846344,-0.011927496596008003,0.07282756986185435,7.282756986185435
2025-05-12,2025-05-12,stress,dep,delay15_rate,Delay-15-plus rate,pp,100.0,0.03425339798621402,-0.011927496596008003,0.04618089458222202,4.618089458222202
2025-05-13,2025-05-13,stress,dep,delay15_rate,Delay-15-plus rate,pp,100.0,0.019220234454224813,-0.011927496596008003,0.031147731050232816,3.1147731050232816
2025-05-14,2025-05-14,stress,dep,delay15_rate,Delay-15-plus rate,pp,100.0,0.24691207096008816,-0.011927496596008003,0.25883956755609616,25.883956755609617
2025-05-15,2025-05-15,stress,dep,delay15_rate,Delay-15-plus rate,pp,100.0,0.23231924221670158,-0.011927496596008003,0.24424673881270959,24.42467388127096
2025-05-16,2025-05-16,stress,dep,delay15_rate,Delay-15-plus rate,pp,100.0,0.2744332076918282,-0.011927496596008003,0.2863607042878362,28.636070428783622
2025-05-17,2025-05-17,stress,dep,delay15_rate,Delay-15-plus rate,pp,100.0,-0.0531192725951638,-0.011927496596008003,-0.0411917759991558,-4.11917759991558
2025-05-18,2025-05-18,stress,dep,delay15_rate,Delay-15-plus rate,pp,100.0,0.04694751866177399,-0.011927496596008003,0.05887501525778199,5.887501525778199
2025-05-19,2025-05-19,stress,dep,delay15_rate,Delay-15-plus rate,pp,100.0,-0.08548614054175499,-0.011927496596008003,-0.07355864394574699,-7.355864394574699
2025-05-20,2025-05-20,interim,dep,delay15_rate,Delay-15-plus rate,pp,100.0,-0.04552223564020008,-0.011927496596008003,-0.03359473904419208,-3.359473904419208
2025-05-21,2025-05-21,interim,dep,delay15_rate,Delay-15-plus rate,pp,100.0,0.024501281974643935,-0.011927496596008003,0.03642877857065194,3.642877857065194
2025-05-22,2025-05-22,interim,dep,delay15_rate,Delay-15-plus rate,pp,100.0,0.17497242365639132,-0.011927496596008003,0.18689992025239932,18.68999202523993
2025-05-23,2025-05-23,interim,dep,delay15_rate,Delay-15-plus rate,pp,100.0,0.020226544026981264,-0.011927496596008003,0.032154040622989266,3.2154040622989264
2025-05-24,2025-05-24,interim,dep,delay15_rate,Delay-15-plus rate,pp,100.0,0.24729423722752553,-0.011927496596008003,0.25922173382353353,25.922173382353353
2025-05-25,2025-05-25,interim,dep,delay15_rate,Delay-15-plus rate,pp,100.0,0.040533176838240176,-0.011927496596008003,0.05246067343424818,5.2460673434248175
2025-05-26,2025-05-26,interim,dep,delay15_rate,Delay-15-plus rate,pp,100.0,-0.15207796571970028,-0.011927496596008003,-0.14015046912369228,-14.015046912369227
2025-05-27,2025-05-27,interim,dep,delay15_rate,Delay-15-plus rate,pp,100.0,-0.11626787456075663,-0.011927496596008003,-0.10434037796474863,-10.434037796474863
2025-05-28,2025-05-28,interim,dep,delay15_rate,Delay-15-plus rate,pp,100.0,-0.11519541947692603,-0.011927496596008003,-0.10326792288091803,-10.326792288091804
2025-05-29,2025-05-29,interim,dep,delay15_rate,Delay-15-plus rate,pp,100.0,0.16308314279420372,-0.011927496596008003,0.17501063939021172,17.501063939021172
2025-05-30,2025-05-30,interim,dep,delay15_rate,Delay-15-plus rate,pp,100.0,-0.12296610669444488,-0.011927496596008003,-0.11103861009843688,-11.103861009843689
2025-05-31,2025-05-31,interim,dep,delay15_rate,Delay-15-plus rate,pp,100.0,-0.07731978963793437,-0.011927496596008003,-0.06539229304192637,-6.539229304192637
2025-06-01,2025-06-01,interim,dep,delay15_rate,Delay-15-plus rate,pp,100.0,-0.08092653639657549,-0.011927496596008003,-0.06899903980056749,-6.899903980056749
2025-06-02,2025-06-02,interim,dep,delay15_rate,Delay-15-plus rate,pp,100.0,-0.0725459331869457,-0.011927496596008003,-0.0606184365909377,-6.06184365909377
2025-06-03,2025-06-03,interim,dep,delay15_rate,Delay-15-plus rate,pp,100.0,-0.07181551951121032,-0.011927496596008003,-0.059888022915202316,-5.988802291520232
2025-06-04,2025-06-04,interim,dep,delay15_rate,Delay-15-plus rate,pp,100.0,-0.05222285692832514,-0.011927496596008003,-0.040295360332317134,-4.029536033231714
2025-06-05,2025-06-05,interim,dep,delay15_rate,Delay-15-plus rate,pp,100.0,-0.04920514824146968,-0.011927496596008003,-0.03727765164546168,-3.727765164546168
2025-06-06,2025-06-06,interim,dep,delay15_rate,Delay-15-plus rate,pp,100.0,0.01533822163556503,-0.011927496596008003,0.027265718231573033,2.726571823157303
2025-06-07,2025-06-07,interim,dep,delay15_rate,Delay-15-plus rate,pp,100.0,-0.047137276243147896,-0.011927496596008003,-0.035209779647139894,-3.5209779647139894
2025-06-08,2025-06-08,interim,dep,delay15_rate,Delay-15-plus rate,pp,100.0,-0.13640188802829828,-0.011927496596008003,-0.12447439143229028,-12.447439143229028
2025-06-09,2025-06-09,interim,dep,delay15_rate,Delay-15-plus rate,pp,100.0,-0.21268124238769454,-0.011927496596008003,-0.20075374579168653,-20.075374579168653
2025-06-10,2025-06-10,interim,dep,delay15_rate,Delay-15-plus rate,pp,100.0,-0.034284048448656956,-0.011927496596008003,-0.022356551852648954,-2.2356551852648954
2025-06-11,2025-06-11,interim,dep,delay15_rate,Delay-15-plus rate,pp,100.0,-0.1691423407657792,-0.011927496596008003,-0.1572148441697712,-15.72148441697712
2025-06-12,2025-06-12,interim,dep,delay15_rate,Delay-15-plus rate,pp,100.0,-0.14529236778308197,-0.011927496596008003,-0.13336487118707396,-13.336487118707396
2025-06-13,2025-06-13,interim,dep,delay15_rate,Delay-15-plus rate,pp,100.0,-0.11591329067439593,-0.011927496596008003,-0.10398579407838793,-10.398579407838792
2025-06-14,2025-06-14,interim,dep,delay15_rate,Delay-15-plus rate,pp,100.0,-0.08863834156589107,-0.011927496596008003,-0.07671084496988306,-7.671084496988306
2025-06-15,2025-06-15,interim,dep,delay15_rate,Delay-15-plus rate,pp,100.0,-0.18383375954759706,-0.011927496596008003,-0.17190626295158906,-17.190626295158907
2025-03-18,2025-03-18,reference,dep,nas_delay_per_scheduled_op,NAS delay,min/op,1.0,-0.9770030582590266,0.6209778410089383,-1.5979808992679647,-1.5979808992679647
2025-03-19,2025-03-19,reference,dep,nas_delay_per_scheduled_op,NAS delay,min/op,1.0,-1.3150540783072766,0.6209778410089383,-1.936031919316215,-1.936031919316215
2025-03-20,2025-03-20,reference,dep,nas_delay_per_scheduled_op,NAS delay,min/op,1.0,0.6251181092415616,0.6209778410089383,0.0041402682326233675,0.0041402682326233675
2025-03-21,2025-03-21,reference,dep,nas_delay_per_scheduled_op,NAS delay,min/op,1.0,-0.20612088003755824,0.6209778410089383,-0.8270987210464965,-0.8270987210464965
2025-03-22,2025-03-22,reference,dep,nas_delay_per_scheduled_op,NAS delay,min/op,1.0,0.10623565023707904,0.6209778410089383,-0.5147421907718592,-0.5147421907718592
2025-03-23,2025-03-23,reference,dep,nas_delay_per_scheduled_op,NAS delay,min/op,1.0,-0.3681790918303205,0.6209778410089383,-0.9891569328392588,-0.9891569328392588
2025-03-24,2025-03-24,reference,dep,nas_delay_per_scheduled_op,NAS delay,min/op,1.0,1.2547939138448179,0.6209778410089383,0.6338160728358796,0.6338160728358796
2025-03-25,2025-03-25,reference,dep,nas_delay_per_scheduled_op,NAS delay,min/op,1.0,-0.43436530511126037,0.6209778410089383,-1.0553431461201987,-1.0553431461201987
2025-03-26,2025-03-26,reference,dep,nas_delay_per_scheduled_op,NAS delay,min/op,1.0,-0.6723571261248333,0.6209778410089383,-1.2933349671337715,-1.2933349671337715
2025-03-27,2025-03-27,reference,dep,nas_delay_per_scheduled_op,NAS delay,min/op,1.0,-0.13529807070775146,0.6209778410089383,-0.7562759117166897,-0.7562759117166897
2025-03-28,2025-03-28,reference,dep,nas_delay_per_scheduled_op,NAS delay,min/op,1.0,-0.5986952639046699,0.6209778410089383,-1.2196731049136083,-1.2196731049136083
2025-03-29,2025-03-29,reference,dep,nas_delay_per_scheduled_op,NAS delay,min/op,1.0,5.032968575082083,0.6209778410089383,4.411990734073145,4.411990734073145
2025-03-30,2025-03-30,reference,dep,nas_delay_per_scheduled_op,NAS delay,min/op,1.0,4.286249110518135,0.6209778410089383,3.6652712695091965,3.6652712695091965
2025-03-31,2025-03-31,reference,dep,nas_delay_per_scheduled_op,NAS delay,min/op,1.0,5.340577521405006,0.6209778410089383,4.719599680396068,4.719599680396068
2025-04-01,2025-04-01,reference,dep,nas_delay_per_scheduled_op,NAS delay,min/op,1.0,-1.1035051948574384,0.6209778410089383,-1.7244830358663767,-1.7244830358663767
2025-04-02,2025-04-02,reference,dep,nas_delay_per_scheduled_op,NAS delay,min/op,1.0,0.27620709909942853,0.6209778410089383,-0.34477074190950974,-0.34477074190950974
2025-04-03,2025-04-03,reference,dep,nas_delay_per_scheduled_op,NAS delay,min/op,1.0,0.47415632853782785,0.6209778410089383,-0.14682151247111042,-0.14682151247111042
2025-04-04,2025-04-04,reference,dep,nas_delay_per_scheduled_op,NAS delay,min/op,1.0,-0.010138697483459858,0.6209778410089383,-0.6311165384923981,-0.6311165384923981
2025-04-05,2025-04-05,reference,dep,nas_delay_per_scheduled_op,NAS delay,min/op,1.0,2.157909998267346,0.6209778410089383,1.5369321572584078,1.5369321572584078
2025-04-06,2025-04-06,reference,dep,nas_delay_per_scheduled_op,NAS delay,min/op,1.0,0.12439743418260019,0.6209778410089383,-0.4965804068263381,-0.4965804068263381
2025-04-07,2025-04-07,reference,dep,nas_delay_per_scheduled_op,NAS delay,min/op,1.0,2.946814057020253,0.6209778410089383,2.3258362160113144,2.3258362160113144
2025-04-08,2025-04-08,reference,dep,nas_delay_per_scheduled_op,NAS delay,min/op,1.0,2.585972632467844,0.6209778410089383,1.9649947914589054,1.9649947914589054
2025-04-09,2025-04-09,reference,dep,nas_delay_per_scheduled_op,NAS delay,min/op,1.0,1.1336351828077627,0.6209778410089383,0.5126573417988244,0.5126573417988244
2025-04-10,2025-04-10,reference,dep,nas_delay_per_scheduled_op,NAS delay,min/op,1.0,-0.9364393203240857,0.6209778410089383,-1.5574171613330239,-1.5574171613330239
2025-04-11,2025-04-11,reference,dep,nas_delay_per_scheduled_op,NAS delay,min/op,1.0,-0.8547290952187452,0.6209778410089383,-1.4757069362276836,-1.4757069362276836
2025-04-12,2025-04-12,reference,dep,nas_delay_per_scheduled_op,NAS delay,min/op,1.0,-0.2006004335614624,0.6209778410089383,-0.8215782745704007,-0.8215782745704007
2025-04-13,2025-04-13,reference,dep,nas_delay_per_scheduled_op,NAS delay,min/op,1.0,-0.6638400444859424,0.6209778410089383,-1.2848178854948806,-1.2848178854948806
2025-04-14,2025-04-14,reference,dep,nas_delay_per_scheduled_op,NAS delay,min/op,1.0,-0.48133040424764273,0.6209778410089383,-1.102308245256581,-1.102308245256581
2025-04-15,2025-04-15,stress,dep,nas_delay_per_scheduled_op,NAS delay,min/op,1.0,0.95420190413371,0.6209778410089383,0.3332240631247717,0.3332240631247717
2025-04-16,2025-04-16,stress,dep,nas_delay_per_scheduled_op,NAS delay,min/op,1.0,-1.2594310700721745,0.6209778410089383,-1.8804089110811129,-1.8804089110811129
2025-04-17,2025-04-17,stress,dep,nas_delay_per_scheduled_op,NAS delay,min/op,1.0,9.67440309019295,0.6209778410089383,9.053425249184011,9.053425249184011
2025-04-18,2025-04-18,stress,dep,nas_delay_per_scheduled_op,NAS delay,min/op,1.0,2.635828007116829,0.6209778410089383,2.0148501661078906,2.0148501661078906
2025-04-19,2025-04-19,stress,dep,nas_delay_per_scheduled_op,NAS delay,min/op,1.0,-0.5628894603357499,0.6209778410089383,-1.183867301344688,-1.183867301344688
2025-04-20,2025-04-20,stress,dep,nas_delay_per_scheduled_op,NAS delay,min/op,1.0,4.704712120861137,0.6209778410089383,4.083734279852199,4.083734279852199
2025-04-21,2025-04-21,stress,dep,nas_delay_per_scheduled_op,NAS delay,min/op,1.0,7.070998593011204,0.6209778410089383,6.450020752002266,6.450020752002266
2025-04-22,2025-04-22,stress,dep,nas_delay_per_scheduled_op,NAS delay,min/op,1.0,1.0474278826384813,0.6209778410089383,0.42645004162954303,0.42645004162954303
2025-04-23,2025-04-23,stress,dep,nas_delay_per_scheduled_op,NAS delay,min/op,1.0,-0.2564733857409882,0.6209778410089383,-0.8774512267499265,-0.8774512267499265
2025-04-24,2025-04-24,stress,dep,nas_delay_per_scheduled_op,NAS delay,min/op,1.0,8.878424482723801,0.6209778410089383,8.257446641714862,8.257446641714862
2025-04-25,2025-04-25,stress,dep,nas_delay_per_scheduled_op,NAS delay,min/op,1.0,2.003197847991731,0.6209778410089383,1.3822200069827928,1.3822200069827928
2025-04-26,2025-04-26,stress,dep,nas_delay_per_scheduled_op,NAS delay,min/op,1.0,21.521595992739343,0.6209778410089383,20.900618151730406,20.900618151730406
2025-04-27,2025-04-27,stress,dep,nas_delay_per_scheduled_op,NAS delay,min/op,1.0,2.9767720116379133,0.6209778410089383,2.355794170628975,2.355794170628975
2025-04-28,2025-04-28,stress,dep,nas_delay_per_scheduled_op,NAS delay,min/op,1.0,12.765516539441098,0.6209778410089383,12.144538698432159,12.144538698432159
2025-04-29,2025-04-29,stress,dep,nas_delay_per_scheduled_op,NAS delay,min/op,1.0,6.644143151478239,0.6209778410089383,6.0231653104693015,6.0231653104693015
2025-04-30,2025-04-30,stress,dep,nas_delay_per_scheduled_op,NAS delay,min/op,1.0,6.539882675567158,0.6209778410089383,5.91890483455822,5.91890483455822
2025-05-01,2025-05-01,stress,dep,nas_delay_per_scheduled_op,NAS delay,min/op,1.0,10.851989749856905,0.6209778410089383,10.231011908847966,10.231011908847966
2025-05-02,2025-05-02,stress,dep,nas_delay_per_scheduled_op,NAS delay,min/op,1.0,6.765754008066531,0.6209778410089383,6.144776167057593,6.144776167057593
2025-05-03,2025-05-03,stress,dep,nas_delay_per_scheduled_op,NAS delay,min/op,1.0,10.005028962152721,0.6209778410089383,9.384051121143782,9.384051121143782
2025-05-04,2025-05-04,stress,dep,nas_delay_per_scheduled_op,NAS delay,min/op,1.0,10.092522667319468,0.6209778410089383,9.471544826310529,9.471544826310529
2025-05-05,2025-05-05,stress,dep,nas_delay_per_scheduled_op,NAS delay,min/op,1.0,-1.4760529094822559,0.6209778410089383,-2.0970307504911943,-2.0970307504911943
2025-05-06,2025-05-06,stress,dep,nas_delay_per_scheduled_op,NAS delay,min/op,1.0,0.5963959104088623,0.6209778410089383,-0.024581930600075963,-0.024581930600075963
2025-05-07,2025-05-07,stress,dep,nas_delay_per_scheduled_op,NAS delay,min/op,1.0,1.2567565507082885,0.6209778410089383,0.6357787096993502,0.6357787096993502
2025-05-08,2025-05-08,stress,dep,nas_delay_per_scheduled_op,NAS delay,min/op,1.0,2.474087169877701,0.6209778410089383,1.8531093288687628,1.8531093288687628
2025-05-09,2025-05-09,stress,dep,nas_delay_per_scheduled_op,NAS delay,min/op,1.0,16.551286595533593,0.6209778410089383,15.930308754524654,15.930308754524654
2025-05-10,2025-05-10,stress,dep,nas_delay_per_scheduled_op,NAS delay,min/op,1.0,0.09132566331460135,0.6209778410089383,-0.5296521776943369,-0.5296521776943369
2025-05-11,2025-05-11,stress,dep,nas_delay_per_scheduled_op,NAS delay,min/op,1.0,3.388873596882741,0.6209778410089383,2.7678957558738024,2.7678957558738024
2025-05-12,2025-05-12,stress,dep,nas_delay_per_scheduled_op,NAS delay,min/op,1.0,3.3963275212068647,0.6209778410089383,2.7753496801979263,2.7753496801979263
2025-05-13,2025-05-13,stress,dep,nas_delay_per_scheduled_op,NAS delay,min/op,1.0,-0.8966225821265841,0.6209778410089383,-1.5176004231355225,-1.5176004231355225
2025-05-14,2025-05-14,stress,dep,nas_delay_per_scheduled_op,NAS delay,min/op,1.0,7.36157090523437,0.6209778410089383,6.740593064225432,6.740593064225432
2025-05-15,2025-05-15,stress,dep,nas_delay_per_scheduled_op,NAS delay,min/op,1.0,11.04829755277541,0.6209778410089383,10.42731971176647,10.42731971176647
2025-05-16,2025-05-16,stress,dep,nas_delay_per_scheduled_op,NAS delay,min/op,1.0,12.865767754494236,0.6209778410089383,12.244789913485297,12.244789913485297
2025-05-17,2025-05-17,stress,dep,nas_delay_per_scheduled_op,NAS delay,min/op,1.0,-0.8809692496365138,0.6209778410089383,-1.501947090645452,-1.501947090645452
2025-05-18,2025-05-18,stress,dep,nas_delay_per_scheduled_op,NAS delay,min/op,1.0,-1.0230470931227735,0.6209778410089383,-1.644024934131712,-1.644024934131712
2025-05-19,2025-05-19,stress,dep,nas_delay_per_scheduled_op,NAS delay,min/op,1.0,-1.5765317302566488,0.6209778410089383,-2.197509571265587,-2.197509571265587
2025-05-20,2025-05-20,interim,dep,nas_delay_per_scheduled_op,NAS delay,min/op,1.0,1.6678415952230465,0.6209778410089383,1.0468637542141082,1.0468637542141082
2025-05-21,2025-05-21,interim,dep,nas_delay_per_scheduled_op,NAS delay,min/op,1.0,7.643026694082399,0.6209778410089383,7.0220488530734615,7.0220488530734615
2025-05-22,2025-05-22,interim,dep,nas_delay_per_scheduled_op,NAS delay,min/op,1.0,13.473144398675085,0.6209778410089383,12.852166557666147,12.852166557666147
2025-05-23,2025-05-23,interim,dep,nas_delay_per_scheduled_op,NAS delay,min/op,1.0,3.6528612972120884,0.6209778410089383,3.03188345620315,3.03188345620315
2025-05-24,2025-05-24,interim,dep,nas_delay_per_scheduled_op,NAS delay,min/op,1.0,0.36923237177148405,0.6209778410089383,-0.2517454692374542,-0.2517454692374542
2025-05-25,2025-05-25,interim,dep,nas_delay_per_scheduled_op,NAS delay,min/op,1.0,1.5191399849329308,0.6209778410089383,0.8981621439239925,0.8981621439239925
2025-05-26,2025-05-26,interim,dep,nas_delay_per_scheduled_op,NAS delay,min/op,1.0,-3.9194724660757214,0.6209778410089383,-4.54045030708466,-4.54045030708466
2025-05-27,2025-05-27,interim,dep,nas_delay_per_scheduled_op,NAS delay,min/op,1.0,-1.269201095925562,0.6209778410089383,-1.8901789369345003,-1.8901789369345003
2025-05-28,2025-05-28,interim,dep,nas_delay_per_scheduled_op,NAS delay,min/op,1.0,-0.9879503476980016,0.6209778410089383,-1.60892818870694,-1.60892818870694
2025-05-29,2025-05-29,interim,dep,nas_delay_per_scheduled_op,NAS delay,min/op,1.0,5.632266635850769,0.6209778410089383,5.011288794841831,5.011288794841831
2025-05-30,2025-05-30,interim,dep,nas_delay_per_scheduled_op,NAS delay,min/op,1.0,0.2943857145770985,0.6209778410089383,-0.32659212643183977,-0.32659212643183977
2025-05-31,2025-05-31,interim,dep,nas_delay_per_scheduled_op,NAS delay,min/op,1.0,-0.5737928669592882,0.6209778410089383,-1.1947707079682264,-1.1947707079682264
2025-06-01,2025-06-01,interim,dep,nas_delay_per_scheduled_op,NAS delay,min/op,1.0,-1.6054092996819735,0.6209778410089383,-2.2263871406909117,-2.2263871406909117
2025-06-02,2025-06-02,interim,dep,nas_delay_per_scheduled_op,NAS delay,min/op,1.0,-1.1077681627663485,0.6209778410089383,-1.7287460037752869,-1.7287460037752869
2025-06-03,2025-06-03,interim,dep,nas_delay_per_scheduled_op,NAS delay,min/op,1.0,-1.025369661560161,0.6209778410089383,-1.6463475025690992,-1.6463475025690992
2025-06-04,2025-06-04,interim,dep,nas_delay_per_scheduled_op,NAS delay,min/op,1.0,-0.9801151411033406,0.6209778410089383,-1.601092982112279,-1.601092982112279
2025-06-05,2025-06-05,interim,dep,nas_delay_per_scheduled_op,NAS delay,min/op,1.0,-2.0586571643423435,0.6209778410089383,-2.679635005351282,-2.679635005351282
2025-06-06,2025-06-06,interim,dep,nas_delay_per_scheduled_op,NAS delay,min/op,1.0,11.40334577244499,0.6209778410089383,10.78236793143605,10.78236793143605
2025-06-07,2025-06-07,interim,dep,nas_delay_per_scheduled_op,NAS delay,min/op,1.0,2.1019577678970127,0.6209778410089383,1.4809799268880743,1.4809799268880743
2025-06-08,2025-06-08,interim,dep,nas_delay_per_scheduled_op,NAS delay,min/op,1.0,-2.2464494425953148,0.6209778410089383,-2.867427283604253,-2.867427283604253
2025-06-09,2025-06-09,interim,dep,nas_delay_per_scheduled_op,NAS delay,min/op,1.0,-1.8410828608332164,0.6209778410089383,-2.4620607018421548,-2.4620607018421548
2025-06-10,2025-06-10,interim,dep,nas_delay_per_scheduled_op,NAS delay,min/op,1.0,20.062248881784,0.6209778410089383,19.441271040775064,19.441271040775064
2025-06-11,2025-06-11,interim,dep,nas_delay_per_scheduled_op,NAS delay,min/op,1.0,-2.0687872661396063,0.6209778410089383,-2.6897651071485447,-2.6897651071485447
2025-06-12,2025-06-12,interim,dep,nas_delay_per_scheduled_op,NAS delay,min/op,1.0,-2.138600603349333,0.6209778410089383,-2.7595784443582714,-2.7595784443582714
2025-06-13,2025-06-13,interim,dep,nas_delay_per_scheduled_op,NAS delay,min/op,1.0,-1.375051951200105,0.6209778410089383,-1.9960297922090433,-1.9960297922090433
2025-06-14,2025-06-14,interim,dep,nas_delay_per_scheduled_op,NAS delay,min/op,1.0,-2.08949793834699,0.6209778410089383,-2.7104757793559284,-2.7104757793559284
2025-06-15,2025-06-15,interim,dep,nas_delay_per_scheduled_op,NAS delay,min/op,1.0,-1.7187774141367642,0.6209778410089383,-2.3397552551457026,-2.3397552551457026
