side,counterpart,period,scheduled_ops,operated_ops,cancelled_ops,delay15_ops,nas_delay_minutes,days,ops_per_day,cancelled_ops_per_day,delay15_ops_per_day,nas_delay_minutes_per_day,cancel_rate,delay15_rate,nas_delay_per_scheduled_op
arr,ALB,pre_20250101_0414,44,42,2.0,7.0,190.0,104,0.4230769230769231,0.019230769230769232,0.0673076923076923,1.8269230769230769,0.045454545454545456,0.16666666666666666,4.318181818181818
arr,ANC,cap_20250616_1025,78,76,2.0,19.0,64.0,132,0.5909090909090909,0.015151515151515152,0.14393939393939395,0.48484848484848486,0.02564102564102564,0.25,0.8205128205128205
arr,ANC,interim_20250520_0615,25,24,1.0,4.0,10.0,27,0.9259259259259259,0.037037037037037035,0.14814814814814814,0.37037037037037035,0.04,0.16666666666666666,0.4
arr,ATL,cap_20250616_1025,2286,2224,62.0,664.0,31234.0,132,17.318181818181817,0.4696969696969697,5.03030303030303,236.62121212121212,0.02712160979877515,0.29856115107913667,13.663167104111986
arr,ATL,extension_20251026_1231,1140,1092,48.0,401.0,12157.0,67,17.01492537313433,0.7164179104477612,5.985074626865671,181.44776119402985,0.042105263157894736,0.36721611721611724,10.664035087719299
arr,ATL,interim_20250520_0615,406,401,5.0,155.0,5282.0,27,15.037037037037036,0.18518518518518517,5.7407407407407405,195.62962962962962,0.012315270935960592,0.3865336658354115,13.009852216748769
arr,ATL,pre_20250101_0414,1727,1691,36.0,505.0,12845.0,104,16.60576923076923,0.34615384615384615,4.855769230769231,123.50961538461539,0.020845396641574986,0.29863985807214666,7.437753329473074
arr,ATL,stress_20250415_0519,546,527,19.0,348.0,33016.0,35,15.6,0.5428571428571428,9.942857142857143,943.3142857142857,0.0347985347985348,0.6603415559772297,60.46886446886447
arr,ATW,cap_20250616_1025,18,18,0.0,3.0,82.0,132,0.13636363636363635,0.0,0.022727272727272728,0.6212121212121212,0.0,0.16666666666666666,4.555555555555555
arr,ATW,interim_20250520_0615,8,8,0.0,3.0,177.0,27,0.2962962962962963,0.0,0.1111111111111111,6.555555555555555,0.0,0.375,22.125
arr,AUS,cap_20250616_1025,706,700,6.0,204.0,12848.0,132,5.348484848484849,0.045454545454545456,1.5454545454545454,97.33333333333333,0.0084985835694051,0.2914285714285714,18.19830028328612
arr,AUS,extension_20251026_1231,461,447,14.0,155.0,8303.0,67,6.880597014925373,0.208955223880597,2.3134328358208953,123.92537313432835,0.03036876355748373,0.34675615212527966,18.010845986984815
arr,AUS,interim_20250520_0615,107,107,0.0,27.0,1582.0,27,3.962962962962963,0.0,1.0,58.592592592592595,0.0,0.2523364485981308,14.785046728971963
arr,AUS,pre_20250101_0414,508,504,4.0,72.0,2806.0,104,4.884615384615385,0.038461538461538464,0.6923076923076923,26.98076923076923,0.007874015748031496,0.14285714285714285,5.5236220472440944
arr,AUS,stress_20250415_0519,166,161,5.0,83.0,9139.0,35,4.742857142857143,0.14285714285714285,2.3714285714285714,261.1142857142857,0.030120481927710843,0.515527950310559,55.05421686746988
arr,AVL,cap_20250616_1025,53,53,0.0,9.0,222.0,132,0.4015151515151515,0.0,0.06818181818181818,1.6818181818181819,0.0,0.16981132075471697,4.188679245283019
arr,AVL,extension_20251026_1231,43,42,1.0,11.0,1453.0,67,0.6417910447761194,0.014925373134328358,0.16417910447761194,21.686567164179106,0.023255813953488372,0.2619047619047619,33.7906976744186
arr,AVL,interim_20250520_0615,37,37,0.0,8.0,411.0,27,1.3703703703703705,0.0,0.2962962962962963,15.222222222222221,0.0,0.21621621621621623,11.108108108108109
arr,AVL,pre_20250101_0414,114,114,0.0,10.0,370.0,104,1.0961538461538463,0.0,0.09615384615384616,3.5576923076923075,0.0,0.08771929824561403,3.245614035087719
arr,AVL,stress_20250415_0519,13,13,0.0,5.0,581.0,35,0.37142857142857144,0.0,0.14285714285714285,16.6,0.0,0.38461538461538464,44.69230769230769
arr,BGR,cap_20250616_1025,331,311,20.0,108.0,5347.0,132,2.507575757575758,0.15151515151515152,0.8181818181818182,40.50757575757576,0.06042296072507553,0.34726688102893893,16.154078549848943
arr,BGR,interim_20250520_0615,21,21,0.0,8.0,166.0,27,0.7777777777777778,0.0,0.2962962962962963,6.148148148148148,0.0,0.38095238095238093,7.904761904761905
arr,BGR,pre_20250101_0414,76,74,2.0,10.0,212.0,104,0.7307692307692307,0.019230769230769232,0.09615384615384616,2.0384615384615383,0.02631578947368421,0.13513513513513514,2.789473684210526
arr,BGR,stress_20250415_0519,30,30,0.0,5.0,84.0,35,0.8571428571428571,0.0,0.14285714285714285,2.4,0.0,0.16666666666666666,2.8
arr,BHM,cap_20250616_1025,72,68,4.0,33.0,1582.0,132,0.5454545454545454,0.030303030303030304,0.25,11.984848484848484,0.05555555555555555,0.4852941176470588,21.97222222222222
arr,BHM,interim_20250520_0615,12,11,1.0,0.0,0.0,27,0.4444444444444444,0.037037037037037035,0.0,0.0,0.08333333333333333,0.0,0.0
arr,BNA,cap_20250616_1025,745,726,19.0,231.0,13704.0,132,5.643939393939394,0.14393939393939395,1.75,103.81818181818181,0.025503355704697986,0.3181818181818182,18.394630872483223
arr,BNA,extension_20251026_1231,365,345,20.0,125.0,5725.0,67,5.447761194029851,0.29850746268656714,1.8656716417910448,85.44776119402985,0.0547945205479452,0.36231884057971014,15.684931506849315
arr,BNA,interim_20250520_0615,115,115,0.0,42.0,1545.0,27,4.2592592592592595,0.0,1.5555555555555556,57.22222222222222,0.0,0.3652173913043478,13.434782608695652
arr,BNA,pre_20250101_0414,514,501,13.0,75.0,2413.0,104,4.9423076923076925,0.125,0.7211538461538461,23.201923076923077,0.02529182879377432,0.1497005988023952,4.69455252918288
arr,BNA,stress_20250415_0519,185,176,9.0,91.0,9341.0,35,5.285714285714286,0.2571428571428571,2.6,266.8857142857143,0.04864864864864865,0.5170454545454546,50.49189189189189
arr,BOS,cap_20250616_1025,1418,1353,65.0,469.0,20183.0,132,10.742424242424242,0.49242424242424243,3.553030303030303,152.90151515151516,0.045839210155148094,0.3466371027346637,14.23342736248237
arr,BOS,extension_20251026_1231,674,631,43.0,171.0,7499.0,67,10.059701492537313,0.6417910447761194,2.5522388059701493,111.92537313432835,0.06379821958456973,0.27099841521394613,11.126112759643917
arr,BOS,interim_20250520_0615,207,206,1.0,60.0,3263.0,27,7.666666666666667,0.037037037037037035,2.2222222222222223,120.85185185185185,0.004830917874396135,0.2912621359223301,15.76328502415459
arr,BOS,pre_20250101_0414,1101,1080,21.0,187.0,6313.0,104,10.586538461538462,0.20192307692307693,1.7980769230769231,60.70192307692308,0.01907356948228883,0.17314814814814813,5.733878292461399
arr,BOS,stress_20250415_0519,328,299,29.0,132.0,11513.0,35,9.371428571428572,0.8285714285714286,3.7714285714285714,328.9428571428571,0.08841463414634146,0.4414715719063545,35.10060975609756
arr,BQN,cap_20250616_1025,132,128,4.0,26.0,103.0,132,1.0,0.030303030303030304,0.19696969696969696,0.7803030303030303,0.030303030303030304,0.203125,0.7803030303030303
arr,BQN,extension_20251026_1231,67,66,1.0,14.0,99.0,67,1.0,0.014925373134328358,0.208955223880597,1.4776119402985075,0.014925373134328358,0.21212121212121213,1.4776119402985075
arr,BQN,interim_20250520_0615,27,27,0.0,1.0,2.0,27,1.0,0.0,0.037037037037037035,0.07407407407407407,0.0,0.037037037037037035,0.07407407407407407
arr,BQN,pre_20250101_0414,104,103,1.0,21.0,193.0,104,1.0,0.009615384615384616,0.20192307692307693,1.8557692307692308,0.009615384615384616,0.20388349514563106,1.8557692307692308
arr,BQN,stress_20250415_0519,35,35,0.0,9.0,16.0,35,1.0,0.0,0.2571428571428571,0.45714285714285713,0.0,0.2571428571428571,0.45714285714285713
arr,BTV,cap_20250616_1025,363,345,18.0,98.0,5034.0,132,2.75,0.13636363636363635,0.7424242424242424,38.13636363636363,0.049586776859504134,0.28405797101449276,13.867768595041323
arr,BTV,extension_20251026_1231,75,74,1.0,16.0,622.0,67,1.1194029850746268,0.014925373134328358,0.23880597014925373,9.283582089552239,0.013333333333333334,0.21621621621621623,8.293333333333333
arr,BTV,interim_20250520_0615,54,54,0.0,20.0,955.0,27,2.0,0.0,0.7407407407407407,35.370370370370374,0.0,0.37037037037037035,17.685185185185187
arr,BTV,pre_20250101_0414,211,208,3.0,32.0,958.0,104,2.0288461538461537,0.028846153846153848,0.3076923076923077,9.211538461538462,0.014218009478672985,0.15384615384615385,4.540284360189573
arr,BTV,stress_20250415_0519,67,61,6.0,28.0,2834.0,35,1.9142857142857144,0.17142857142857143,0.8,80.97142857142858,0.08955223880597014,0.45901639344262296,42.298507462686565
arr,BUF,cap_20250616_1025,109,106,3.0,16.0,118.0,132,0.8257575757575758,0.022727272727272728,0.12121212121212122,0.8939393939393939,0.027522935779816515,0.1509433962264151,1.0825688073394495
arr,BUF,extension_20251026_1231,127,124,3.0,18.0,233.0,67,1.8955223880597014,0.04477611940298507,0.26865671641791045,3.4776119402985075,0.023622047244094488,0.14516129032258066,1.8346456692913387
arr,BUF,interim_20250520_0615,11,11,0.0,3.0,53.0,27,0.4074074074074074,0.0,0.1111111111111111,1.962962962962963,0.0,0.2727272727272727,4.818181818181818
arr,BUF,pre_20250101_0414,145,142,3.0,7.0,300.0,104,1.3942307692307692,0.028846153846153848,0.0673076923076923,2.8846153846153846,0.020689655172413793,0.04929577464788732,2.0689655172413794
arr,BUF,stress_20250415_0519,35,35,0.0,1.0,59.0,35,1.0,0.0,0.02857142857142857,1.6857142857142857,0.0,0.02857142857142857,1.6857142857142857
arr,BZN,cap_20250616_1025,223,222,1.0,75.0,5293.0,132,1.6893939393939394,0.007575757575757576,0.5681818181818182,40.09848484848485,0.004484304932735426,0.33783783783783783,23.73542600896861
arr,BZN,extension_20251026_1231,16,16,0.0,5.0,22.0,67,0.23880597014925373,0.0,0.07462686567164178,0.3283582089552239,0.0,0.3125,1.375
arr,BZN,interim_20250520_0615,25,25,0.0,4.0,414.0,27,0.9259259259259259,0.0,0.14814814814814814,15.333333333333334,0.0,0.16,16.56
arr,BZN,pre_20250101_0414,101,100,1.0,21.0,611.0,104,0.9711538461538461,0.009615384615384616,0.20192307692307693,5.875,0.009900990099009901,0.21,6.0495049504950495
arr,CAE,cap_20250616_1025,51,46,5.0,22.0,3040.0,132,0.38636363636363635,0.03787878787878788,0.16666666666666666,23.03030303030303,0.09803921568627451,0.4782608695652174,59.6078431372549
arr,CAE,interim_20250520_0615,7,7,0.0,1.0,58.0,27,0.25925925925925924,0.0,0.037037037037037035,2.1481481481481484,0.0,0.14285714285714285,8.285714285714286
arr,CHA,cap_20250616_1025,51,48,3.0,19.0,868.0,132,0.38636363636363635,0.022727272727272728,0.14393939393939395,6.575757575757576,0.058823529411764705,0.3958333333333333,17.019607843137255
arr,CHA,interim_20250520_0615,7,7,0.0,0.0,0.0,27,0.25925925925925924,0.0,0.0,0.0,0.0,0.0,0.0
arr,CHS,cap_20250616_1025,494,474,20.0,107.0,8298.0,132,3.742424242424242,0.15151515151515152,0.8106060606060606,62.86363636363637,0.04048582995951417,0.22573839662447256,16.79757085020243
arr,CHS,extension_20251026_1231,287,276,11.0,85.0,5004.0,67,4.2835820895522385,0.16417910447761194,1.2686567164179106,74.68656716417911,0.03832752613240418,0.3079710144927536,17.43554006968641
arr,CHS,interim_20250520_0615,87,86,1.0,20.0,952.0,27,3.2222222222222223,0.037037037037037035,0.7407407407407407,35.25925925925926,0.011494252873563218,0.23255813953488372,10.942528735632184
arr,CHS,pre_20250101_0414,402,390,12.0,55.0,2135.0,104,3.8653846153846154,0.11538461538461539,0.5288461538461539,20.528846153846153,0.029850746268656716,0.14102564102564102,5.310945273631841
arr,CHS,stress_20250415_0519,164,149,15.0,70.0,7790.0,35,4.685714285714286,0.42857142857142855,2.0,222.57142857142858,0.09146341463414634,0.4697986577181208,47.5
arr,CLE,cap_20250616_1025,734,716,18.0,184.0,12873.0,132,5.5606060606060606,0.13636363636363635,1.393939393939394,97.52272727272727,0.02452316076294278,0.2569832402234637,17.53814713896458
arr,CLE,extension_20251026_1231,424,406,18.0,130.0,6908.0,67,6.3283582089552235,0.26865671641791045,1.9402985074626866,103.1044776119403,0.04245283018867924,0.32019704433497537,16.29245283018868
arr,CLE,interim_20250520_0615,108,108,0.0,22.0,1856.0,27,4.0,0.0,0.8148148148148148,68.74074074074075,0.0,0.2037037037037037,17.185185185185187
arr,CLE,pre_20250101_0414,576,565,11.0,93.0,3640.0,104,5.538461538461538,0.10576923076923077,0.8942307692307693,35.0,0.019097222222222224,0.16460176991150444,6.319444444444445
arr,CLE,stress_20250415_0519,132,118,14.0,56.0,5688.0,35,3.7714285714285714,0.4,1.6,162.5142857142857,0.10606060606060606,0.4745762711864407,43.09090909090909
arr,CLT,cap_20250616_1025,1342,1290,52.0,408.0,18615.0,132,10.166666666666666,0.3939393939393939,3.090909090909091,141.02272727272728,0.038748137108792845,0.31627906976744186,13.871087928464977
arr,CLT,extension_20251026_1231,717,694,23.0,213.0,8263.0,67,10.701492537313433,0.34328358208955223,3.1791044776119404,123.32835820895522,0.03207810320781032,0.3069164265129683,11.524407252440724
arr,CLT,interim_20250520_0615,227,226,1.0,83.0,2943.0,27,8.407407407407407,0.037037037037037035,3.074074074074074,109.0,0.004405286343612335,0.3672566371681416,12.964757709251101
arr,CLT,pre_20250101_0414,1085,1065,20.0,254.0,7020.0,104,10.432692307692308,0.19230769230769232,2.4423076923076925,67.5,0.018433179723502304,0.23849765258215963,6.470046082949309
arr,CLT,stress_20250415_0519,305,296,9.0,176.0,13614.0,35,8.714285714285714,0.2571428571428571,5.0285714285714285,388.9714285714286,0.029508196721311476,0.5945945945945946,44.636065573770495
arr,CMH,cap_20250616_1025,736,709,27.0,157.0,6173.0,132,5.575757575757576,0.20454545454545456,1.1893939393939394,46.765151515151516,0.036684782608695655,0.22143864598025387,8.387228260869565
arr,CMH,extension_20251026_1231,415,389,26.0,113.0,3659.0,67,6.1940298507462686,0.3880597014925373,1.6865671641791045,54.61194029850746,0.06265060240963856,0.29048843187660667,8.816867469879519
arr,CMH,interim_20250520_0615,87,87,0.0,15.0,420.0,27,3.2222222222222223,0.0,0.5555555555555556,15.555555555555555,0.0,0.1724137931034483,4.827586206896552
arr,CMH,pre_20250101_0414,409,404,5.0,55.0,1351.0,104,3.9326923076923075,0.04807692307692308,0.5288461538461539,12.990384615384615,0.012224938875305624,0.13613861386138615,3.3031784841075793
arr,CMH,stress_20250415_0519,105,83,22.0,25.0,2252.0,35,3.0,0.6285714285714286,0.7142857142857143,64.34285714285714,0.20952380952380953,0.30120481927710846,21.447619047619046
arr,CVG,cap_20250616_1025,151,139,12.0,30.0,2115.0,132,1.143939393939394,0.09090909090909091,0.22727272727272727,16.022727272727273,0.07947019867549669,0.2158273381294964,14.006622516556291
arr,CVG,extension_20251026_1231,21,21,0.0,2.0,50.0,67,0.31343283582089554,0.0,0.029850746268656716,0.746268656716418,0.0,0.09523809523809523,2.380952380952381
arr,CVG,interim_20250520_0615,34,34,0.0,2.0,49.0,27,1.2592592592592593,0.0,0.07407407407407407,1.8148148148148149,0.0,0.058823529411764705,1.4411764705882353
arr,CVG,pre_20250101_0414,259,253,6.0,37.0,1011.0,104,2.4903846153846154,0.057692307692307696,0.3557692307692308,9.721153846153847,0.023166023166023165,0.14624505928853754,3.9034749034749034
arr,CVG,stress_20250415_0519,44,42,2.0,9.0,855.0,35,1.2571428571428571,0.05714285714285714,0.2571428571428571,24.428571428571427,0.045454545454545456,0.21428571428571427,19.431818181818183
arr,DCA,cap_20250616_1025,73,72,1.0,11.0,647.0,132,0.553030303030303,0.007575757575757576,0.08333333333333333,4.901515151515151,0.0136986301369863,0.1527777777777778,8.863013698630137
arr,DCA,extension_20251026_1231,67,65,2.0,8.0,255.0,67,1.0,0.029850746268656716,0.11940298507462686,3.8059701492537314,0.029850746268656716,0.12307692307692308,3.8059701492537314
arr,DCA,interim_20250520_0615,54,54,0.0,9.0,459.0,27,2.0,0.0,0.3333333333333333,17.0,0.0,0.16666666666666666,8.5
arr,DCA,pre_20250101_0414,129,121,8.0,9.0,203.0,104,1.2403846153846154,0.07692307692307693,0.08653846153846154,1.9519230769230769,0.06201550387596899,0.0743801652892562,1.573643410852713
arr,DCA,stress_20250415_0519,34,31,3.0,6.0,659.0,35,0.9714285714285714,0.08571428571428572,0.17142857142857143,18.82857142857143,0.08823529411764706,0.1935483870967742,19.38235294117647
arr,DEN,cap_20250616_1025,1287,1265,22.0,417.0,16794.0,132,9.75,0.16666666666666666,3.159090909090909,127.22727272727273,0.017094017094017096,0.32964426877470354,13.048951048951048
arr,DEN,extension_20251026_1231,601,597,4.0,133.0,7669.0,67,8.970149253731343,0.05970149253731343,1.9850746268656716,114.46268656716418,0.0066555740432612314,0.22278056951423786,12.760399334442596
arr,DEN,interim_20250520_0615,189,189,0.0,47.0,714.0,27,7.0,0.0,1.7407407407407407,26.444444444444443,0.0,0.24867724867724866,3.7777777777777777
arr,DEN,pre_20250101_0414,861,859,2.0,178.0,4412.0,104,8.278846153846153,0.019230769230769232,1.7115384615384615,42.42307692307692,0.0023228803716608595,0.20721769499417927,5.124274099883856
arr,DEN,stress_20250415_0519,278,271,7.0,133.0,9403.0,35,7.942857142857143,0.2,3.8,268.65714285714284,0.025179856115107913,0.4907749077490775,33.82374100719424
arr,DFW,cap_20250616_1025,1252,1217,35.0,415.0,19957.0,132,9.484848484848484,0.26515151515151514,3.143939393939394,151.18939393939394,0.027955271565495207,0.3410024650780608,15.940095846645367
arr,DFW,extension_20251026_1231,672,656,16.0,208.0,8021.0,67,10.029850746268657,0.23880597014925373,3.1044776119402986,119.71641791044776,0.023809523809523808,0.3170731707317073,11.936011904761905
arr,DFW,interim_20250520_0615,216,216,0.0,70.0,1507.0,27,8.0,0.0,2.5925925925925926,55.81481481481482,0.0,0.32407407407407407,6.976851851851852
arr,DFW,pre_20250101_0414,1006,980,26.0,212.0,4540.0,104,9.673076923076923,0.25,2.0384615384615383,43.65384615384615,0.02584493041749503,0.2163265306122449,4.512922465208748
arr,DFW,stress_20250415_0519,299,280,19.0,141.0,10526.0,35,8.542857142857143,0.5428571428571428,4.0285714285714285,300.74285714285713,0.06354515050167224,0.5035714285714286,35.20401337792642
arr,DSM,cap_20250616_1025,39,38,1.0,3.0,80.0,132,0.29545454545454547,0.007575757575757576,0.022727272727272728,0.6060606060606061,0.02564102564102564,0.07894736842105263,2.051282051282051
arr,DSM,extension_20251026_1231,22,21,1.0,2.0,29.0,67,0.3283582089552239,0.014925373134328358,0.029850746268656716,0.43283582089552236,0.045454545454545456,0.09523809523809523,1.3181818181818181
arr,DSM,interim_20250520_0615,7,7,0.0,1.0,24.0,27,0.25925925925925924,0.0,0.037037037037037035,0.8888888888888888,0.0,0.14285714285714285,3.4285714285714284
arr,DSM,pre_20250101_0414,2,2,0.0,2.0,41.0,104,0.019230769230769232,0.0,0.019230769230769232,0.3942307692307692,0.0,1.0,20.5
arr,DTW,cap_20250616_1025,1495,1431,64.0,407.0,23734.0,132,11.325757575757576,0.48484848484848486,3.0833333333333335,179.8030303030303,0.04280936454849498,0.28441649196366176,15.875585284280936
arr,DTW,extension_20251026_1231,694,645,49.0,188.0,8675.0,67,10.35820895522388,0.7313432835820896,2.8059701492537314,129.47761194029852,0.07060518731988473,0.29147286821705426,12.5
arr,DTW,interim_20250520_0615,181,179,2.0,47.0,2829.0,27,6.703703703703703,0.07407407407407407,1.7407407407407407,104.77777777777777,0.011049723756906077,0.26256983240223464,15.629834254143647
arr,DTW,pre_20250101_0414,734,731,3.0,157.0,4237.0,104,7.0576923076923075,0.028846153846153848,1.5096153846153846,40.74038461538461,0.004087193460490463,0.21477428180574556,5.772479564032698
arr,DTW,stress_20250415_0519,215,204,11.0,102.0,11181.0,35,6.142857142857143,0.3142857142857143,2.914285714285714,319.45714285714286,0.05116279069767442,0.5,52.0046511627907
arr,EGE,extension_20251026_1231,14,14,0.0,4.0,16.0,67,0.208955223880597,0.0,0.05970149253731343,0.23880597014925373,0.0,0.2857142857142857,1.1428571428571428
arr,EGE,pre_20250101_0414,88,87,1.0,28.0,314.0,104,0.8461538461538461,0.009615384615384616,0.2692307692307692,3.019230769230769,0.011363636363636364,0.3218390804597701,3.5681818181818183
arr,EYW,cap_20250616_1025,132,131,1.0,39.0,2426.0,132,1.0,0.007575757575757576,0.29545454545454547,18.37878787878788,0.007575757575757576,0.29770992366412213,18.37878787878788
arr,EYW,extension_20251026_1231,80,78,2.0,26.0,401.0,67,1.1940298507462686,0.029850746268656716,0.3880597014925373,5.985074626865671,0.025,0.3333333333333333,5.0125
arr,EYW,interim_20250520_0615,27,27,0.0,9.0,95.0,27,1.0,0.0,0.3333333333333333,3.5185185185185186,0.0,0.3333333333333333,3.5185185185185186
arr,EYW,pre_20250101_0414,104,103,1.0,25.0,227.0,104,1.0,0.009615384615384616,0.2403846153846154,2.1826923076923075,0.009615384615384616,0.24271844660194175,2.1826923076923075
arr,EYW,stress_20250415_0519,35,34,1.0,17.0,580.0,35,1.0,0.02857142857142857,0.4857142857142857,16.571428571428573,0.02857142857142857,0.5,16.571428571428573
arr,FLL,cap_20250616_1025,1428,1399,29.0,444.0,26753.0,132,10.818181818181818,0.2196969696969697,3.3636363636363638,202.67424242424244,0.02030812324929972,0.3173695496783417,18.734593837535012
arr,FLL,extension_20251026_1231,999,957,42.0,340.0,13584.0,67,14.91044776119403,0.6268656716417911,5.074626865671642,202.7462686567164,0.042042042042042045,0.3552769070010449,13.597597597597598
arr,FLL,interim_20250520_0615,226,226,0.0,53.0,2554.0,27,8.37037037037037,0.0,1.962962962962963,94.5925925925926,0.0,0.2345132743362832,11.300884955752212
arr,FLL,pre_20250101_0414,1727,1706,21.0,349.0,8989.0,104,16.60576923076923,0.20192307692307693,3.355769230769231,86.4326923076923,0.012159814707585408,0.20457209847596716,5.204979733642154
arr,FLL,stress_20250415_0519,446,433,13.0,208.0,19477.0,35,12.742857142857142,0.37142857142857144,5.942857142857143,556.4857142857143,0.02914798206278027,0.48036951501154734,43.67040358744394
arr,FNT,cap_20250616_1025,22,22,0.0,1.0,37.0,132,0.16666666666666666,0.0,0.007575757575757576,0.2803030303030303,0.0,0.045454545454545456,1.6818181818181819
arr,GRR,cap_20250616_1025,334,323,11.0,73.0,3850.0,132,2.5303030303030303,0.08333333333333333,0.553030303030303,29.166666666666668,0.03293413173652695,0.2260061919504644,11.52694610778443
arr,GRR,extension_20251026_1231,133,128,5.0,38.0,1136.0,67,1.9850746268656716,0.07462686567164178,0.5671641791044776,16.955223880597014,0.03759398496240601,0.296875,8.541353383458647
arr,GRR,interim_20250520_0615,57,57,0.0,6.0,197.0,27,2.111111111111111,0.0,0.2222222222222222,7.296296296296297,0.0,0.10526315789473684,3.456140350877193
arr,GRR,pre_20250101_0414,207,202,5.0,23.0,570.0,104,1.9903846153846154,0.04807692307692308,0.22115384615384615,5.480769230769231,0.024154589371980676,0.11386138613861387,2.753623188405797
arr,GRR,stress_20250415_0519,44,34,10.0,10.0,761.0,35,1.2571428571428571,0.2857142857142857,0.2857142857142857,21.742857142857144,0.22727272727272727,0.29411764705882354,17.295454545454547
arr,GSO,cap_20250616_1025,18,18,0.0,9.0,509.0,132,0.13636363636363635,0.0,0.06818181818181818,3.856060606060606,0.0,0.5,28.27777777777778
arr,GSO,stress_20250415_0519,2,2,0.0,0.0,0.0,35,0.05714285714285714,0.0,0.0,0.0,0.0,0.0,0.0
arr,GSP,cap_20250616_1025,358,342,16.0,68.0,4345.0,132,2.712121212121212,0.12121212121212122,0.5151515151515151,32.916666666666664,0.0446927374301676,0.19883040935672514,12.136871508379889
arr,GSP,extension_20251026_1231,60,58,2.0,7.0,154.0,67,0.8955223880597015,0.029850746268656716,0.1044776119402985,2.298507462686567,0.03333333333333333,0.1206896551724138,2.566666666666667
arr,GSP,interim_20250520_0615,54,54,0.0,3.0,28.0,27,2.0,0.0,0.1111111111111111,1.037037037037037,0.0,0.05555555555555555,0.5185185185185185
arr,GSP,pre_20250101_0414,43,43,0.0,2.0,45.0,104,0.41346153846153844,0.0,0.019230769230769232,0.4326923076923077,0.0,0.046511627906976744,1.0465116279069768
arr,GSP,stress_20250415_0519,60,58,2.0,18.0,1291.0,35,1.7142857142857142,0.05714285714285714,0.5142857142857142,36.885714285714286,0.03333333333333333,0.3103448275862069,21.516666666666666
arr,HDN,extension_20251026_1231,14,14,0.0,2.0,18.0,67,0.208955223880597,0.0,0.029850746268656716,0.26865671641791045,0.0,0.14285714285714285,1.2857142857142858
arr,HDN,pre_20250101_0414,70,70,0.0,20.0,280.0,104,0.6730769230769231,0.0,0.19230769230769232,2.6923076923076925,0.0,0.2857142857142857,4.0
arr,HHH,cap_20250616_1025,132,131,1.0,38.0,1288.0,132,1.0,0.007575757575757576,0.2878787878787879,9.757575757575758,0.007575757575757576,0.2900763358778626,9.757575757575758
arr,HHH,interim_20250520_0615,27,27,0.0,7.0,683.0,27,1.0,0.0,0.25925925925925924,25.296296296296298,0.0,0.25925925925925924,25.296296296296298
arr,HHH,pre_20250101_0414,20,20,0.0,2.0,355.0,104,0.19230769230769232,0.0,0.019230769230769232,3.4134615384615383,0.0,0.1,17.75
arr,HHH,stress_20250415_0519,35,26,9.0,18.0,2228.0,35,1.0,0.2571428571428571,0.5142857142857142,63.65714285714286,0.2571428571428571,0.6923076923076923,63.65714285714286
arr,HNL,extension_20251026_1231,33,31,2.0,8.0,69.0,67,0.4925373134328358,0.029850746268656716,0.11940298507462686,1.0298507462686568,0.06060606060606061,0.25806451612903225,2.090909090909091
arr,HNL,pre_20250101_0414,90,90,0.0,26.0,180.0,104,0.8653846153846154,0.0,0.25,1.7307692307692308,0.0,0.28888888888888886,2.0
arr,HNL,stress_20250415_0519,5,5,0.0,0.0,0.0,35,0.14285714285714285,0.0,0.0,0.0,0.0,0.0,0.0
arr,IAD,cap_20250616_1025,529,519,10.0,196.0,6968.0,132,4.007575757575758,0.07575757575757576,1.4848484848484849,52.78787878787879,0.01890359168241966,0.37764932562620424,13.172022684310019
arr,IAD,extension_20251026_1231,266,264,2.0,78.0,4308.0,67,3.970149253731343,0.029850746268656716,1.164179104477612,64.29850746268657,0.007518796992481203,0.29545454545454547,16.195488721804512
arr,IAD,interim_20250520_0615,122,122,0.0,52.0,2026.0,27,4.518518518518518,0.0,1.9259259259259258,75.03703703703704,0.0,0.4262295081967213,16.60655737704918
arr,IAD,pre_20250101_0414,421,418,3.0,103.0,3782.0,104,4.048076923076923,0.028846153846153848,0.9903846153846154,36.36538461538461,0.007125890736342043,0.24641148325358853,8.983372921615201
arr,IAD,stress_20250415_0519,161,149,12.0,98.0,9162.0,35,4.6,0.34285714285714286,2.8,261.77142857142854,0.07453416149068323,0.6577181208053692,56.90683229813665
arr,IAH,cap_20250616_1025,1424,1405,19.0,413.0,16961.0,132,10.787878787878787,0.14393939393939395,3.128787878787879,128.49242424242425,0.013342696629213483,0.2939501779359431,11.910814606741573
arr,IAH,extension_20251026_1231,725,720,5.0,217.0,10249.0,67,10.82089552238806,0.07462686567164178,3.2388059701492535,152.97014925373134,0.006896551724137931,0.3013888888888889,14.13655172413793
arr,IAH,interim_20250520_0615,206,206,0.0,65.0,1537.0,27,7.62962962962963,0.0,2.4074074074074074,56.925925925925924,0.0,0.3155339805825243,7.461165048543689
arr,IAH,pre_20250101_0414,1066,1046,20.0,180.0,4684.0,104,10.25,0.19230769230769232,1.7307692307692308,45.03846153846154,0.01876172607879925,0.17208413001912046,4.393996247654784
arr,IAH,stress_20250415_0519,310,305,5.0,137.0,14403.0,35,8.857142857142858,0.14285714285714285,3.914285714285714,411.51428571428573,0.016129032258064516,0.4491803278688525,46.461290322580645
arr,ILM,extension_20251026_1231,126,120,6.0,25.0,894.0,67,1.8805970149253732,0.08955223880597014,0.373134328358209,13.343283582089553,0.047619047619047616,0.20833333333333334,7.095238095238095
arr,ILM,interim_20250520_0615,21,21,0.0,8.0,828.0,27,0.7777777777777778,0.0,0.2962962962962963,30.666666666666668,0.0,0.38095238095238093,39.42857142857143
arr,ILM,pre_20250101_0414,43,41,2.0,2.0,40.0,104,0.41346153846153844,0.019230769230769232,0.019230769230769232,0.38461538461538464,0.046511627906976744,0.04878048780487805,0.9302325581395349
arr,ILM,stress_20250415_0519,35,23,12.0,15.0,2322.0,35,1.0,0.34285714285714286,0.42857142857142855,66.34285714285714,0.34285714285714286,0.6521739130434783,66.34285714285714
arr,IND,cap_20250616_1025,799,765,34.0,144.0,9628.0,132,6.053030303030303,0.25757575757575757,1.0909090909090908,72.93939393939394,0.0425531914893617,0.18823529411764706,12.050062578222779
arr,IND,extension_20251026_1231,454,432,22.0,91.0,4870.0,67,6.776119402985074,0.3283582089552239,1.3582089552238805,72.68656716417911,0.048458149779735685,0.21064814814814814,10.726872246696034
arr,IND,interim_20250520_0615,106,106,0.0,18.0,778.0,27,3.925925925925926,0.0,0.6666666666666666,28.814814814814813,0.0,0.16981132075471697,7.339622641509434
arr,IND,pre_20250101_0414,595,578,17.0,91.0,3583.0,104,5.721153846153846,0.16346153846153846,0.875,34.45192307692308,0.02857142857142857,0.157439446366782,6.021848739495798
arr,IND,stress_20250415_0519,156,133,23.0,57.0,6273.0,35,4.457142857142857,0.6571428571428571,1.6285714285714286,179.22857142857143,0.14743589743589744,0.42857142857142855,40.21153846153846
arr,ITH,pre_20250101_0414,4,4,0.0,0.0,0.0,104,0.038461538461538464,0.0,0.0,0.0,0.0,0.0,0.0
arr,JAC,cap_20250616_1025,94,85,9.0,19.0,631.0,132,0.7121212121212122,0.06818181818181818,0.14393939393939395,4.78030303030303,0.09574468085106383,0.2235294117647059,6.712765957446808
arr,JAC,extension_20251026_1231,27,26,1.0,13.0,220.0,67,0.40298507462686567,0.014925373134328358,0.19402985074626866,3.283582089552239,0.037037037037037035,0.5,8.148148148148149
arr,JAC,interim_20250520_0615,24,24,0.0,6.0,374.0,27,0.8888888888888888,0.0,0.2222222222222222,13.851851851851851,0.0,0.25,15.583333333333334
arr,JAC,pre_20250101_0414,153,147,6.0,50.0,1723.0,104,1.4711538461538463,0.057692307692307696,0.4807692307692308,16.567307692307693,0.0392156862745098,0.3401360544217687,11.261437908496733
arr,JAX,cap_20250616_1025,447,433,14.0,116.0,9615.0,132,3.3863636363636362,0.10606060606060606,0.8787878787878788,72.8409090909091,0.03131991051454139,0.2678983833718245,21.51006711409396
arr,JAX,extension_20251026_1231,263,259,4.0,75.0,4212.0,67,3.925373134328358,0.05970149253731343,1.1194029850746268,62.865671641791046,0.015209125475285171,0.28957528957528955,16.015209125475284
arr,JAX,interim_20250520_0615,56,56,0.0,15.0,950.0,27,2.074074074074074,0.0,0.5555555555555556,35.18518518518518,0.0,0.26785714285714285,16.964285714285715
arr,JAX,pre_20250101_0414,416,405,11.0,70.0,3316.0,104,4.0,0.10576923076923077,0.6730769230769231,31.884615384615383,0.026442307692307692,0.1728395061728395,7.971153846153846
arr,JAX,stress_20250415_0519,131,121,10.0,67.0,6656.0,35,3.742857142857143,0.2857142857142857,1.9142857142857144,190.17142857142858,0.07633587786259542,0.5537190082644629,50.80916030534351
arr,LAS,cap_20250616_1025,1079,1069,10.0,263.0,12864.0,132,8.174242424242424,0.07575757575757576,1.9924242424242424,97.45454545454545,0.009267840593141797,0.2460243217960711,11.922150139017608
arr,LAS,extension_20251026_1231,494,487,7.0,96.0,5735.0,67,7.373134328358209,0.1044776119402985,1.4328358208955223,85.59701492537313,0.01417004048582996,0.1971252566735113,11.609311740890687
arr,LAS,interim_20250520_0615,187,187,0.0,35.0,1088.0,27,6.925925925925926,0.0,1.2962962962962963,40.2962962962963,0.0,0.18716577540106952,5.818181818181818
arr,LAS,pre_20250101_0414,957,948,9.0,146.0,2719.0,104,9.201923076923077,0.08653846153846154,1.4038461538461537,26.14423076923077,0.009404388714733543,0.1540084388185654,2.8411703239289445
arr,LAS,stress_20250415_0519,287,280,7.0,113.0,8158.0,35,8.2,0.2,3.2285714285714286,233.0857142857143,0.024390243902439025,0.4035714285714286,28.425087108013937
arr,LAX,cap_20250616_1025,2056,2014,42.0,413.0,17362.0,132,15.575757575757576,0.3181818181818182,3.128787878787879,131.53030303030303,0.020428015564202335,0.20506454816286,8.444552529182879
arr,LAX,extension_20251026_1231,1036,1020,16.0,259.0,8742.0,67,15.462686567164178,0.23880597014925373,3.8656716417910446,130.47761194029852,0.015444015444015444,0.25392156862745097,8.438223938223938
arr,LAX,interim_20250520_0615,399,397,2.0,66.0,2555.0,27,14.777777777777779,0.07407407407407407,2.4444444444444446,94.62962962962963,0.005012531328320802,0.16624685138539042,6.4035087719298245
arr,LAX,pre_20250101_0414,1226,1218,8.0,163.0,2468.0,104,11.788461538461538,0.07692307692307693,1.5673076923076923,23.73076923076923,0.0065252854812398045,0.13382594417077176,2.0130505709624797
arr,LAX,stress_20250415_0519,512,499,13.0,196.0,19041.0,35,14.628571428571428,0.37142857142857144,5.6,544.0285714285715,0.025390625,0.3927855711422846,37.189453125
arr,MCI,cap_20250616_1025,243,234,9.0,46.0,2897.0,132,1.8409090909090908,0.06818181818181818,0.3484848484848485,21.946969696969695,0.037037037037037035,0.19658119658119658,11.921810699588477
arr,MCI,extension_20251026_1231,98,93,5.0,25.0,882.0,67,1.462686567164179,0.07462686567164178,0.373134328358209,13.164179104477611,0.05102040816326531,0.26881720430107525,9.0
arr,MCI,interim_20250520_0615,28,28,0.0,2.0,29.0,27,1.037037037037037,0.0,0.07407407407407407,1.0740740740740742,0.0,0.07142857142857142,1.0357142857142858
arr,MCI,stress_20250415_0519,18,18,0.0,4.0,143.0,35,0.5142857142857142,0.0,0.11428571428571428,4.085714285714285,0.0,0.2222222222222222,7.944444444444445
arr,MCO,cap_20250616_1025,2147,2110,37.0,648.0,37444.0,132,16.265151515151516,0.2803030303030303,4.909090909090909,283.6666666666667,0.017233348858872847,0.3071090047393365,17.44014904517932
arr,MCO,extension_20251026_1231,1337,1280,57.0,411.0,19258.0,67,19.955223880597014,0.8507462686567164,6.134328358208955,287.43283582089555,0.04263275991024682,0.32109375,14.403889304412864
arr,MCO,interim_20250520_0615,381,379,2.0,122.0,5003.0,27,14.11111111111111,0.07407407407407407,4.518518518518518,185.2962962962963,0.005249343832020997,0.32189973614775724,13.131233595800525
arr,MCO,pre_20250101_0414,2098,2079,19.0,423.0,11443.0,104,20.173076923076923,0.18269230769230768,4.0673076923076925,110.02884615384616,0.00905624404194471,0.20346320346320346,5.454242135367016
arr,MCO,stress_20250415_0519,619,601,18.0,319.0,29989.0,35,17.685714285714287,0.5142857142857142,9.114285714285714,856.8285714285714,0.029079159935379646,0.5307820299500832,48.44749596122779
arr,MDW,cap_20250616_1025,8,8,0.0,6.0,524.0,132,0.06060606060606061,0.0,0.045454545454545456,3.9696969696969697,0.0,0.75,65.5
arr,MDW,extension_20251026_1231,28,25,3.0,13.0,1044.0,67,0.417910447761194,0.04477611940298507,0.19402985074626866,15.582089552238806,0.10714285714285714,0.52,37.285714285714285
arr,MEM,cap_20250616_1025,244,230,14.0,57.0,3763.0,132,1.8484848484848484,0.10606060606060606,0.4318181818181818,28.507575757575758,0.05737704918032787,0.24782608695652175,15.422131147540984
arr,MEM,extension_20251026_1231,98,92,6.0,23.0,1019.0,67,1.462686567164179,0.08955223880597014,0.34328358208955223,15.208955223880597,0.061224489795918366,0.25,10.39795918367347
arr,MEM,interim_20250520_0615,27,27,0.0,2.0,54.0,27,1.0,0.0,0.07407407407407407,2.0,0.0,0.07407407407407407,2.0
arr,MEM,stress_20250415_0519,14,14,0.0,5.0,424.0,35,0.4,0.0,0.14285714285714285,12.114285714285714,0.0,0.35714285714285715,30.285714285714285
arr,MIA,cap_20250616_1025,1277,1252,25.0,373.0,16230.0,132,9.674242424242424,0.1893939393939394,2.8257575757575757,122.95454545454545,0.01957713390759593,0.2979233226837061,12.709475332811277
arr,MIA,extension_20251026_1231,790,762,28.0,237.0,10012.0,67,11.791044776119403,0.417910447761194,3.537313432835821,149.43283582089552,0.035443037974683546,0.3110236220472441,12.673417721518987
arr,MIA,interim_20250520_0615,198,197,1.0,68.0,1653.0,27,7.333333333333333,0.037037037037037035,2.5185185185185186,61.22222222222222,0.005050505050505051,0.34517766497461927,8.348484848484848
arr,MIA,pre_20250101_0414,1429,1414,15.0,362.0,7553.0,104,13.740384615384615,0.14423076923076922,3.480769230769231,72.625,0.010496850944716585,0.256011315417256,5.285514345696291
arr,MIA,stress_20250415_0519,370,360,10.0,175.0,12213.0,35,10.571428571428571,0.2857142857142857,5.0,348.9428571428571,0.02702702702702703,0.4861111111111111,33.00810810810811
arr,MKE,cap_20250616_1025,360,344,16.0,96.0,3877.0,132,2.727272727272727,0.12121212121212122,0.7272727272727273,29.37121212121212,0.044444444444444446,0.27906976744186046,10.769444444444444
arr,MKE,extension_20251026_1231,128,117,11.0,37.0,1403.0,67,1.9104477611940298,0.16417910447761194,0.5522388059701493,20.940298507462686,0.0859375,0.3162393162393162,10.9609375
arr,MKE,interim_20250520_0615,50,50,0.0,9.0,306.0,27,1.8518518518518519,0.0,0.3333333333333333,11.333333333333334,0.0,0.18,6.12
arr,MKE,pre_20250101_0414,198,190,8.0,26.0,507.0,104,1.9038461538461537,0.07692307692307693,0.25,4.875,0.04040404040404041,0.1368421052631579,2.5606060606060606
arr,MKE,stress_20250415_0519,56,45,11.0,19.0,1481.0,35,1.6,0.3142857142857143,0.5428571428571428,42.31428571428572,0.19642857142857142,0.4222222222222222,26.446428571428573
arr,MSN,cap_20250616_1025,132,129,3.0,18.0,269.0,132,1.0,0.022727272727272728,0.13636363636363635,2.037878787878788,0.022727272727272728,0.13953488372093023,2.037878787878788
arr,MSN,extension_20251026_1231,67,67,0.0,10.0,495.0,67,1.0,0.0,0.14925373134328357,7.388059701492537,0.0,0.14925373134328357,7.388059701492537
arr,MSN,interim_20250520_0615,27,27,0.0,5.0,88.0,27,1.0,0.0,0.18518518518518517,3.259259259259259,0.0,0.18518518518518517,3.259259259259259
arr,MSN,pre_20250101_0414,103,102,1.0,14.0,216.0,104,0.9903846153846154,0.009615384615384616,0.1346153846153846,2.076923076923077,0.009708737864077669,0.13725490196078433,2.0970873786407767
arr,MSN,stress_20250415_0519,32,29,3.0,7.0,367.0,35,0.9142857142857143,0.08571428571428572,0.2,10.485714285714286,0.09375,0.2413793103448276,11.46875
arr,MSP,cap_20250616_1025,851,830,21.0,228.0,11972.0,132,6.446969696969697,0.1590909090909091,1.7272727272727273,90.6969696969697,0.024676850763807285,0.2746987951807229,14.068155111633372
arr,MSP,extension_20251026_1231,371,342,29.0,131.0,5823.0,67,5.537313432835821,0.43283582089552236,1.955223880597015,86.91044776119404,0.07816711590296496,0.3830409356725146,15.695417789757412
arr,MSP,interim_20250520_0615,135,135,0.0,37.0,1816.0,27,5.0,0.0,1.3703703703703705,67.25925925925925,0.0,0.2740740740740741,13.451851851851853
arr,MSP,pre_20250101_0414,595,588,7.0,101.0,2536.0,104,5.721153846153846,0.0673076923076923,0.9711538461538461,24.384615384615383,0.011764705882352941,0.1717687074829932,4.26218487394958
arr,MSP,stress_20250415_0519,172,165,7.0,95.0,9896.0,35,4.914285714285715,0.2,2.7142857142857144,282.74285714285713,0.040697674418604654,0.5757575757575758,57.53488372093023
arr,MSY,cap_20250616_1025,341,337,4.0,89.0,4616.0,132,2.5833333333333335,0.030303030303030304,0.6742424242424242,34.96969696969697,0.011730205278592375,0.26409495548961426,13.536656891495602
arr,MSY,extension_20251026_1231,262,254,8.0,59.0,2827.0,67,3.91044776119403,0.11940298507462686,0.8805970149253731,42.19402985074627,0.030534351145038167,0.23228346456692914,10.790076335877863
arr,MSY,interim_20250520_0615,69,69,0.0,18.0,706.0,27,2.5555555555555554,0.0,0.6666666666666666,26.14814814814815,0.0,0.2608695652173913,10.231884057971014
arr,MSY,pre_20250101_0414,449,437,12.0,88.0,3162.0,104,4.3173076923076925,0.11538461538461539,0.8461538461538461,30.403846153846153,0.026726057906458798,0.20137299771167047,7.042316258351893
arr,MSY,stress_20250415_0519,128,121,7.0,65.0,5403.0,35,3.657142857142857,0.2,1.8571428571428572,154.37142857142857,0.0546875,0.5371900826446281,42.2109375
arr,MTJ,extension_20251026_1231,13,12,1.0,7.0,200.0,67,0.19402985074626866,0.014925373134328358,0.1044776119402985,2.985074626865672,0.07692307692307693,0.5833333333333334,15.384615384615385
arr,MTJ,pre_20250101_0414,71,71,0.0,24.0,254.0,104,0.6826923076923077,0.0,0.23076923076923078,2.4423076923076925,0.0,0.3380281690140845,3.5774647887323945
arr,MYR,cap_20250616_1025,449,428,21.0,104.0,5337.0,132,3.4015151515151514,0.1590909090909091,0.7878787878787878,40.43181818181818,0.0467706013363029,0.24299065420560748,11.88641425389755
arr,MYR,extension_20251026_1231,144,128,16.0,37.0,1993.0,67,2.1492537313432836,0.23880597014925373,0.5522388059701493,29.746268656716417,0.1111111111111111,0.2890625,13.840277777777779
arr,MYR,interim_20250520_0615,66,65,1.0,17.0,795.0,27,2.4444444444444446,0.037037037037037035,0.6296296296296297,29.444444444444443,0.015151515151515152,0.26153846153846155,12.045454545454545
arr,MYR,pre_20250101_0414,249,240,9.0,33.0,1012.0,104,2.394230769230769,0.08653846153846154,0.3173076923076923,9.73076923076923,0.03614457831325301,0.1375,4.06425702811245
arr,MYR,stress_20250415_0519,124,102,22.0,45.0,6410.0,35,3.5428571428571427,0.6285714285714286,1.2857142857142858,183.14285714285714,0.1774193548387097,0.4411764705882353,51.693548387096776
arr,OGG,extension_20251026_1231,2,2,0.0,0.0,0.0,67,0.029850746268656716,0.0,0.0,0.0,0.0,0.0,0.0
arr,OGG,pre_20250101_0414,1,1,0.0,0.0,0.0,104,0.009615384615384616,0.0,0.0,0.0,0.0,0.0,0.0
arr,OMA,stress_20250415_0519,4,4,0.0,3.0,214.0,35,0.11428571428571428,0.0,0.08571428571428572,6.114285714285714,0.0,0.75,53.5
arr,ORD,cap_20250616_1025,2111,2059,52.0,760.0,30395.0,132,15.992424242424242,0.3939393939393939,5.757575757575758,230.2651515151515,0.0246328754144955,0.36911121903836813,14.398389388915206
arr,ORD,extension_20251026_1231,1135,1094,41.0,395.0,16251.0,67,16.940298507462686,0.6119402985074627,5.895522388059701,242.55223880597015,0.03612334801762115,0.3610603290676417,14.31806167400881
arr,ORD,interim_20250520_0615,421,419,2.0,121.0,5404.0,27,15.592592592592593,0.07407407407407407,4.481481481481482,200.14814814814815,0.004750593824228029,0.28878281622911695,12.836104513064132
arr,ORD,pre_20250101_0414,1735,1723,12.0,400.0,11271.0,104,16.682692307692307,0.11538461538461539,3.8461538461538463,108.375,0.0069164265129683,0.2321532211259431,6.496253602305475
arr,ORD,stress_20250415_0519,588,555,33.0,300.0,21289.0,35,16.8,0.9428571428571428,8.571428571428571,608.2571428571429,0.05612244897959184,0.5405405405405406,36.20578231292517
arr,ORF,cap_20250616_1025,200,187,13.0,40.0,1803.0,132,1.5151515151515151,0.09848484848484848,0.30303030303030304,13.659090909090908,0.065,0.21390374331550802,9.015
arr,ORF,extension_20251026_1231,173,163,10.0,33.0,984.0,67,2.582089552238806,0.14925373134328357,0.4925373134328358,14.686567164179104,0.057803468208092484,0.20245398773006135,5.687861271676301
arr,ORF,interim_20250520_0615,28,27,1.0,3.0,135.0,27,1.037037037037037,0.037037037037037035,0.1111111111111111,5.0,0.03571428571428571,0.1111111111111111,4.821428571428571
arr,ORF,pre_20250101_0414,206,201,5.0,30.0,691.0,104,1.9807692307692308,0.04807692307692308,0.28846153846153844,6.644230769230769,0.024271844660194174,0.14925373134328357,3.354368932038835
arr,ORF,stress_20250415_0519,55,52,3.0,21.0,2152.0,35,1.5714285714285714,0.08571428571428572,0.6,61.48571428571429,0.05454545454545454,0.40384615384615385,39.127272727272725
arr,PBI,cap_20250616_1025,915,895,20.0,274.0,18317.0,132,6.931818181818182,0.15151515151515152,2.0757575757575757,138.7651515151515,0.02185792349726776,0.30614525139664805,20.018579234972677
arr,PBI,extension_20251026_1231,785,765,20.0,233.0,8787.0,67,11.716417910447761,0.29850746268656714,3.4776119402985075,131.1492537313433,0.025477707006369428,0.3045751633986928,11.193630573248408
arr,PBI,interim_20250520_0615,159,159,0.0,49.0,3176.0,27,5.888888888888889,0.0,1.8148148148148149,117.62962962962963,0.0,0.3081761006289308,19.9748427672956
arr,PBI,pre_20250101_0414,1262,1249,13.0,323.0,7347.0,104,12.134615384615385,0.125,3.105769230769231,70.64423076923077,0.010301109350237718,0.2586068855084067,5.821711568938193
arr,PBI,stress_20250415_0519,358,343,15.0,180.0,18092.0,35,10.228571428571428,0.42857142857142855,5.142857142857143,516.9142857142857,0.04189944134078212,0.5247813411078717,50.53631284916201
arr,PDX,cap_20250616_1025,386,380,6.0,94.0,4843.0,132,2.9242424242424243,0.045454545454545456,0.7121212121212122,36.68939393939394,0.015544041450777202,0.24736842105263157,12.546632124352332
arr,PDX,extension_20251026_1231,133,131,2.0,29.0,1575.0,67,1.9850746268656716,0.029850746268656716,0.43283582089552236,23.507462686567163,0.015037593984962405,0.22137404580152673,11.842105263157896
arr,PDX,interim_20250520_0615,54,54,0.0,7.0,318.0,27,2.0,0.0,0.25925925925925924,11.777777777777779,0.0,0.12962962962962962,5.888888888888889
arr,PDX,pre_20250101_0414,163,162,1.0,20.0,224.0,104,1.5673076923076923,0.009615384615384616,0.19230769230769232,2.1538461538461537,0.006134969325153374,0.12345679012345678,1.3742331288343559
arr,PDX,stress_20250415_0519,69,68,1.0,25.0,2999.0,35,1.9714285714285715,0.02857142857142857,0.7142857142857143,85.68571428571428,0.014492753623188406,0.36764705882352944,43.46376811594203
arr,PHX,cap_20250616_1025,873,860,13.0,234.0,10129.0,132,6.613636363636363,0.09848484848484848,1.7727272727272727,76.73484848484848,0.014891179839633447,0.27209302325581397,11.602520045819015
arr,PHX,extension_20251026_1231,504,495,9.0,113.0,4523.0,67,7.522388059701493,0.13432835820895522,1.6865671641791045,67.50746268656717,0.017857142857142856,0.22828282828282828,8.97420634920635
arr,PHX,interim_20250520_0615,162,162,0.0,25.0,897.0,27,6.0,0.0,0.9259259259259259,33.22222222222222,0.0,0.15432098765432098,5.537037037037037
arr,PHX,pre_20250101_0414,729,728,1.0,145.0,2636.0,104,7.009615384615385,0.009615384615384616,1.3942307692307692,25.346153846153847,0.0013717421124828531,0.19917582417582416,3.615912208504801
arr,PHX,stress_20250415_0519,240,231,9.0,92.0,8367.0,35,6.857142857142857,0.2571428571428571,2.6285714285714286,239.05714285714285,0.0375,0.39826839826839827,34.8625
arr,PIT,cap_20250616_1025,757,733,24.0,118.0,6402.0,132,5.734848484848484,0.18181818181818182,0.8939393939393939,48.5,0.031704095112285335,0.16098226466575716,8.457067371202113
arr,PIT,extension_20251026_1231,351,336,15.0,56.0,2265.0,67,5.2388059701492535,0.22388059701492538,0.835820895522388,33.80597014925373,0.042735042735042736,0.16666666666666666,6.452991452991453
arr,PIT,interim_20250520_0615,123,122,1.0,17.0,970.0,27,4.555555555555555,0.037037037037037035,0.6296296296296297,35.925925925925924,0.008130081300813009,0.13934426229508196,7.8861788617886175
arr,PIT,pre_20250101_0414,575,565,10.0,70.0,2050.0,104,5.528846153846154,0.09615384615384616,0.6730769230769231,19.71153846153846,0.017391304347826087,0.12389380530973451,3.5652173913043477
arr,PIT,stress_20250415_0519,162,144,18.0,44.0,4713.0,35,4.628571428571429,0.5142857142857142,1.2571428571428571,134.65714285714284,0.1111111111111111,0.3055555555555556,29.09259259259259
arr,PSP,extension_20251026_1231,14,14,0.0,4.0,96.0,67,0.208955223880597,0.0,0.05970149253731343,1.4328358208955223,0.0,0.2857142857142857,6.857142857142857
arr,PVD,pre_20250101_0414,11,11,0.0,2.0,90.0,104,0.10576923076923077,0.0,0.019230769230769232,0.8653846153846154,0.0,0.18181818181818182,8.181818181818182
arr,PWM,cap_20250616_1025,518,495,23.0,97.0,4410.0,132,3.9242424242424243,0.17424242424242425,0.7348484848484849,33.40909090909091,0.0444015444015444,0.19595959595959597,8.513513513513514
arr,PWM,extension_20251026_1231,176,169,7.0,32.0,1621.0,67,2.626865671641791,0.1044776119402985,0.47761194029850745,24.19402985074627,0.03977272727272727,0.1893491124260355,9.210227272727273
arr,PWM,interim_20250520_0615,53,53,0.0,8.0,314.0,27,1.962962962962963,0.0,0.2962962962962963,11.62962962962963,0.0,0.1509433962264151,5.9245283018867925
arr,PWM,pre_20250101_0414,216,214,2.0,32.0,1752.0,104,2.076923076923077,0.019230769230769232,0.3076923076923077,16.846153846153847,0.009259259259259259,0.14953271028037382,8.11111111111111
arr,PWM,stress_20250415_0519,44,39,5.0,6.0,247.0,35,1.2571428571428571,0.14285714285714285,0.17142857142857143,7.057142857142857,0.11363636363636363,0.15384615384615385,5.613636363636363
arr,RDU,cap_20250616_1025,649,623,26.0,213.0,15914.0,132,4.916666666666667,0.19696969696969696,1.6136363636363635,120.56060606060606,0.040061633281972264,0.3418940609951846,24.52080123266564
arr,RDU,extension_20251026_1231,408,391,17.0,135.0,8735.0,67,6.08955223880597,0.2537313432835821,2.014925373134328,130.37313432835822,0.041666666666666664,0.3452685421994885,21.409313725490197
arr,RDU,interim_20250520_0615,136,136,0.0,51.0,3567.0,27,5.037037037037037,0.0,1.8888888888888888,132.11111111111111,0.0,0.375,26.227941176470587
arr,RDU,pre_20250101_0414,497,485,12.0,108.0,3793.0,104,4.778846153846154,0.11538461538461539,1.0384615384615385,36.47115384615385,0.02414486921529175,0.22268041237113403,7.631790744466801
arr,RDU,stress_20250415_0519,158,141,17.0,70.0,8510.0,35,4.514285714285714,0.4857142857142857,2.0,243.14285714285714,0.10759493670886076,0.49645390070921985,53.860759493670884
arr,RIC,cap_20250616_1025,168,149,19.0,65.0,4251.0,132,1.2727272727272727,0.14393939393939395,0.49242424242424243,32.20454545454545,0.1130952380952381,0.436241610738255,25.303571428571427
arr,RIC,extension_20251026_1231,98,87,11.0,34.0,1221.0,67,1.462686567164179,0.16417910447761194,0.5074626865671642,18.223880597014926,0.11224489795918367,0.39080459770114945,12.459183673469388
arr,RIC,interim_20250520_0615,22,22,0.0,9.0,976.0,27,0.8148148148148148,0.0,0.3333333333333333,36.148148148148145,0.0,0.4090909090909091,44.36363636363637
arr,RIC,pre_20250101_0414,57,52,5.0,22.0,660.0,104,0.5480769230769231,0.04807692307692308,0.21153846153846154,6.346153846153846,0.08771929824561403,0.4230769230769231,11.578947368421053
arr,RIC,stress_20250415_0519,35,26,9.0,21.0,3276.0,35,1.0,0.2571428571428571,0.6,93.6,0.2571428571428571,0.8076923076923077,93.6
arr,RNO,cap_20250616_1025,3,3,0.0,0.0,0.0,132,0.022727272727272728,0.0,0.0,0.0,0.0,0.0,0.0
arr,ROC,cap_20250616_1025,183,170,13.0,34.0,758.0,132,1.3863636363636365,0.09848484848484848,0.25757575757575757,5.742424242424242,0.07103825136612021,0.2,4.14207650273224
arr,ROC,extension_20251026_1231,82,75,7.0,21.0,842.0,67,1.2238805970149254,0.1044776119402985,0.31343283582089554,12.567164179104477,0.08536585365853659,0.28,10.268292682926829
arr,ROC,interim_20250520_0615,34,34,0.0,3.0,296.0,27,1.2592592592592593,0.0,0.1111111111111111,10.962962962962964,0.0,0.08823529411764706,8.705882352941176
arr,ROC,pre_20250101_0414,106,105,1.0,18.0,296.0,104,1.0192307692307692,0.009615384615384616,0.17307692307692307,2.8461538461538463,0.009433962264150943,0.17142857142857143,2.792452830188679
arr,ROC,stress_20250415_0519,36,35,1.0,3.0,65.0,35,1.0285714285714285,0.02857142857142857,0.08571428571428572,1.8571428571428572,0.027777777777777776,0.08571428571428572,1.8055555555555556
arr,RSW,cap_20250616_1025,543,539,4.0,130.0,7020.0,132,4.113636363636363,0.030303030303030304,0.9848484848484849,53.18181818181818,0.007366482504604052,0.24118738404452691,12.92817679558011
arr,RSW,extension_20251026_1231,453,441,12.0,101.0,4851.0,67,6.7611940298507465,0.1791044776119403,1.507462686567164,72.40298507462687,0.026490066225165563,0.2290249433106576,10.708609271523178
arr,RSW,interim_20250520_0615,102,102,0.0,23.0,1112.0,27,3.7777777777777777,0.0,0.8518518518518519,41.18518518518518,0.0,0.22549019607843138,10.901960784313726
arr,RSW,pre_20250101_0414,750,744,6.0,139.0,4177.0,104,7.211538461538462,0.057692307692307696,1.3365384615384615,40.16346153846154,0.008,0.1868279569892473,5.569333333333334
arr,RSW,stress_20250415_0519,236,227,9.0,94.0,8902.0,35,6.742857142857143,0.2571428571428571,2.6857142857142855,254.34285714285716,0.038135593220338986,0.41409691629955947,37.720338983050844
arr,SAN,cap_20250616_1025,648,632,16.0,113.0,4146.0,132,4.909090909090909,0.12121212121212122,0.8560606060606061,31.40909090909091,0.024691358024691357,0.1787974683544304,6.398148148148148
arr,SAN,extension_20251026_1231,266,262,4.0,60.0,3691.0,67,3.970149253731343,0.05970149253731343,0.8955223880597015,55.08955223880597,0.015037593984962405,0.22900763358778625,13.87593984962406
arr,SAN,interim_20250520_0615,109,109,0.0,15.0,794.0,27,4.037037037037037,0.0,0.5555555555555556,29.40740740740741,0.0,0.13761467889908258,7.284403669724771
arr,SAN,pre_20250101_0414,378,376,2.0,72.0,1785.0,104,3.6346153846153846,0.019230769230769232,0.6923076923076923,17.16346153846154,0.005291005291005291,0.19148936170212766,4.722222222222222
arr,SAN,stress_20250415_0519,151,147,4.0,60.0,7648.0,35,4.314285714285714,0.11428571428571428,1.7142857142857142,218.5142857142857,0.026490066225165563,0.40816326530612246,50.64900662251656
arr,SAT,cap_20250616_1025,161,160,1.0,26.0,1284.0,132,1.2196969696969697,0.007575757575757576,0.19696969696969696,9.727272727272727,0.006211180124223602,0.1625,7.975155279503106
arr,SAT,extension_20251026_1231,126,126,0.0,24.0,1535.0,67,1.8805970149253732,0.0,0.3582089552238806,22.91044776119403,0.0,0.19047619047619047,12.182539682539682
arr,SAT,interim_20250520_0615,34,34,0.0,11.0,521.0,27,1.2592592592592593,0.0,0.4074074074074074,19.296296296296298,0.0,0.3235294117647059,15.323529411764707
arr,SAT,pre_20250101_0414,148,146,2.0,22.0,585.0,104,1.4230769230769231,0.019230769230769232,0.21153846153846154,5.625,0.013513513513513514,0.1506849315068493,3.9527027027027026
arr,SAT,stress_20250415_0519,39,39,0.0,9.0,559.0,35,1.1142857142857143,0.0,0.2571428571428571,15.971428571428572,0.0,0.23076923076923078,14.333333333333334
arr,SAV,cap_20250616_1025,384,375,9.0,101.0,8591.0,132,2.909090909090909,0.06818181818181818,0.7651515151515151,65.08333333333333,0.0234375,0.2693333333333333,22.372395833333332
arr,SAV,extension_20251026_1231,241,233,8.0,55.0,4395.0,67,3.5970149253731343,0.11940298507462686,0.8208955223880597,65.59701492537313,0.03319502074688797,0.23605150214592274,18.236514522821576
arr,SAV,interim_20250520_0615,53,53,0.0,8.0,668.0,27,1.962962962962963,0.0,0.2962962962962963,24.74074074074074,0.0,0.1509433962264151,12.60377358490566
arr,SAV,pre_20250101_0414,282,274,8.0,41.0,1472.0,104,2.7115384615384617,0.07692307692307693,0.3942307692307692,14.153846153846153,0.028368794326241134,0.14963503649635038,5.219858156028369
arr,SAV,stress_20250415_0519,62,58,4.0,19.0,1171.0,35,1.7714285714285714,0.11428571428571428,0.5428571428571428,33.457142857142856,0.06451612903225806,0.3275862068965517,18.887096774193548
arr,SBN,cap_20250616_1025,5,5,0.0,0.0,0.0,132,0.03787878787878788,0.0,0.0,0.0,0.0,0.0,0.0
arr,SBN,extension_20251026_1231,2,2,0.0,1.0,2.0,67,0.029850746268656716,0.0,0.014925373134328358,0.029850746268656716,0.0,0.5,1.0
arr,SDF,cap_20250616_1025,312,303,9.0,42.0,2421.0,132,2.3636363636363638,0.06818181818181818,0.3181818181818182,18.34090909090909,0.028846153846153848,0.13861386138613863,7.759615384615385
arr,SDF,extension_20251026_1231,179,169,10.0,43.0,1620.0,67,2.671641791044776,0.14925373134328357,0.6417910447761194,24.17910447761194,0.055865921787709494,0.25443786982248523,9.050279329608939
arr,SDF,interim_20250520_0615,61,60,1.0,7.0,539.0,27,2.259259259259259,0.037037037037037035,0.25925925925925924,19.962962962962962,0.01639344262295082,0.11666666666666667,8.836065573770492
arr,SDF,pre_20250101_0414,283,275,8.0,33.0,1182.0,104,2.7211538461538463,0.07692307692307693,0.3173076923076923,11.365384615384615,0.028268551236749116,0.12,4.176678445229682
arr,SDF,stress_20250415_0519,66,56,10.0,22.0,2221.0,35,1.8857142857142857,0.2857142857142857,0.6285714285714286,63.457142857142856,0.15151515151515152,0.39285714285714285,33.65151515151515
arr,SEA,cap_20250616_1025,938,927,11.0,239.0,8913.0,132,7.106060606060606,0.08333333333333333,1.8106060606060606,67.52272727272727,0.011727078891257996,0.25782092772384035,9.502132196162046
arr,SEA,extension_20251026_1231,386,375,11.0,67.0,2620.0,67,5.7611940298507465,0.16417910447761194,1.0,39.1044776119403,0.02849740932642487,0.17866666666666667,6.787564766839378
arr,SEA,interim_20250520_0615,133,132,1.0,42.0,1629.0,27,4.925925925925926,0.037037037037037035,1.5555555555555556,60.333333333333336,0.007518796992481203,0.3181818181818182,12.24812030075188
arr,SEA,pre_20250101_0414,411,411,0.0,60.0,930.0,104,3.951923076923077,0.0,0.5769230769230769,8.942307692307692,0.0,0.145985401459854,2.2627737226277373
arr,SEA,stress_20250415_0519,139,137,2.0,60.0,5538.0,35,3.9714285714285715,0.05714285714285714,1.7142857142857142,158.22857142857143,0.014388489208633094,0.43795620437956206,39.84172661870504
arr,SFO,cap_20250616_1025,1648,1611,37.0,452.0,12788.0,132,12.484848484848484,0.2803030303030303,3.4242424242424243,96.87878787878788,0.022451456310679612,0.28057107386716323,7.759708737864078
arr,SFO,extension_20251026_1231,789,780,9.0,221.0,6198.0,67,11.776119402985074,0.13432835820895522,3.298507462686567,92.50746268656717,0.011406844106463879,0.2833333333333333,7.855513307984791
arr,SFO,interim_20250520_0615,347,341,6.0,83.0,2326.0,27,12.851851851851851,0.2222222222222222,3.074074074074074,86.14814814814815,0.01729106628242075,0.2434017595307918,6.703170028818444
arr,SFO,pre_20250101_0414,1147,1146,1.0,177.0,2855.0,104,11.028846153846153,0.009615384615384616,1.7019230769230769,27.451923076923077,0.0008718395815170009,0.1544502617801047,2.4891020052310373
arr,SFO,stress_20250415_0519,474,458,16.0,196.0,18244.0,35,13.542857142857143,0.45714285714285713,5.6,521.2571428571429,0.03375527426160337,0.4279475982532751,38.48945147679325
arr,SJU,cap_20250616_1025,750,732,18.0,228.0,3084.0,132,5.681818181818182,0.13636363636363635,1.7272727272727273,23.363636363636363,0.024,0.3114754098360656,4.112
arr,SJU,extension_20251026_1231,368,357,11.0,81.0,684.0,67,5.492537313432836,0.16417910447761194,1.208955223880597,10.208955223880597,0.029891304347826088,0.226890756302521,1.858695652173913
arr,SJU,interim_20250520_0615,164,161,3.0,38.0,487.0,27,6.074074074074074,0.1111111111111111,1.4074074074074074,18.037037037037038,0.018292682926829267,0.2360248447204969,2.9695121951219514
arr,SJU,pre_20250101_0414,719,715,4.0,195.0,2901.0,104,6.913461538461538,0.038461538461538464,1.875,27.89423076923077,0.005563282336578581,0.2727272727272727,4.034770514603617
arr,SJU,stress_20250415_0519,243,239,4.0,72.0,1093.0,35,6.942857142857143,0.11428571428571428,2.057142857142857,31.228571428571428,0.01646090534979424,0.301255230125523,4.497942386831276
arr,SLC,cap_20250616_1025,393,388,5.0,106.0,5634.0,132,2.977272727272727,0.03787878787878788,0.803030303030303,42.68181818181818,0.01272264631043257,0.27319587628865977,14.335877862595419
arr,SLC,extension_20251026_1231,210,206,4.0,50.0,1859.0,67,3.1343283582089554,0.05970149253731343,0.746268656716418,27.746268656716417,0.01904761904761905,0.24271844660194175,8.852380952380953
arr,SLC,interim_20250520_0615,81,81,0.0,24.0,745.0,27,3.0,0.0,0.8888888888888888,27.59259259259259,0.0,0.2962962962962963,9.197530864197532
arr,SLC,pre_20250101_0414,458,457,1.0,110.0,1712.0,104,4.403846153846154,0.009615384615384616,1.0576923076923077,16.46153846153846,0.002183406113537118,0.24070021881838075,3.7379912663755457
arr,SLC,stress_20250415_0519,105,104,1.0,65.0,3953.0,35,3.0,0.02857142857142857,1.8571428571428572,112.94285714285714,0.009523809523809525,0.625,37.647619047619045
arr,SMF,cap_20250616_1025,132,129,3.0,41.0,271.0,132,1.0,0.022727272727272728,0.3106060606060606,2.053030303030303,0.022727272727272728,0.3178294573643411,2.053030303030303
arr,SMF,extension_20251026_1231,67,66,1.0,17.0,179.0,67,1.0,0.014925373134328358,0.2537313432835821,2.671641791044776,0.014925373134328358,0.25757575757575757,2.671641791044776
arr,SMF,interim_20250520_0615,27,27,0.0,4.0,11.0,27,1.0,0.0,0.14814814814814814,0.4074074074074074,0.0,0.14814814814814814,0.4074074074074074
arr,SMF,pre_20250101_0414,22,22,0.0,3.0,0.0,104,0.21153846153846154,0.0,0.028846153846153848,0.0,0.0,0.13636363636363635,0.0
arr,SMF,stress_20250415_0519,35,35,0.0,12.0,125.0,35,1.0,0.0,0.34285714285714286,3.5714285714285716,0.0,0.34285714285714286,3.5714285714285716
arr,SNA,cap_20250616_1025,396,392,4.0,95.0,7942.0,132,3.0,0.030303030303030304,0.7196969696969697,60.166666666666664,0.010101010101010102,0.2423469387755102,20.055555555555557
arr,SNA,extension_20251026_1231,199,196,3.0,50.0,3685.0,67,2.970149253731343,0.04477611940298507,0.746268656716418,55.0,0.01507537688442211,0.25510204081632654,18.517587939698494
arr,SNA,interim_20250520_0615,81,81,0.0,13.0,790.0,27,3.0,0.0,0.48148148148148145,29.25925925925926,0.0,0.16049382716049382,9.753086419753087
arr,SNA,pre_20250101_0414,312,311,1.0,37.0,2480.0,104,3.0,0.009615384615384616,0.3557692307692308,23.846153846153847,0.003205128205128205,0.1189710610932476,7.948717948717949
arr,SNA,stress_20250415_0519,100,95,5.0,35.0,5779.0,35,2.857142857142857,0.14285714285714285,1.0,165.11428571428573,0.05,0.3684210526315789,57.79
arr,SRQ,cap_20250616_1025,272,272,0.0,26.0,1260.0,132,2.0606060606060606,0.0,0.19696969696969696,9.545454545454545,0.0,0.09558823529411764,4.632352941176471
arr,SRQ,extension_20251026_1231,194,185,9.0,37.0,1177.0,67,2.8955223880597014,0.13432835820895522,0.5522388059701493,17.567164179104477,0.04639175257731959,0.2,6.06701030927835
arr,SRQ,interim_20250520_0615,54,54,0.0,9.0,408.0,27,2.0,0.0,0.3333333333333333,15.11111111111111,0.0,0.16666666666666666,7.555555555555555
arr,SRQ,pre_20250101_0414,312,306,6.0,51.0,1259.0,104,3.0,0.057692307692307696,0.49038461538461536,12.10576923076923,0.019230769230769232,0.16666666666666666,4.035256410256411
arr,SRQ,stress_20250415_0519,100,98,2.0,44.0,5077.0,35,2.857142857142857,0.05714285714285714,1.2571428571428571,145.05714285714285,0.02,0.4489795918367347,50.77
arr,STL,cap_20250616_1025,411,391,20.0,96.0,5209.0,132,3.1136363636363638,0.15151515151515152,0.7272727272727273,39.46212121212121,0.04866180048661801,0.24552429667519182,12.673965936739659
arr,STL,extension_20251026_1231,180,170,10.0,48.0,1814.0,67,2.6865671641791047,0.14925373134328357,0.7164179104477612,27.074626865671643,0.05555555555555555,0.2823529411764706,10.077777777777778
arr,STL,interim_20250520_0615,53,52,1.0,6.0,337.0,27,1.962962962962963,0.037037037037037035,0.2222222222222222,12.481481481481481,0.018867924528301886,0.11538461538461539,6.3584905660377355
arr,STL,pre_20250101_0414,285,275,10.0,52.0,1388.0,104,2.7403846153846154,0.09615384615384616,0.5,13.346153846153847,0.03508771929824561,0.1890909090909091,4.870175438596491
arr,STL,stress_20250415_0519,60,51,9.0,22.0,3307.0,35,1.7142857142857142,0.2571428571428571,0.6285714285714286,94.48571428571428,0.15,0.43137254901960786,55.11666666666667
arr,STT,cap_20250616_1025,32,31,1.0,1.0,0.0,132,0.24242424242424243,0.007575757575757576,0.007575757575757576,0.0,0.03125,0.03225806451612903,0.0
arr,STT,extension_20251026_1231,67,66,1.0,7.0,152.0,67,1.0,0.014925373134328358,0.1044776119402985,2.2686567164179103,0.014925373134328358,0.10606060606060606,2.2686567164179103
arr,STT,interim_20250520_0615,10,10,0.0,1.0,27.0,27,0.37037037037037035,0.0,0.037037037037037035,1.0,0.0,0.1,2.7
arr,STT,pre_20250101_0414,104,102,2.0,15.0,254.0,104,1.0,0.019230769230769232,0.14423076923076922,2.4423076923076925,0.019230769230769232,0.14705882352941177,2.4423076923076925
arr,STT,stress_20250415_0519,35,35,0.0,6.0,110.0,35,1.0,0.0,0.17142857142857143,3.142857142857143,0.0,0.17142857142857143,3.142857142857143
arr,SYR,cap_20250616_1025,228,221,7.0,48.0,2235.0,132,1.7272727272727273,0.05303030303030303,0.36363636363636365,16.931818181818183,0.03070175438596491,0.2171945701357466,9.802631578947368
arr,SYR,extension_20251026_1231,113,107,6.0,25.0,865.0,67,1.6865671641791045,0.08955223880597014,0.373134328358209,12.91044776119403,0.05309734513274336,0.2336448598130841,7.654867256637168
arr,SYR,interim_20250520_0615,27,27,0.0,2.0,36.0,27,1.0,0.0,0.07407407407407407,1.3333333333333333,0.0,0.07407407407407407,1.3333333333333333
arr,SYR,pre_20250101_0414,137,133,4.0,18.0,591.0,104,1.3173076923076923,0.038461538461538464,0.17307692307692307,5.6826923076923075,0.029197080291970802,0.13533834586466165,4.313868613138686
arr,SYR,stress_20250415_0519,43,37,6.0,5.0,240.0,35,1.2285714285714286,0.17142857142857143,0.14285714285714285,6.857142857142857,0.13953488372093023,0.13513513513513514,5.5813953488372094
arr,TPA,cap_20250616_1025,944,927,17.0,317.0,18181.0,132,7.151515151515151,0.12878787878787878,2.4015151515151514,137.7348484848485,0.018008474576271187,0.3419633225458468,19.259533898305083
arr,TPA,extension_20251026_1231,525,508,17.0,148.0,6212.0,67,7.835820895522388,0.2537313432835821,2.208955223880597,92.71641791044776,0.03238095238095238,0.29133858267716534,11.832380952380952
arr,TPA,interim_20250520_0615,153,153,0.0,43.0,1606.0,27,5.666666666666667,0.0,1.5925925925925926,59.48148148148148,0.0,0.28104575163398693,10.49673202614379
arr,TPA,pre_20250101_0414,877,872,5.0,163.0,3706.0,104,8.432692307692308,0.04807692307692308,1.5673076923076923,35.63461538461539,0.005701254275940707,0.18692660550458715,4.225769669327252
arr,TPA,stress_20250415_0519,264,256,8.0,129.0,12384.0,35,7.542857142857143,0.22857142857142856,3.6857142857142855,353.8285714285714,0.030303030303030304,0.50390625,46.90909090909091
arr,TYS,cap_20250616_1025,59,59,0.0,6.0,145.0,132,0.44696969696969696,0.0,0.045454545454545456,1.0984848484848484,0.0,0.1016949152542373,2.457627118644068
arr,TYS,extension_20251026_1231,38,38,0.0,3.0,107.0,67,0.5671641791044776,0.0,0.04477611940298507,1.5970149253731343,0.0,0.07894736842105263,2.8157894736842106
arr,TYS,interim_20250520_0615,15,15,0.0,3.0,99.0,27,0.5555555555555556,0.0,0.1111111111111111,3.6666666666666665,0.0,0.2,6.6
arr,TYS,pre_20250101_0414,40,40,0.0,3.0,33.0,104,0.38461538461538464,0.0,0.028846153846153848,0.3173076923076923,0.0,0.075,0.825
arr,TYS,stress_20250415_0519,12,12,0.0,5.0,298.0,35,0.34285714285714286,0.0,0.14285714285714285,8.514285714285714,0.0,0.4166666666666667,24.833333333333332
arr,VPS,cap_20250616_1025,56,56,0.0,7.0,221.0,132,0.42424242424242425,0.0,0.05303030303030303,1.6742424242424243,0.0,0.125,3.9464285714285716
arr,VPS,extension_20251026_1231,24,24,0.0,4.0,482.0,67,0.3582089552238806,0.0,0.05970149253731343,7.1940298507462686,0.0,0.16666666666666666,20.083333333333332
arr,VPS,interim_20250520_0615,11,11,0.0,4.0,221.0,27,0.4074074074074074,0.0,0.14814814814814814,8.185185185185185,0.0,0.36363636363636365,20.09090909090909
arr,VPS,pre_20250101_0414,20,20,0.0,2.0,0.0,104,0.19230769230769232,0.0,0.019230769230769232,0.0,0.0,0.1,0.0
arr,VPS,stress_20250415_0519,10,10,0.0,8.0,815.0,35,0.2857142857142857,0.0,0.22857142857142856,23.285714285714285,0.0,0.8,81.5
arr,XNA,cap_20250616_1025,2,2,0.0,0.0,0.0,132,0.015151515151515152,0.0,0.0,0.0,0.0,0.0,0.0
dep,ALB,pre_20250101_0414,45,42,3.0,5.0,131.0,104,0.4326923076923077,0.028846153846153848,0.04807692307692308,1.2596153846153846,0.06666666666666667,0.11904761904761904,2.911111111111111
dep,ANC,cap_20250616_1025,78,76,2.0,16.0,463.0,132,0.5909090909090909,0.015151515151515152,0.12121212121212122,3.507575757575758,0.02564102564102564,0.21052631578947367,5.935897435897436
dep,ANC,interim_20250520_0615,25,25,0.0,2.0,0.0,27,0.9259259259259259,0.0,0.07407407407407407,0.0,0.0,0.08,0.0
dep,ATL,cap_20250616_1025,2286,2226,60.0,532.0,12558.0,132,17.318181818181817,0.45454545454545453,4.03030303030303,95.13636363636364,0.026246719160104987,0.2389937106918239,5.4934383202099735
dep,ATL,extension_20251026_1231,1144,1096,48.0,317.0,6377.0,67,17.074626865671643,0.7164179104477612,4.731343283582089,95.17910447761194,0.04195804195804196,0.2892335766423358,5.574300699300699
dep,ATL,interim_20250520_0615,405,402,3.0,104.0,2978.0,27,15.0,0.1111111111111111,3.8518518518518516,110.29629629629629,0.007407407407407408,0.25870646766169153,7.353086419753087
dep,ATL,pre_20250101_0414,1725,1689,36.0,437.0,6176.0,104,16.58653846153846,0.34615384615384615,4.201923076923077,59.38461538461539,0.020869565217391306,0.25873297809354645,3.5802898550724636
dep,ATL,stress_20250415_0519,546,531,15.0,240.0,4989.0,35,15.6,0.42857142857142855,6.857142857142857,142.54285714285714,0.027472527472527472,0.4519774011299435,9.137362637362637
dep,ATW,cap_20250616_1025,18,18,0.0,2.0,162.0,132,0.13636363636363635,0.0,0.015151515151515152,1.2272727272727273,0.0,0.1111111111111111,9.0
dep,ATW,interim_20250520_0615,8,8,0.0,2.0,57.0,27,0.2962962962962963,0.0,0.07407407407407407,2.111111111111111,0.0,0.25,7.125
dep,AUS,cap_20250616_1025,707,702,5.0,140.0,3381.0,132,5.356060606060606,0.03787878787878788,1.0606060606060606,25.613636363636363,0.007072135785007072,0.19943019943019943,4.782178217821782
dep,AUS,extension_20251026_1231,460,448,12.0,130.0,2750.0,67,6.865671641791045,0.1791044776119403,1.9402985074626866,41.04477611940298,0.02608695652173913,0.29017857142857145,5.978260869565218
dep,AUS,interim_20250520_0615,107,107,0.0,16.0,674.0,27,3.962962962962963,0.0,0.5925925925925926,24.962962962962962,0.0,0.14953271028037382,6.299065420560748
dep,AUS,pre_20250101_0414,509,506,3.0,81.0,1840.0,104,4.894230769230769,0.028846153846153848,0.7788461538461539,17.692307692307693,0.005893909626719057,0.1600790513833992,3.6149312377210214
dep,AUS,stress_20250415_0519,167,160,7.0,49.0,1578.0,35,4.771428571428571,0.2,1.4,45.08571428571429,0.041916167664670656,0.30625,9.449101796407186
dep,AVL,cap_20250616_1025,53,53,0.0,7.0,106.0,132,0.4015151515151515,0.0,0.05303030303030303,0.803030303030303,0.0,0.1320754716981132,2.0
dep,AVL,extension_20251026_1231,43,42,1.0,8.0,509.0,67,0.6417910447761194,0.014925373134328358,0.11940298507462686,7.597014925373134,0.023255813953488372,0.19047619047619047,11.837209302325581
dep,AVL,interim_20250520_0615,37,37,0.0,5.0,251.0,27,1.3703703703703705,0.0,0.18518518518518517,9.296296296296296,0.0,0.13513513513513514,6.783783783783784
dep,AVL,pre_20250101_0414,114,114,0.0,13.0,275.0,104,1.0961538461538463,0.0,0.125,2.644230769230769,0.0,0.11403508771929824,2.412280701754386
dep,AVL,stress_20250415_0519,13,13,0.0,5.0,137.0,35,0.37142857142857144,0.0,0.14285714285714285,3.914285714285714,0.0,0.38461538461538464,10.538461538461538
dep,BGR,cap_20250616_1025,332,311,21.0,60.0,845.0,132,2.515151515151515,0.1590909090909091,0.45454545454545453,6.401515151515151,0.06325301204819277,0.19292604501607716,2.5451807228915664
dep,BGR,interim_20250520_0615,22,22,0.0,3.0,210.0,27,0.8148148148148148,0.0,0.1111111111111111,7.777777777777778,0.0,0.13636363636363635,9.545454545454545
dep,BGR,pre_20250101_0414,76,74,2.0,9.0,187.0,104,0.7307692307692307,0.019230769230769232,0.08653846153846154,1.7980769230769231,0.02631578947368421,0.12162162162162163,2.460526315789474
dep,BGR,stress_20250415_0519,26,19,7.0,7.0,117.0,35,0.7428571428571429,0.2,0.2,3.342857142857143,0.2692307692307692,0.3684210526315789,4.5
dep,BHM,cap_20250616_1025,72,69,3.0,16.0,431.0,132,0.5454545454545454,0.022727272727272728,0.12121212121212122,3.265151515151515,0.041666666666666664,0.2318840579710145,5.986111111111111
dep,BHM,interim_20250520_0615,11,10,1.0,2.0,168.0,27,0.4074074074074074,0.037037037037037035,0.07407407407407407,6.222222222222222,0.09090909090909091,0.2,15.272727272727273
dep,BNA,cap_20250616_1025,745,727,18.0,171.0,4343.0,132,5.643939393939394,0.13636363636363635,1.2954545454545454,32.90151515151515,0.024161073825503355,0.23521320495185694,5.829530201342282
dep,BNA,extension_20251026_1231,364,347,17.0,87.0,2906.0,67,5.432835820895522,0.2537313432835821,1.2985074626865671,43.37313432835821,0.046703296703296704,0.2507204610951009,7.983516483516484
dep,BNA,interim_20250520_0615,114,114,0.0,16.0,438.0,27,4.222222222222222,0.0,0.5925925925925926,16.22222222222222,0.0,0.14035087719298245,3.8421052631578947
dep,BNA,pre_20250101_0414,514,506,8.0,79.0,1200.0,104,4.9423076923076925,0.07692307692307693,0.7596153846153846,11.538461538461538,0.01556420233463035,0.15612648221343872,2.3346303501945527
dep,BNA,stress_20250415_0519,184,177,7.0,51.0,2206.0,35,5.257142857142857,0.2,1.457142857142857,63.02857142857143,0.03804347826086957,0.288135593220339,11.98913043478261
dep,BOS,cap_20250616_1025,1419,1361,58.0,499.0,17462.0,132,10.75,0.4393939393939394,3.7803030303030303,132.28787878787878,0.0408738548273432,0.3666421748714181,12.30584918957012
dep,BOS,extension_20251026_1231,674,632,42.0,159.0,4073.0,67,10.059701492537313,0.6268656716417911,2.373134328358209,60.791044776119406,0.06231454005934718,0.25158227848101267,6.043026706231454
dep,BOS,interim_20250520_0615,207,207,0.0,47.0,1431.0,27,7.666666666666667,0.0,1.7407407407407407,53.0,0.0,0.22705314009661837,6.913043478260869
dep,BOS,pre_20250101_0414,1101,1081,20.0,212.0,3849.0,104,10.586538461538462,0.19230769230769232,2.0384615384615383,37.00961538461539,0.018165304268846504,0.19611470860314523,3.4959128065395095
dep,BOS,stress_20250415_0519,328,304,24.0,119.0,2848.0,35,9.371428571428572,0.6857142857142857,3.4,81.37142857142857,0.07317073170731707,0.39144736842105265,8.682926829268293
dep,BQN,cap_20250616_1025,132,128,4.0,34.0,1078.0,132,1.0,0.030303030303030304,0.25757575757575757,8.166666666666666,0.030303030303030304,0.265625,8.166666666666666
dep,BQN,extension_20251026_1231,67,66,1.0,15.0,521.0,67,1.0,0.014925373134328358,0.22388059701492538,7.776119402985074,0.014925373134328358,0.22727272727272727,7.776119402985074
dep,BQN,interim_20250520_0615,27,27,0.0,2.0,11.0,27,1.0,0.0,0.07407407407407407,0.4074074074074074,0.0,0.07407407407407407,0.4074074074074074
dep,BQN,pre_20250101_0414,104,104,0.0,20.0,352.0,104,1.0,0.0,0.19230769230769232,3.3846153846153846,0.0,0.19230769230769232,3.3846153846153846
dep,BQN,stress_20250415_0519,35,35,0.0,12.0,208.0,35,1.0,0.0,0.34285714285714286,5.942857142857143,0.0,0.34285714285714286,5.942857142857143
dep,BTV,cap_20250616_1025,363,342,21.0,51.0,826.0,132,2.75,0.1590909090909091,0.38636363636363635,6.257575757575758,0.05785123966942149,0.14912280701754385,2.275482093663912
dep,BTV,extension_20251026_1231,15,14,1.0,4.0,9.0,67,0.22388059701492538,0.014925373134328358,0.05970149253731343,0.13432835820895522,0.06666666666666667,0.2857142857142857,0.6
dep,BTV,interim_20250520_0615,54,54,0.0,7.0,59.0,27,2.0,0.0,0.25925925925925924,2.185185185185185,0.0,0.12962962962962962,1.0925925925925926
dep,BTV,pre_20250101_0414,172,171,1.0,27.0,415.0,104,1.6538461538461537,0.009615384615384616,0.25961538461538464,3.9903846153846154,0.005813953488372093,0.15789473684210525,2.4127906976744184
dep,BTV,stress_20250415_0519,70,70,0.0,22.0,395.0,35,2.0,0.0,0.6285714285714286,11.285714285714286,0.0,0.3142857142857143,5.642857142857143
dep,BUF,cap_20250616_1025,110,105,5.0,39.0,163.0,132,0.8333333333333334,0.03787878787878788,0.29545454545454547,1.2348484848484849,0.045454545454545456,0.37142857142857144,1.481818181818182
dep,BUF,extension_20251026_1231,126,120,6.0,31.0,513.0,67,1.8805970149253732,0.08955223880597014,0.4626865671641791,7.656716417910448,0.047619047619047616,0.25833333333333336,4.071428571428571
dep,BUF,interim_20250520_0615,10,10,0.0,1.0,0.0,27,0.37037037037037035,0.0,0.037037037037037035,0.0,0.0,0.1,0.0
dep,BUF,pre_20250101_0414,145,141,4.0,28.0,304.0,104,1.3942307692307692,0.038461538461538464,0.2692307692307692,2.923076923076923,0.027586206896551724,0.19858156028368795,2.0965517241379312
dep,BUF,stress_20250415_0519,35,33,2.0,22.0,94.0,35,1.0,0.05714285714285714,0.6285714285714286,2.6857142857142855,0.05714285714285714,0.6666666666666666,2.6857142857142855
dep,BZN,cap_20250616_1025,223,223,0.0,27.0,272.0,132,1.6893939393939394,0.0,0.20454545454545456,2.0606060606060606,0.0,0.1210762331838565,1.2197309417040358
dep,BZN,extension_20251026_1231,16,16,0.0,2.0,271.0,67,0.23880597014925373,0.0,0.029850746268656716,4.044776119402985,0.0,0.125,16.9375
dep,BZN,interim_20250520_0615,25,25,0.0,2.0,92.0,27,0.9259259259259259,0.0,0.07407407407407407,3.4074074074074074,0.0,0.08,3.68
dep,BZN,pre_20250101_0414,101,101,0.0,6.0,297.0,104,0.9711538461538461,0.0,0.057692307692307696,2.855769230769231,0.0,0.0594059405940594,2.9405940594059405
dep,CAE,cap_20250616_1025,51,51,0.0,8.0,365.0,132,0.38636363636363635,0.0,0.06060606060606061,2.765151515151515,0.0,0.1568627450980392,7.1568627450980395
dep,CAE,interim_20250520_0615,7,7,0.0,0.0,87.0,27,0.25925925925925924,0.0,0.0,3.2222222222222223,0.0,0.0,12.428571428571429
dep,CHA,cap_20250616_1025,50,49,1.0,9.0,96.0,132,0.3787878787878788,0.007575757575757576,0.06818181818181818,0.7272727272727273,0.02,0.1836734693877551,1.92
dep,CHA,interim_20250520_0615,7,7,0.0,1.0,0.0,27,0.25925925925925924,0.0,0.037037037037037035,0.0,0.0,0.14285714285714285,0.0
dep,CHS,cap_20250616_1025,493,472,21.0,104.0,2746.0,132,3.734848484848485,0.1590909090909091,0.7878787878787878,20.803030303030305,0.04259634888438134,0.22033898305084745,5.569979716024341
dep,CHS,extension_20251026_1231,288,278,10.0,69.0,1111.0,67,4.298507462686567,0.14925373134328357,1.0298507462686568,16.582089552238806,0.034722222222222224,0.24820143884892087,3.857638888888889
dep,CHS,interim_20250520_0615,86,86,0.0,22.0,1063.0,27,3.185185185185185,0.0,0.8148148148148148,39.370370370370374,0.0,0.2558139534883721,12.36046511627907
dep,CHS,pre_20250101_0414,402,390,12.0,51.0,837.0,104,3.8653846153846154,0.11538461538461539,0.49038461538461536,8.048076923076923,0.029850746268656716,0.13076923076923078,2.082089552238806
dep,CHS,stress_20250415_0519,163,150,13.0,49.0,2064.0,35,4.6571428571428575,0.37142857142857144,1.4,58.97142857142857,0.07975460122699386,0.32666666666666666,12.662576687116564
dep,CLE,cap_20250616_1025,735,721,14.0,185.0,2980.0,132,5.568181818181818,0.10606060606060606,1.4015151515151516,22.575757575757574,0.01904761904761905,0.2565880721220527,4.054421768707483
dep,CLE,extension_20251026_1231,424,409,15.0,91.0,1173.0,67,6.3283582089552235,0.22388059701492538,1.3582089552238805,17.507462686567163,0.03537735849056604,0.22249388753056235,2.766509433962264
dep,CLE,interim_20250520_0615,108,108,0.0,24.0,405.0,27,4.0,0.0,0.8888888888888888,15.0,0.0,0.2222222222222222,3.75
dep,CLE,pre_20250101_0414,576,569,7.0,77.0,761.0,104,5.538461538461538,0.0673076923076923,0.7403846153846154,7.3173076923076925,0.012152777777777778,0.13532513181019332,1.3211805555555556
dep,CLE,stress_20250415_0519,135,131,4.0,37.0,849.0,35,3.857142857142857,0.11428571428571428,1.0571428571428572,24.257142857142856,0.02962962962962963,0.2824427480916031,6.288888888888889
dep,CLT,cap_20250616_1025,1340,1295,45.0,268.0,5722.0,132,10.151515151515152,0.3409090909090909,2.0303030303030303,43.34848484848485,0.033582089552238806,0.20694980694980694,4.2701492537313435
dep,CLT,extension_20251026_1231,717,695,22.0,171.0,4967.0,67,10.701492537313433,0.3283582089552239,2.5522388059701493,74.13432835820896,0.030683403068340307,0.2460431654676259,6.927475592747559
dep,CLT,interim_20250520_0615,229,227,2.0,34.0,636.0,27,8.481481481481481,0.07407407407407407,1.2592592592592593,23.555555555555557,0.008733624454148471,0.14977973568281938,2.777292576419214
dep,CLT,pre_20250101_0414,1087,1070,17.0,177.0,2872.0,104,10.451923076923077,0.16346153846153846,1.7019230769230769,27.615384615384617,0.015639374425023,0.16542056074766356,2.6421343146274148
dep,CLT,stress_20250415_0519,305,293,12.0,108.0,3490.0,35,8.714285714285714,0.34285714285714286,3.085714285714286,99.71428571428571,0.03934426229508197,0.36860068259385664,11.442622950819672
dep,CMH,cap_20250616_1025,735,701,34.0,131.0,2657.0,132,5.568181818181818,0.25757575757575757,0.9924242424242424,20.12878787878788,0.04625850340136054,0.18687589158345222,3.614965986394558
dep,CMH,extension_20251026_1231,414,386,28.0,70.0,1377.0,67,6.17910447761194,0.417910447761194,1.044776119402985,20.55223880597015,0.06763285024154589,0.18134715025906736,3.3260869565217392
dep,CMH,interim_20250520_0615,87,87,0.0,14.0,368.0,27,3.2222222222222223,0.0,0.5185185185185185,13.62962962962963,0.0,0.16091954022988506,4.2298850574712645
dep,CMH,pre_20250101_0414,409,400,9.0,47.0,742.0,104,3.9326923076923075,0.08653846153846154,0.4519230769230769,7.134615384615385,0.022004889975550123,0.1175,1.8141809290953546
dep,CMH,stress_20250415_0519,113,95,18.0,16.0,1133.0,35,3.2285714285714286,0.5142857142857142,0.45714285714285713,32.371428571428574,0.1592920353982301,0.16842105263157894,10.026548672566372
dep,CVG,cap_20250616_1025,150,143,7.0,23.0,394.0,132,1.1363636363636365,0.05303030303030303,0.17424242424242425,2.984848484848485,0.04666666666666667,0.16083916083916083,2.6266666666666665
dep,CVG,extension_20251026_1231,21,21,0.0,3.0,389.0,67,0.31343283582089554,0.0,0.04477611940298507,5.8059701492537314,0.0,0.14285714285714285,18.523809523809526
dep,CVG,interim_20250520_0615,34,34,0.0,8.0,99.0,27,1.2592592592592593,0.0,0.2962962962962963,3.6666666666666665,0.0,0.23529411764705882,2.911764705882353
dep,CVG,pre_20250101_0414,260,254,6.0,28.0,305.0,104,2.5,0.057692307692307696,0.2692307692307692,2.9326923076923075,0.023076923076923078,0.11023622047244094,1.1730769230769231
dep,CVG,stress_20250415_0519,47,36,11.0,16.0,431.0,35,1.3428571428571427,0.3142857142857143,0.45714285714285713,12.314285714285715,0.23404255319148937,0.4444444444444444,9.170212765957446
dep,DCA,cap_20250616_1025,72,71,1.0,8.0,401.0,132,0.5454545454545454,0.007575757575757576,0.06060606060606061,3.037878787878788,0.013888888888888888,0.11267605633802817,5.569444444444445
dep,DCA,extension_20251026_1231,68,66,2.0,14.0,1149.0,67,1.0149253731343284,0.029850746268656716,0.208955223880597,17.149253731343283,0.029411764705882353,0.21212121212121213,16.897058823529413
dep,DCA,interim_20250520_0615,54,54,0.0,7.0,339.0,27,2.0,0.0,0.25925925925925924,12.555555555555555,0.0,0.12962962962962962,6.277777777777778
dep,DCA,pre_20250101_0414,129,124,5.0,23.0,590.0,104,1.2403846153846154,0.04807692307692308,0.22115384615384615,5.673076923076923,0.03875968992248062,0.18548387096774194,4.573643410852713
dep,DCA,stress_20250415_0519,35,27,8.0,7.0,174.0,35,1.0,0.22857142857142856,0.2,4.9714285714285715,0.22857142857142856,0.25925925925925924,4.9714285714285715
dep,DEN,cap_20250616_1025,1289,1271,18.0,278.0,7372.0,132,9.765151515151516,0.13636363636363635,2.106060606060606,55.84848484848485,0.013964313421256789,0.2187254130605822,5.719162141194724
dep,DEN,extension_20251026_1231,599,597,2.0,139.0,3290.0,67,8.940298507462687,0.029850746268656716,2.074626865671642,49.1044776119403,0.00333889816360601,0.23283082077051925,5.492487479131887
dep,DEN,interim_20250520_0615,189,189,0.0,30.0,834.0,27,7.0,0.0,1.1111111111111112,30.88888888888889,0.0,0.15873015873015872,4.412698412698413
dep,DEN,pre_20250101_0414,860,858,2.0,171.0,3364.0,104,8.26923076923077,0.019230769230769232,1.6442307692307692,32.34615384615385,0.002325581395348837,0.1993006993006993,3.911627906976744
dep,DEN,stress_20250415_0519,281,274,7.0,86.0,2173.0,35,8.028571428571428,0.2,2.4571428571428573,62.08571428571429,0.02491103202846975,0.31386861313868614,7.733096085409253
dep,DFW,cap_20250616_1025,1253,1221,32.0,266.0,5992.0,132,9.492424242424242,0.24242424242424243,2.015151515151515,45.39393939393939,0.025538707102952914,0.21785421785421785,4.782122905027933
dep,DFW,extension_20251026_1231,671,653,18.0,145.0,4181.0,67,10.014925373134329,0.26865671641791045,2.1641791044776117,62.40298507462686,0.026825633383010434,0.222052067381317,6.230998509687034
dep,DFW,interim_20250520_0615,216,215,1.0,41.0,1654.0,27,8.0,0.037037037037037035,1.5185185185185186,61.25925925925926,0.004629629629629629,0.19069767441860466,7.657407407407407
dep,DFW,pre_20250101_0414,1007,982,25.0,175.0,5418.0,104,9.682692307692308,0.2403846153846154,1.6826923076923077,52.09615384615385,0.024826216484607744,0.17820773930753564,5.380337636544191
dep,DFW,stress_20250415_0519,298,279,19.0,94.0,2895.0,35,8.514285714285714,0.5428571428571428,2.6857142857142855,82.71428571428571,0.06375838926174497,0.33691756272401435,9.71476510067114
dep,DSM,cap_20250616_1025,39,38,1.0,3.0,20.0,132,0.29545454545454547,0.007575757575757576,0.022727272727272728,0.15151515151515152,0.02564102564102564,0.07894736842105263,0.5128205128205128
dep,DSM,extension_20251026_1231,22,21,1.0,4.0,273.0,67,0.3283582089552239,0.014925373134328358,0.05970149253731343,4.074626865671642,0.045454545454545456,0.19047619047619047,12.409090909090908
dep,DSM,interim_20250520_0615,7,7,0.0,0.0,0.0,27,0.25925925925925924,0.0,0.0,0.0,0.0,0.0,0.0
dep,DSM,pre_20250101_0414,2,2,0.0,2.0,35.0,104,0.019230769230769232,0.0,0.019230769230769232,0.33653846153846156,0.0,1.0,17.5
dep,DTW,cap_20250616_1025,1495,1441,54.0,318.0,10315.0,132,11.325757575757576,0.4090909090909091,2.409090909090909,78.14393939393939,0.036120401337792644,0.22068008327550312,6.8996655518394645
dep,DTW,extension_20251026_1231,710,660,50.0,174.0,4131.0,67,10.597014925373134,0.746268656716418,2.5970149253731343,61.656716417910445,0.07042253521126761,0.2636363636363636,5.81830985915493
dep,DTW,interim_20250520_0615,180,177,3.0,29.0,1364.0,27,6.666666666666667,0.1111111111111111,1.0740740740740742,50.51851851851852,0.016666666666666666,0.1638418079096045,7.5777777777777775
dep,DTW,pre_20250101_0414,734,729,5.0,131.0,1151.0,104,7.0576923076923075,0.04807692307692308,1.2596153846153846,11.067307692307692,0.006811989100817439,0.17969821673525377,1.5681198910081744
dep,DTW,stress_20250415_0519,214,204,10.0,68.0,2243.0,35,6.114285714285714,0.2857142857142857,1.9428571428571428,64.08571428571429,0.04672897196261682,0.3333333333333333,10.481308411214954
dep,EGE,extension_20251026_1231,14,14,0.0,4.0,112.0,67,0.208955223880597,0.0,0.05970149253731343,1.671641791044776,0.0,0.2857142857142857,8.0
dep,EGE,pre_20250101_0414,88,88,0.0,24.0,247.0,104,0.8461538461538461,0.0,0.23076923076923078,2.375,0.0,0.2727272727272727,2.8068181818181817
dep,EYW,cap_20250616_1025,132,132,0.0,6.0,360.0,132,1.0,0.0,0.045454545454545456,2.727272727272727,0.0,0.045454545454545456,2.727272727272727
dep,EYW,extension_20251026_1231,80,78,2.0,15.0,1139.0,67,1.1940298507462686,0.029850746268656716,0.22388059701492538,17.0,0.025,0.19230769230769232,14.2375
dep,EYW,interim_20250520_0615,27,27,0.0,4.0,238.0,27,1.0,0.0,0.14814814814814814,8.814814814814815,0.0,0.14814814814814814,8.814814814814815
dep,EYW,pre_20250101_0414,104,103,1.0,12.0,744.0,104,1.0,0.009615384615384616,0.11538461538461539,7.153846153846154,0.009615384615384616,0.11650485436893204,7.153846153846154
dep,EYW,stress_20250415_0519,35,34,1.0,6.0,423.0,35,1.0,0.02857142857142857,0.17142857142857143,12.085714285714285,0.02857142857142857,0.17647058823529413,12.085714285714285
dep,FLL,cap_20250616_1025,1429,1398,31.0,330.0,9779.0,132,10.825757575757576,0.23484848484848486,2.5,74.08333333333333,0.021693491952414275,0.23605150214592274,6.843247025892232
dep,FLL,extension_20251026_1231,1004,960,44.0,261.0,10105.0,67,14.985074626865671,0.6567164179104478,3.8955223880597014,150.82089552238807,0.043824701195219126,0.271875,10.064741035856574
dep,FLL,interim_20250520_0615,228,228,0.0,50.0,1080.0,27,8.444444444444445,0.0,1.8518518518518519,40.0,0.0,0.21929824561403508,4.7368421052631575
dep,FLL,pre_20250101_0414,1725,1707,18.0,341.0,11251.0,104,16.58653846153846,0.17307692307692307,3.2788461538461537,108.1826923076923,0.010434782608695653,0.19976567076742824,6.52231884057971
dep,FLL,stress_20250415_0519,446,425,21.0,131.0,7730.0,35,12.742857142857142,0.6,3.742857142857143,220.85714285714286,0.04708520179372197,0.30823529411764705,17.331838565022423
dep,FNT,cap_20250616_1025,22,22,0.0,1.0,86.0,132,0.16666666666666666,0.0,0.007575757575757576,0.6515151515151515,0.0,0.045454545454545456,3.909090909090909
dep,GRR,cap_20250616_1025,334,321,13.0,49.0,999.0,132,2.5303030303030303,0.09848484848484848,0.3712121212121212,7.568181818181818,0.038922155688622756,0.1526479750778816,2.9910179640718564
dep,GRR,extension_20251026_1231,133,126,7.0,12.0,455.0,67,1.9850746268656716,0.1044776119402985,0.1791044776119403,6.791044776119403,0.05263157894736842,0.09523809523809523,3.4210526315789473
dep,GRR,interim_20250520_0615,62,62,0.0,10.0,256.0,27,2.2962962962962963,0.0,0.37037037037037035,9.481481481481481,0.0,0.16129032258064516,4.129032258064516
dep,GRR,pre_20250101_0414,207,201,6.0,22.0,401.0,104,1.9903846153846154,0.057692307692307696,0.21153846153846154,3.855769230769231,0.028985507246376812,0.10945273631840796,1.9371980676328502
dep,GRR,stress_20250415_0519,49,41,8.0,10.0,325.0,35,1.4,0.22857142857142856,0.2857142857142857,9.285714285714286,0.16326530612244897,0.24390243902439024,6.63265306122449
dep,GSO,cap_20250616_1025,18,18,0.0,2.0,0.0,132,0.13636363636363635,0.0,0.015151515151515152,0.0,0.0,0.1111111111111111,0.0
dep,GSO,interim_20250520_0615,3,3,0.0,0.0,0.0,27,0.1111111111111111,0.0,0.0,0.0,0.0,0.0,0.0
dep,GSO,stress_20250415_0519,2,1,1.0,0.0,0.0,35,0.05714285714285714,0.02857142857142857,0.0,0.0,0.5,0.0,0.0
dep,GSP,cap_20250616_1025,357,339,18.0,75.0,1131.0,132,2.7045454545454546,0.13636363636363635,0.5681818181818182,8.568181818181818,0.05042016806722689,0.22123893805309736,3.168067226890756
dep,GSP,extension_20251026_1231,61,58,3.0,14.0,114.0,67,0.9104477611940298,0.04477611940298507,0.208955223880597,1.7014925373134329,0.04918032786885246,0.2413793103448276,1.8688524590163935
dep,GSP,interim_20250520_0615,54,54,0.0,1.0,341.0,27,2.0,0.0,0.037037037037037035,12.62962962962963,0.0,0.018518518518518517,6.314814814814815
dep,GSP,pre_20250101_0414,43,43,0.0,3.0,63.0,104,0.41346153846153844,0.0,0.028846153846153848,0.6057692307692307,0.0,0.06976744186046512,1.4651162790697674
dep,GSP,stress_20250415_0519,65,52,13.0,3.0,283.0,35,1.8571428571428572,0.37142857142857144,0.08571428571428572,8.085714285714285,0.2,0.057692307692307696,4.3538461538461535
dep,HDN,extension_20251026_1231,14,14,0.0,3.0,37.0,67,0.208955223880597,0.0,0.04477611940298507,0.5522388059701493,0.0,0.21428571428571427,2.642857142857143
dep,HDN,pre_20250101_0414,70,70,0.0,5.0,603.0,104,0.6730769230769231,0.0,0.04807692307692308,5.798076923076923,0.0,0.07142857142857142,8.614285714285714
dep,HHH,cap_20250616_1025,132,132,0.0,14.0,483.0,132,1.0,0.0,0.10606060606060606,3.659090909090909,0.0,0.10606060606060606,3.659090909090909
dep,HHH,interim_20250520_0615,27,27,0.0,1.0,103.0,27,1.0,0.0,0.037037037037037035,3.814814814814815,0.0,0.037037037037037035,3.814814814814815
dep,HHH,pre_20250101_0414,20,20,0.0,2.0,26.0,104,0.19230769230769232,0.0,0.019230769230769232,0.25,0.0,0.1,1.3
dep,HHH,stress_20250415_0519,35,31,4.0,4.0,557.0,35,1.0,0.11428571428571428,0.11428571428571428,15.914285714285715,0.11428571428571428,0.12903225806451613,15.914285714285715
dep,HNL,extension_20251026_1231,33,32,1.0,12.0,298.0,67,0.4925373134328358,0.014925373134328358,0.1791044776119403,4.447761194029851,0.030303030303030304,0.375,9.030303030303031
dep,HNL,pre_20250101_0414,90,90,0.0,21.0,65.0,104,0.8653846153846154,0.0,0.20192307692307693,0.625,0.0,0.23333333333333334,0.7222222222222222
dep,HNL,stress_20250415_0519,5,5,0.0,3.0,0.0,35,0.14285714285714285,0.0,0.08571428571428572,0.0,0.0,0.6,0.0
dep,IAD,cap_20250616_1025,531,517,14.0,162.0,3679.0,132,4.0227272727272725,0.10606060606060606,1.2272727272727273,27.87121212121212,0.026365348399246705,0.31334622823984526,6.928436911487759
dep,IAD,extension_20251026_1231,265,261,4.0,67.0,1375.0,67,3.955223880597015,0.05970149253731343,1.0,20.52238805970149,0.01509433962264151,0.2567049808429119,5.188679245283019
dep,IAD,interim_20250520_0615,120,120,0.0,12.0,568.0,27,4.444444444444445,0.0,0.4444444444444444,21.037037037037038,0.0,0.1,4.733333333333333
dep,IAD,pre_20250101_0414,421,420,1.0,72.0,1721.0,104,4.048076923076923,0.009615384615384616,0.6923076923076923,16.548076923076923,0.0023752969121140144,0.17142857142857143,4.087885985748218
dep,IAD,stress_20250415_0519,163,158,5.0,40.0,1164.0,35,4.6571428571428575,0.14285714285714285,1.1428571428571428,33.25714285714286,0.03067484662576687,0.25316455696202533,7.141104294478527
dep,IAH,cap_20250616_1025,1423,1401,22.0,341.0,7956.0,132,10.780303030303031,0.16666666666666666,2.5833333333333335,60.27272727272727,0.015460295151089248,0.24339757316202712,5.591004919184821
dep,IAH,extension_20251026_1231,721,711,10.0,170.0,2865.0,67,10.761194029850746,0.14925373134328357,2.537313432835821,42.76119402985075,0.013869625520110958,0.2390998593530239,3.973647711511789
dep,IAH,interim_20250520_0615,205,205,0.0,32.0,2464.0,27,7.592592592592593,0.0,1.1851851851851851,91.25925925925925,0.0,0.15609756097560976,12.019512195121951
dep,IAH,pre_20250101_0414,1065,1049,16.0,183.0,4175.0,104,10.240384615384615,0.15384615384615385,1.7596153846153846,40.14423076923077,0.015023474178403756,0.1744518589132507,3.92018779342723
dep,IAH,stress_20250415_0519,311,305,6.0,89.0,2907.0,35,8.885714285714286,0.17142857142857143,2.5428571428571427,83.05714285714286,0.01929260450160772,0.29180327868852457,9.347266881028938
dep,ILM,cap_20250616_1025,1,1,0.0,0.0,0.0,132,0.007575757575757576,0.0,0.0,0.0,0.0,0.0,0.0
dep,ILM,extension_20251026_1231,126,119,7.0,20.0,632.0,67,1.8805970149253732,0.1044776119402985,0.29850746268656714,9.432835820895523,0.05555555555555555,0.16806722689075632,5.015873015873016
dep,ILM,interim_20250520_0615,21,21,0.0,2.0,24.0,27,0.7777777777777778,0.0,0.07407407407407407,0.8888888888888888,0.0,0.09523809523809523,1.1428571428571428
dep,ILM,pre_20250101_0414,42,41,1.0,5.0,78.0,104,0.40384615384615385,0.009615384615384616,0.04807692307692308,0.75,0.023809523809523808,0.12195121951219512,1.8571428571428572
dep,ILM,stress_20250415_0519,34,28,6.0,4.0,142.0,35,0.9714285714285714,0.17142857142857143,0.11428571428571428,4.057142857142857,0.17647058823529413,0.14285714285714285,4.176470588235294
dep,IND,cap_20250616_1025,799,758,41.0,164.0,4884.0,132,6.053030303030303,0.3106060606060606,1.2424242424242424,37.0,0.05131414267834793,0.21635883905013192,6.112640801001252
dep,IND,extension_20251026_1231,453,426,27.0,96.0,2728.0,67,6.7611940298507465,0.40298507462686567,1.4328358208955223,40.71641791044776,0.059602649006622516,0.22535211267605634,6.022075055187638
dep,IND,interim_20250520_0615,106,106,0.0,3.0,547.0,27,3.925925925925926,0.0,0.1111111111111111,20.25925925925926,0.0,0.02830188679245283,5.160377358490566
dep,IND,pre_20250101_0414,590,575,15.0,63.0,1166.0,104,5.673076923076923,0.14423076923076922,0.6057692307692307,11.211538461538462,0.025423728813559324,0.10956521739130434,1.976271186440678
dep,IND,stress_20250415_0519,153,137,16.0,31.0,1664.0,35,4.371428571428571,0.45714285714285713,0.8857142857142857,47.542857142857144,0.10457516339869281,0.22627737226277372,10.875816993464053
dep,ITH,pre_20250101_0414,4,3,1.0,0.0,0.0,104,0.038461538461538464,0.009615384615384616,0.0,0.0,0.25,0.0,0.0
dep,JAC,cap_20250616_1025,93,85,8.0,28.0,552.0,132,0.7045454545454546,0.06060606060606061,0.21212121212121213,4.181818181818182,0.08602150537634409,0.32941176470588235,5.935483870967742
dep,JAC,extension_20251026_1231,28,27,1.0,9.0,219.0,67,0.417910447761194,0.014925373134328358,0.13432835820895522,3.2686567164179103,0.03571428571428571,0.3333333333333333,7.821428571428571
dep,JAC,interim_20250520_0615,25,25,0.0,8.0,202.0,27,0.9259259259259259,0.0,0.2962962962962963,7.481481481481482,0.0,0.32,8.08
dep,JAC,pre_20250101_0414,152,150,2.0,33.0,403.0,104,1.4615384615384615,0.019230769230769232,0.3173076923076923,3.875,0.013157894736842105,0.22,2.651315789473684
dep,JAX,cap_20250616_1025,447,437,10.0,75.0,2440.0,132,3.3863636363636362,0.07575757575757576,0.5681818181818182,18.484848484848484,0.02237136465324385,0.17162471395881007,5.458612975391499
dep,JAX,extension_20251026_1231,263,259,4.0,53.0,904.0,67,3.925373134328358,0.05970149253731343,0.7910447761194029,13.492537313432836,0.015209125475285171,0.20463320463320464,3.4372623574144487
dep,JAX,interim_20250520_0615,56,56,0.0,6.0,335.0,27,2.074074074074074,0.0,0.2222222222222222,12.407407407407407,0.0,0.10714285714285714,5.982142857142857
dep,JAX,pre_20250101_0414,416,407,9.0,59.0,1070.0,104,4.0,0.08653846153846154,0.5673076923076923,10.288461538461538,0.021634615384615384,0.14496314496314497,2.5721153846153846
dep,JAX,stress_20250415_0519,131,120,11.0,33.0,1125.0,35,3.742857142857143,0.3142857142857143,0.9428571428571428,32.142857142857146,0.08396946564885496,0.275,8.587786259541986
dep,LAS,cap_20250616_1025,1080,1072,8.0,238.0,6795.0,132,8.181818181818182,0.06060606060606061,1.803030303030303,51.47727272727273,0.007407407407407408,0.22201492537313433,6.291666666666667
dep,LAS,extension_20251026_1231,496,490,6.0,111.0,2850.0,67,7.402985074626866,0.08955223880597014,1.6567164179104477,42.53731343283582,0.012096774193548387,0.22653061224489796,5.745967741935484
dep,LAS,interim_20250520_0615,187,187,0.0,26.0,1110.0,27,6.925925925925926,0.0,0.9629629629629629,41.111111111111114,0.0,0.13903743315508021,5.935828877005347
dep,LAS,pre_20250101_0414,955,947,8.0,170.0,5199.0,104,9.182692307692308,0.07692307692307693,1.6346153846153846,49.99038461538461,0.008376963350785341,0.1795142555438226,5.443979057591623
dep,LAS,stress_20250415_0519,288,281,7.0,88.0,3809.0,35,8.228571428571428,0.2,2.5142857142857142,108.82857142857142,0.024305555555555556,0.31316725978647686,13.225694444444445
dep,LAX,cap_20250616_1025,2056,2010,46.0,549.0,10898.0,132,15.575757575757576,0.3484848484848485,4.159090909090909,82.56060606060606,0.02237354085603113,0.27313432835820894,5.3005836575875485
dep,LAX,extension_20251026_1231,1037,1018,19.0,301.0,7492.0,67,15.477611940298507,0.2835820895522388,4.492537313432836,111.82089552238806,0.01832208293153327,0.2956777996070727,7.224686595949855
dep,LAX,interim_20250520_0615,399,397,2.0,69.0,2111.0,27,14.777777777777779,0.07407407407407407,2.5555555555555554,78.18518518518519,0.005012531328320802,0.17380352644836272,5.290726817042606
dep,LAX,pre_20250101_0414,1226,1218,8.0,226.0,3944.0,104,11.788461538461538,0.07692307692307693,2.173076923076923,37.92307692307692,0.0065252854812398045,0.18555008210180624,3.2169657422512237
dep,LAX,stress_20250415_0519,510,495,15.0,148.0,3213.0,35,14.571428571428571,0.42857142857142855,4.228571428571429,91.8,0.029411764705882353,0.298989898989899,6.3
dep,MCI,cap_20250616_1025,243,237,6.0,54.0,854.0,132,1.8409090909090908,0.045454545454545456,0.4090909090909091,6.46969696969697,0.024691358024691357,0.22784810126582278,3.51440329218107
dep,MCI,extension_20251026_1231,98,93,5.0,15.0,319.0,67,1.462686567164179,0.07462686567164178,0.22388059701492538,4.7611940298507465,0.05102040816326531,0.16129032258064516,3.2551020408163267
dep,MCI,interim_20250520_0615,28,28,0.0,5.0,79.0,27,1.037037037037037,0.0,0.18518518518518517,2.925925925925926,0.0,0.17857142857142858,2.8214285714285716
dep,MCI,stress_20250415_0519,14,7,7.0,1.0,0.0,35,0.4,0.2,0.02857142857142857,0.0,0.5,0.14285714285714285,0.0
dep,MCO,cap_20250616_1025,2147,2106,41.0,497.0,17758.0,132,16.265151515151516,0.3106060606060606,3.765151515151515,134.53030303030303,0.019096413600372612,0.23599240265906932,8.271075919888217
dep,MCO,extension_20251026_1231,1336,1284,52.0,318.0,11918.0,67,19.940298507462686,0.7761194029850746,4.746268656716418,177.88059701492537,0.038922155688622756,0.24766355140186916,8.92065868263473
dep,MCO,interim_20250520_0615,380,378,2.0,74.0,3517.0,27,14.074074074074074,0.07407407407407407,2.740740740740741,130.25925925925927,0.005263157894736842,0.19576719576719576,9.255263157894737
dep,MCO,pre_20250101_0414,2098,2077,21.0,374.0,10165.0,104,20.173076923076923,0.20192307692307693,3.5961538461538463,97.74038461538461,0.010009532888465206,0.18006740491092924,4.8450905624404195
dep,MCO,stress_20250415_0519,618,596,22.0,156.0,6591.0,35,17.65714285714286,0.6285714285714286,4.457142857142857,188.31428571428572,0.03559870550161812,0.26174496644295303,10.66504854368932
dep,MDW,cap_20250616_1025,8,8,0.0,6.0,18.0,132,0.06060606060606061,0.0,0.045454545454545456,0.13636363636363635,0.0,0.75,2.25
dep,MDW,extension_20251026_1231,28,25,3.0,11.0,111.0,67,0.417910447761194,0.04477611940298507,0.16417910447761194,1.6567164179104477,0.10714285714285714,0.44,3.9642857142857144
dep,MEM,cap_20250616_1025,244,229,15.0,62.0,599.0,132,1.8484848484848484,0.11363636363636363,0.4696969696969697,4.537878787878788,0.06147540983606557,0.27074235807860264,2.4549180327868854
dep,MEM,extension_20251026_1231,98,93,5.0,18.0,320.0,67,1.462686567164179,0.07462686567164178,0.26865671641791045,4.776119402985074,0.05102040816326531,0.1935483870967742,3.2653061224489797
dep,MEM,interim_20250520_0615,27,27,0.0,6.0,10.0,27,1.0,0.0,0.2222222222222222,0.37037037037037035,0.0,0.2222222222222222,0.37037037037037035
dep,MEM,stress_20250415_0519,14,7,7.0,1.0,7.0,35,0.4,0.2,0.02857142857142857,0.2,0.5,0.14285714285714285,0.5
dep,MIA,cap_20250616_1025,1277,1252,25.0,262.0,8894.0,132,9.674242424242424,0.1893939393939394,1.9848484848484849,67.37878787878788,0.01957713390759593,0.20926517571884984,6.964761158966327
dep,MIA,extension_20251026_1231,791,761,30.0,179.0,4845.0,67,11.805970149253731,0.44776119402985076,2.671641791044776,72.31343283582089,0.03792667509481669,0.2352168199737188,6.125158027812895
dep,MIA,interim_20250520_0615,198,197,1.0,45.0,1769.0,27,7.333333333333333,0.037037037037037035,1.6666666666666667,65.51851851851852,0.005050505050505051,0.22842639593908629,8.934343434343434
dep,MIA,pre_20250101_0414,1430,1418,12.0,245.0,8299.0,104,13.75,0.11538461538461539,2.355769230769231,79.79807692307692,0.008391608391608392,0.17277856135401976,5.803496503496503
dep,MIA,stress_20250415_0519,370,358,12.0,113.0,5019.0,35,10.571428571428571,0.34285714285714286,3.2285714285714286,143.4,0.032432432432432434,0.31564245810055863,13.564864864864864
dep,MKE,cap_20250616_1025,361,340,21.0,63.0,1513.0,132,2.734848484848485,0.1590909090909091,0.4772727272727273,11.462121212121213,0.05817174515235457,0.18529411764705883,4.191135734072022
dep,MKE,extension_20251026_1231,128,118,10.0,14.0,262.0,67,1.9104477611940298,0.14925373134328357,0.208955223880597,3.91044776119403,0.078125,0.11864406779661017,2.046875
dep,MKE,interim_20250520_0615,50,50,0.0,3.0,261.0,27,1.8518518518518519,0.0,0.1111111111111111,9.666666666666666,0.0,0.06,5.22
dep,MKE,pre_20250101_0414,198,192,6.0,20.0,253.0,104,1.9038461538461537,0.057692307692307696,0.19230769230769232,2.4326923076923075,0.030303030303030304,0.10416666666666667,1.2777777777777777
dep,MKE,stress_20250415_0519,56,45,11.0,4.0,272.0,35,1.6,0.3142857142857143,0.11428571428571428,7.771428571428571,0.19642857142857142,0.08888888888888889,4.857142857142857
dep,MSN,cap_20250616_1025,132,122,10.0,39.0,637.0,132,1.0,0.07575757575757576,0.29545454545454547,4.825757575757576,0.07575757575757576,0.319672131147541,4.825757575757576
dep,MSN,extension_20251026_1231,67,67,0.0,31.0,271.0,67,1.0,0.0,0.4626865671641791,4.044776119402985,0.0,0.4626865671641791,4.044776119402985
dep,MSN,interim_20250520_0615,27,27,0.0,2.0,50.0,27,1.0,0.0,0.07407407407407407,1.8518518518518519,0.0,0.07407407407407407,1.8518518518518519
dep,MSN,pre_20250101_0414,104,100,4.0,14.0,316.0,104,1.0,0.038461538461538464,0.1346153846153846,3.0384615384615383,0.038461538461538464,0.14,3.0384615384615383
dep,MSN,stress_20250415_0519,28,16,12.0,2.0,235.0,35,0.8,0.34285714285714286,0.05714285714285714,6.714285714285714,0.42857142857142855,0.125,8.392857142857142
dep,MSP,cap_20250616_1025,851,832,19.0,218.0,4285.0,132,6.446969696969697,0.14393939393939395,1.6515151515151516,32.46212121212121,0.022326674500587545,0.2620192307692308,5.035252643948296
dep,MSP,extension_20251026_1231,371,345,26.0,94.0,1991.0,67,5.537313432835821,0.3880597014925373,1.4029850746268657,29.71641791044776,0.07008086253369272,0.27246376811594203,5.366576819407008
dep,MSP,interim_20250520_0615,135,134,1.0,33.0,586.0,27,5.0,0.037037037037037035,1.2222222222222223,21.703703703703702,0.007407407407407408,0.2462686567164179,4.340740740740741
dep,MSP,pre_20250101_0414,595,588,7.0,103.0,1092.0,104,5.721153846153846,0.0673076923076923,0.9903846153846154,10.5,0.011764705882352941,0.17517006802721088,1.8352941176470587
dep,MSP,stress_20250415_0519,174,172,2.0,69.0,1494.0,35,4.9714285714285715,0.05714285714285714,1.9714285714285715,42.68571428571428,0.011494252873563218,0.4011627906976744,8.586206896551724
dep,MSY,cap_20250616_1025,341,337,4.0,79.0,2159.0,132,2.5833333333333335,0.030303030303030304,0.5984848484848485,16.356060606060606,0.011730205278592375,0.2344213649851632,6.331378299120234
dep,MSY,extension_20251026_1231,261,252,9.0,73.0,1261.0,67,3.8955223880597014,0.13432835820895522,1.0895522388059702,18.82089552238806,0.034482758620689655,0.2896825396825397,4.831417624521073
dep,MSY,interim_20250520_0615,69,69,0.0,16.0,389.0,27,2.5555555555555554,0.0,0.5925925925925926,14.407407407407407,0.0,0.2318840579710145,5.63768115942029
dep,MSY,pre_20250101_0414,451,435,16.0,71.0,1047.0,104,4.336538461538462,0.15384615384615385,0.6826923076923077,10.067307692307692,0.03547671840354767,0.1632183908045977,2.3215077605321506
dep,MSY,stress_20250415_0519,128,123,5.0,43.0,1855.0,35,3.657142857142857,0.14285714285714285,1.2285714285714286,53.0,0.0390625,0.34959349593495936,14.4921875
dep,MTJ,extension_20251026_1231,13,13,0.0,4.0,187.0,67,0.19402985074626866,0.0,0.05970149253731343,2.791044776119403,0.0,0.3076923076923077,14.384615384615385
dep,MTJ,pre_20250101_0414,71,71,0.0,17.0,124.0,104,0.6826923076923077,0.0,0.16346153846153846,1.1923076923076923,0.0,0.23943661971830985,1.7464788732394365
dep,MYR,cap_20250616_1025,448,434,14.0,95.0,4399.0,132,3.393939393939394,0.10606060606060606,0.7196969696969697,33.32575757575758,0.03125,0.21889400921658986,9.819196428571429
dep,MYR,extension_20251026_1231,143,132,11.0,36.0,1405.0,67,2.1343283582089554,0.16417910447761194,0.5373134328358209,20.970149253731343,0.07692307692307693,0.2727272727272727,9.825174825174825
dep,MYR,interim_20250520_0615,66,66,0.0,16.0,599.0,27,2.4444444444444446,0.0,0.5925925925925926,22.185185185185187,0.0,0.24242424242424243,9.075757575757576
dep,MYR,pre_20250101_0414,250,242,8.0,39.0,1103.0,104,2.4038461538461537,0.07692307692307693,0.375,10.60576923076923,0.032,0.16115702479338842,4.412
dep,MYR,stress_20250415_0519,124,106,18.0,32.0,2800.0,35,3.5428571428571427,0.5142857142857142,0.9142857142857143,80.0,0.14516129032258066,0.3018867924528302,22.580645161290324
dep,OGG,extension_20251026_1231,2,2,0.0,0.0,0.0,67,0.029850746268656716,0.0,0.0,0.0,0.0,0.0,0.0
dep,OGG,pre_20250101_0414,1,1,0.0,0.0,0.0,104,0.009615384615384616,0.0,0.0,0.0,0.0,0.0,0.0
dep,OMA,stress_20250415_0519,4,4,0.0,2.0,7.0,35,0.11428571428571428,0.0,0.05714285714285714,0.2,0.0,0.5,1.75
dep,ORD,cap_20250616_1025,2109,2059,50.0,488.0,16716.0,132,15.977272727272727,0.3787878787878788,3.696969696969697,126.63636363636364,0.02370791844476055,0.2370082564351627,7.926031294452347
dep,ORD,extension_20251026_1231,1134,1093,41.0,272.0,13031.0,67,16.925373134328357,0.6119402985074627,4.059701492537314,194.49253731343285,0.036155202821869487,0.24885635864592864,11.491181657848324
dep,ORD,interim_20250520_0615,422,420,2.0,76.0,1988.0,27,15.62962962962963,0.07407407407407407,2.814814814814815,73.62962962962963,0.004739336492890996,0.18095238095238095,4.710900473933649
dep,ORD,pre_20250101_0414,1734,1723,11.0,344.0,8577.0,104,16.673076923076923,0.10576923076923077,3.3076923076923075,82.47115384615384,0.006343713956170703,0.1996517701683111,4.946366782006921
dep,ORD,stress_20250415_0519,591,557,34.0,171.0,4162.0,35,16.885714285714286,0.9714285714285714,4.885714285714286,118.91428571428571,0.05752961082910321,0.30700179533213645,7.042301184433164
dep,ORF,cap_20250616_1025,200,189,11.0,71.0,730.0,132,1.5151515151515151,0.08333333333333333,0.5378787878787878,5.53030303030303,0.055,0.37566137566137564,3.65
dep,ORF,extension_20251026_1231,174,165,9.0,34.0,712.0,67,2.5970149253731343,0.13432835820895522,0.5074626865671642,10.626865671641792,0.05172413793103448,0.20606060606060606,4.091954022988506
dep,ORF,interim_20250520_0615,28,28,0.0,5.0,42.0,27,1.037037037037037,0.0,0.18518518518518517,1.5555555555555556,0.0,0.17857142857142858,1.5
dep,ORF,pre_20250101_0414,244,238,6.0,37.0,436.0,104,2.3461538461538463,0.057692307692307696,0.3557692307692308,4.1923076923076925,0.02459016393442623,0.15546218487394958,1.7868852459016393
dep,ORF,stress_20250415_0519,53,48,5.0,17.0,179.0,35,1.5142857142857142,0.14285714285714285,0.4857142857142857,5.114285714285714,0.09433962264150944,0.3541666666666667,3.3773584905660377
dep,PBI,cap_20250616_1025,916,903,13.0,212.0,4145.0,132,6.9393939393939394,0.09848484848484848,1.606060606060606,31.401515151515152,0.014192139737991267,0.23477297895902546,4.525109170305677
dep,PBI,extension_20251026_1231,786,765,21.0,184.0,6764.0,67,11.73134328358209,0.31343283582089554,2.746268656716418,100.95522388059702,0.026717557251908396,0.24052287581699347,8.60559796437659
dep,PBI,interim_20250520_0615,158,158,0.0,24.0,884.0,27,5.851851851851852,0.0,0.8888888888888888,32.74074074074074,0.0,0.1518987341772152,5.594936708860759
dep,PBI,pre_20250101_0414,1264,1252,12.0,284.0,8104.0,104,12.153846153846153,0.11538461538461539,2.730769230769231,77.92307692307692,0.00949367088607595,0.2268370607028754,6.4113924050632916
dep,PBI,stress_20250415_0519,358,343,15.0,84.0,2148.0,35,10.228571428571428,0.42857142857142855,2.4,61.371428571428574,0.04189944134078212,0.24489795918367346,6.0
dep,PDX,cap_20250616_1025,386,380,6.0,71.0,2032.0,132,2.9242424242424243,0.045454545454545456,0.5378787878787878,15.393939393939394,0.015544041450777202,0.1868421052631579,5.2642487046632125
dep,PDX,extension_20251026_1231,133,132,1.0,31.0,954.0,67,1.9850746268656716,0.014925373134328358,0.4626865671641791,14.238805970149254,0.007518796992481203,0.23484848484848486,7.172932330827067
dep,PDX,interim_20250520_0615,54,54,0.0,10.0,189.0,27,2.0,0.0,0.37037037037037035,7.0,0.0,0.18518518518518517,3.5
dep,PDX,pre_20250101_0414,163,161,2.0,28.0,404.0,104,1.5673076923076923,0.019230769230769232,0.2692307692307692,3.8846153846153846,0.012269938650306749,0.17391304347826086,2.478527607361963
dep,PDX,stress_20250415_0519,69,68,1.0,27.0,562.0,35,1.9714285714285715,0.02857142857142857,0.7714285714285715,16.057142857142857,0.014492753623188406,0.39705882352941174,8.144927536231885
dep,PHX,cap_20250616_1025,873,860,13.0,177.0,3704.0,132,6.613636363636363,0.09848484848484848,1.3409090909090908,28.060606060606062,0.014891179839633447,0.2058139534883721,4.242840778923253
dep,PHX,extension_20251026_1231,504,495,9.0,110.0,2850.0,67,7.522388059701493,0.13432835820895522,1.6417910447761195,42.53731343283582,0.017857142857142856,0.2222222222222222,5.654761904761905
dep,PHX,interim_20250520_0615,162,162,0.0,37.0,644.0,27,6.0,0.0,1.3703703703703705,23.85185185185185,0.0,0.22839506172839505,3.9753086419753085
dep,PHX,pre_20250101_0414,728,727,1.0,137.0,1778.0,104,7.0,0.009615384615384616,1.3173076923076923,17.096153846153847,0.0013736263736263737,0.18844566712517194,2.4423076923076925
dep,PHX,stress_20250415_0519,240,232,8.0,85.0,1341.0,35,6.857142857142857,0.22857142857142856,2.4285714285714284,38.31428571428572,0.03333333333333333,0.36637931034482757,5.5875
dep,PIT,cap_20250616_1025,756,716,40.0,155.0,3683.0,132,5.7272727272727275,0.30303030303030304,1.1742424242424243,27.901515151515152,0.05291005291005291,0.2164804469273743,4.871693121693122
dep,PIT,extension_20251026_1231,350,329,21.0,63.0,886.0,67,5.223880597014926,0.31343283582089554,0.9402985074626866,13.223880597014926,0.06,0.19148936170212766,2.5314285714285716
dep,PIT,interim_20250520_0615,123,122,1.0,21.0,325.0,27,4.555555555555555,0.037037037037037035,0.7777777777777778,12.037037037037036,0.008130081300813009,0.1721311475409836,2.6422764227642275
dep,PIT,pre_20250101_0414,574,559,15.0,80.0,2393.0,104,5.519230769230769,0.14423076923076922,0.7692307692307693,23.009615384615383,0.02613240418118467,0.14311270125223613,4.168989547038327
dep,PIT,stress_20250415_0519,155,118,37.0,32.0,2208.0,35,4.428571428571429,1.0571428571428572,0.9142857142857143,63.08571428571429,0.23870967741935484,0.2711864406779661,14.245161290322581
dep,PSP,extension_20251026_1231,14,14,0.0,1.0,15.0,67,0.208955223880597,0.0,0.014925373134328358,0.22388059701492538,0.0,0.07142857142857142,1.0714285714285714
dep,PVD,pre_20250101_0414,11,11,0.0,4.0,3.0,104,0.10576923076923077,0.0,0.038461538461538464,0.028846153846153848,0.0,0.36363636363636365,0.2727272727272727
dep,PWM,cap_20250616_1025,519,500,19.0,95.0,1125.0,132,3.9318181818181817,0.14393939393939395,0.7196969696969697,8.522727272727273,0.036608863198458574,0.19,2.167630057803468
dep,PWM,extension_20251026_1231,113,111,2.0,43.0,450.0,67,1.6865671641791045,0.029850746268656716,0.6417910447761194,6.7164179104477615,0.017699115044247787,0.38738738738738737,3.982300884955752
dep,PWM,interim_20250520_0615,54,54,0.0,9.0,137.0,27,2.0,0.0,0.3333333333333333,5.074074074074074,0.0,0.16666666666666666,2.537037037037037
dep,PWM,pre_20250101_0414,216,214,2.0,37.0,263.0,104,2.076923076923077,0.019230769230769232,0.3557692307692308,2.5288461538461537,0.009259259259259259,0.17289719626168223,1.2175925925925926
dep,PWM,stress_20250415_0519,47,44,3.0,20.0,141.0,35,1.3428571428571427,0.08571428571428572,0.5714285714285714,4.0285714285714285,0.06382978723404255,0.45454545454545453,3.0
dep,RDU,cap_20250616_1025,649,628,21.0,148.0,3183.0,132,4.916666666666667,0.1590909090909091,1.121212121212121,24.113636363636363,0.032357473035439135,0.2356687898089172,4.90446841294299
dep,RDU,extension_20251026_1231,409,396,13.0,113.0,2003.0,67,6.104477611940299,0.19402985074626866,1.6865671641791045,29.895522388059703,0.03178484107579462,0.28535353535353536,4.897310513447433
dep,RDU,interim_20250520_0615,136,136,0.0,22.0,520.0,27,5.037037037037037,0.0,0.8148148148148148,19.25925925925926,0.0,0.16176470588235295,3.823529411764706
dep,RDU,pre_20250101_0414,498,489,9.0,89.0,1075.0,104,4.788461538461538,0.08653846153846154,0.8557692307692307,10.336538461538462,0.018072289156626505,0.18200408997955012,2.1586345381526106
dep,RDU,stress_20250415_0519,158,151,7.0,55.0,1222.0,35,4.514285714285714,0.2,1.5714285714285714,34.91428571428571,0.04430379746835443,0.36423841059602646,7.734177215189874
dep,RIC,cap_20250616_1025,136,132,4.0,29.0,527.0,132,1.0303030303030303,0.030303030303030304,0.2196969696969697,3.992424242424242,0.029411764705882353,0.2196969696969697,3.875
dep,RIC,extension_20251026_1231,110,103,7.0,9.0,435.0,67,1.6417910447761195,0.1044776119402985,0.13432835820895522,6.492537313432836,0.06363636363636363,0.08737864077669903,3.9545454545454546
dep,RNO,cap_20250616_1025,3,3,0.0,1.0,0.0,132,0.022727272727272728,0.0,0.007575757575757576,0.0,0.0,0.3333333333333333,0.0
dep,ROC,cap_20250616_1025,218,200,18.0,45.0,172.0,132,1.6515151515151516,0.13636363636363635,0.3409090909090909,1.303030303030303,0.08256880733944955,0.225,0.7889908256880734
dep,ROC,extension_20251026_1231,109,101,8.0,15.0,257.0,67,1.626865671641791,0.11940298507462686,0.22388059701492538,3.8358208955223883,0.07339449541284404,0.1485148514851485,2.3577981651376145
dep,ROC,interim_20250520_0615,48,48,0.0,8.0,88.0,27,1.7777777777777777,0.0,0.2962962962962963,3.259259259259259,0.0,0.16666666666666666,1.8333333333333333
dep,ROC,pre_20250101_0414,166,166,0.0,32.0,226.0,104,1.5961538461538463,0.0,0.3076923076923077,2.173076923076923,0.0,0.1927710843373494,1.3614457831325302
dep,ROC,stress_20250415_0519,64,62,2.0,20.0,369.0,35,1.8285714285714285,0.05714285714285714,0.5714285714285714,10.542857142857143,0.03125,0.3225806451612903,5.765625
dep,RSW,cap_20250616_1025,543,539,4.0,96.0,1594.0,132,4.113636363636363,0.030303030303030304,0.7272727272727273,12.075757575757576,0.007366482504604052,0.17810760667903525,2.9355432780847144
dep,RSW,extension_20251026_1231,453,443,10.0,97.0,2440.0,67,6.7611940298507465,0.14925373134328357,1.4477611940298507,36.417910447761194,0.02207505518763797,0.21896162528216703,5.386313465783664
dep,RSW,interim_20250520_0615,101,101,0.0,12.0,273.0,27,3.740740740740741,0.0,0.4444444444444444,10.11111111111111,0.0,0.1188118811881188,2.702970297029703
dep,RSW,pre_20250101_0414,750,746,4.0,149.0,2831.0,104,7.211538461538462,0.038461538461538464,1.4326923076923077,27.221153846153847,0.005333333333333333,0.19973190348525469,3.7746666666666666
dep,RSW,stress_20250415_0519,236,230,6.0,60.0,1741.0,35,6.742857142857143,0.17142857142857143,1.7142857142857142,49.74285714285714,0.025423728813559324,0.2608695652173913,7.377118644067797
dep,SAN,cap_20250616_1025,648,636,12.0,143.0,3549.0,132,4.909090909090909,0.09090909090909091,1.0833333333333333,26.886363636363637,0.018518518518518517,0.2248427672955975,5.476851851851852
dep,SAN,extension_20251026_1231,266,261,5.0,58.0,1294.0,67,3.970149253731343,0.07462686567164178,0.8656716417910447,19.313432835820894,0.018796992481203006,0.2222222222222222,4.864661654135339
dep,SAN,interim_20250520_0615,109,109,0.0,21.0,557.0,27,4.037037037037037,0.0,0.7777777777777778,20.62962962962963,0.0,0.1926605504587156,5.110091743119266
dep,SAN,pre_20250101_0414,378,377,1.0,50.0,1457.0,104,3.6346153846153846,0.009615384615384616,0.4807692307692308,14.009615384615385,0.0026455026455026454,0.13262599469496023,3.8544973544973544
dep,SAN,stress_20250415_0519,151,148,3.0,43.0,746.0,35,4.314285714285714,0.08571428571428572,1.2285714285714286,21.314285714285713,0.019867549668874173,0.2905405405405405,4.940397350993377
dep,SAT,cap_20250616_1025,161,160,1.0,24.0,571.0,132,1.2196969696969697,0.007575757575757576,0.18181818181818182,4.325757575757576,0.006211180124223602,0.15,3.546583850931677
dep,SAT,extension_20251026_1231,126,126,0.0,19.0,466.0,67,1.8805970149253732,0.0,0.2835820895522388,6.955223880597015,0.0,0.15079365079365079,3.6984126984126986
dep,SAT,interim_20250520_0615,34,34,0.0,2.0,161.0,27,1.2592592592592593,0.0,0.07407407407407407,5.962962962962963,0.0,0.058823529411764705,4.735294117647059
dep,SAT,pre_20250101_0414,148,148,0.0,31.0,273.0,104,1.4230769230769231,0.0,0.2980769230769231,2.625,0.0,0.20945945945945946,1.8445945945945945
dep,SAT,stress_20250415_0519,39,39,0.0,8.0,221.0,35,1.1142857142857143,0.0,0.22857142857142856,6.314285714285714,0.0,0.20512820512820512,5.666666666666667
dep,SAV,cap_20250616_1025,384,379,5.0,76.0,1281.0,132,2.909090909090909,0.03787878787878788,0.5757575757575758,9.704545454545455,0.013020833333333334,0.20052770448548812,3.3359375
dep,SAV,extension_20251026_1231,240,232,8.0,50.0,1009.0,67,3.582089552238806,0.11940298507462686,0.746268656716418,15.059701492537313,0.03333333333333333,0.21551724137931033,4.204166666666667
dep,SAV,interim_20250520_0615,53,53,0.0,10.0,122.0,27,1.962962962962963,0.0,0.37037037037037035,4.518518518518518,0.0,0.18867924528301888,2.30188679245283
dep,SAV,pre_20250101_0414,283,276,7.0,41.0,651.0,104,2.7211538461538463,0.0673076923076923,0.3942307692307692,6.259615384615385,0.024734982332155476,0.14855072463768115,2.3003533568904593
dep,SAV,stress_20250415_0519,63,61,2.0,15.0,253.0,35,1.8,0.05714285714285714,0.42857142857142855,7.228571428571429,0.031746031746031744,0.2459016393442623,4.015873015873016
dep,SBN,cap_20250616_1025,5,5,0.0,2.0,2.0,132,0.03787878787878788,0.0,0.015151515151515152,0.015151515151515152,0.0,0.4,0.4
dep,SBN,extension_20251026_1231,2,2,0.0,0.0,0.0,67,0.029850746268656716,0.0,0.0,0.0,0.0,0.0,0.0
dep,SDF,cap_20250616_1025,312,300,12.0,58.0,1434.0,132,2.3636363636363638,0.09090909090909091,0.4393939393939394,10.863636363636363,0.038461538461538464,0.19333333333333333,4.596153846153846
dep,SDF,extension_20251026_1231,178,165,13.0,34.0,696.0,67,2.656716417910448,0.19402985074626866,0.5074626865671642,10.388059701492537,0.07303370786516854,0.20606060606060606,3.9101123595505616
dep,SDF,interim_20250520_0615,62,61,1.0,6.0,210.0,27,2.2962962962962963,0.037037037037037035,0.2222222222222222,7.777777777777778,0.016129032258064516,0.09836065573770492,3.3870967741935485
dep,SDF,pre_20250101_0414,284,277,7.0,23.0,593.0,104,2.730769230769231,0.0673076923076923,0.22115384615384615,5.701923076923077,0.02464788732394366,0.08303249097472924,2.0880281690140845
dep,SDF,stress_20250415_0519,67,58,9.0,17.0,661.0,35,1.9142857142857144,0.2571428571428571,0.4857142857142857,18.885714285714286,0.13432835820895522,0.29310344827586204,9.865671641791044
dep,SEA,cap_20250616_1025,938,923,15.0,195.0,5758.0,132,7.106060606060606,0.11363636363636363,1.4772727272727273,43.621212121212125,0.015991471215351813,0.2112676056338028,6.138592750533049
dep,SEA,extension_20251026_1231,385,373,12.0,95.0,4026.0,67,5.746268656716418,0.1791044776119403,1.4179104477611941,60.08955223880597,0.03116883116883117,0.2546916890080429,10.457142857142857
dep,SEA,interim_20250520_0615,133,131,2.0,24.0,493.0,27,4.925925925925926,0.07407407407407407,0.8888888888888888,18.25925925925926,0.015037593984962405,0.183206106870229,3.706766917293233
dep,SEA,pre_20250101_0414,411,408,3.0,72.0,1339.0,104,3.951923076923077,0.028846153846153848,0.6923076923076923,12.875,0.0072992700729927005,0.17647058823529413,3.2579075425790753
dep,SEA,stress_20250415_0519,139,136,3.0,66.0,1410.0,35,3.9714285714285715,0.08571428571428572,1.8857142857142857,40.285714285714285,0.02158273381294964,0.4852941176470588,10.143884892086332
dep,SFO,cap_20250616_1025,1649,1607,42.0,474.0,9571.0,132,12.492424242424242,0.3181818181818182,3.590909090909091,72.50757575757575,0.025469981807155852,0.29495955196017426,5.804123711340206
dep,SFO,extension_20251026_1231,791,779,12.0,252.0,8293.0,67,11.805970149253731,0.1791044776119403,3.7611940298507465,123.77611940298507,0.015170670037926675,0.32349165596919127,10.484197218710493
dep,SFO,interim_20250520_0615,347,342,5.0,73.0,1347.0,27,12.851851851851851,0.18518518518518517,2.7037037037037037,49.888888888888886,0.01440922190201729,0.2134502923976608,3.881844380403458
dep,SFO,pre_20250101_0414,1147,1146,1.0,244.0,5157.0,104,11.028846153846153,0.009615384615384616,2.3461538461538463,49.58653846153846,0.0008718395815170009,0.21291448516579406,4.496076721883173
dep,SFO,stress_20250415_0519,474,458,16.0,144.0,2211.0,35,13.542857142857143,0.45714285714285713,4.114285714285714,63.17142857142857,0.03375527426160337,0.314410480349345,4.6645569620253164
dep,SJU,cap_20250616_1025,751,734,17.0,189.0,4493.0,132,5.6893939393939394,0.12878787878787878,1.4318181818181819,34.03787878787879,0.022636484687083888,0.2574931880108992,5.982689747003994
dep,SJU,extension_20251026_1231,371,357,14.0,123.0,2778.0,67,5.537313432835821,0.208955223880597,1.835820895522388,41.46268656716418,0.03773584905660377,0.3445378151260504,7.487870619946092
dep,SJU,interim_20250520_0615,164,162,2.0,31.0,785.0,27,6.074074074074074,0.07407407407407407,1.1481481481481481,29.074074074074073,0.012195121951219513,0.19135802469135801,4.786585365853658
dep,SJU,pre_20250101_0414,719,716,3.0,158.0,5359.0,104,6.913461538461538,0.028846153846153848,1.5192307692307692,51.52884615384615,0.004172461752433936,0.2206703910614525,7.453407510431155
dep,SJU,stress_20250415_0519,243,240,3.0,65.0,2080.0,35,6.942857142857143,0.08571428571428572,1.8571428571428572,59.42857142857143,0.012345679012345678,0.2708333333333333,8.559670781893004
dep,SLC,cap_20250616_1025,393,388,5.0,75.0,1818.0,132,2.977272727272727,0.03787878787878788,0.5681818181818182,13.772727272727273,0.01272264631043257,0.19329896907216496,4.625954198473282
dep,SLC,extension_20251026_1231,210,205,5.0,72.0,1195.0,67,3.1343283582089554,0.07462686567164178,1.0746268656716418,17.83582089552239,0.023809523809523808,0.35121951219512193,5.690476190476191
dep,SLC,interim_20250520_0615,81,81,0.0,18.0,409.0,27,3.0,0.0,0.6666666666666666,15.148148148148149,0.0,0.2222222222222222,5.049382716049383
dep,SLC,pre_20250101_0414,458,457,1.0,106.0,2264.0,104,4.403846153846154,0.009615384615384616,1.0192307692307692,21.76923076923077,0.002183406113537118,0.23194748358862144,4.943231441048035
dep,SLC,stress_20250415_0519,105,104,1.0,43.0,564.0,35,3.0,0.02857142857142857,1.2285714285714286,16.114285714285714,0.009523809523809525,0.41346153846153844,5.371428571428571
dep,SMF,cap_20250616_1025,132,129,3.0,56.0,864.0,132,1.0,0.022727272727272728,0.42424242424242425,6.545454545454546,0.022727272727272728,0.43410852713178294,6.545454545454546
dep,SMF,extension_20251026_1231,67,66,1.0,13.0,440.0,67,1.0,0.014925373134328358,0.19402985074626866,6.567164179104478,0.014925373134328358,0.19696969696969696,6.567164179104478
dep,SMF,interim_20250520_0615,27,27,0.0,2.0,66.0,27,1.0,0.0,0.07407407407407407,2.4444444444444446,0.0,0.07407407407407407,2.4444444444444446
dep,SMF,pre_20250101_0414,22,22,0.0,5.0,15.0,104,0.21153846153846154,0.0,0.04807692307692308,0.14423076923076922,0.0,0.22727272727272727,0.6818181818181818
dep,SMF,stress_20250415_0519,35,35,0.0,15.0,315.0,35,1.0,0.0,0.42857142857142855,9.0,0.0,0.42857142857142855,9.0
dep,SNA,cap_20250616_1025,396,392,4.0,78.0,1224.0,132,3.0,0.030303030303030304,0.5909090909090909,9.272727272727273,0.010101010101010102,0.1989795918367347,3.090909090909091
dep,SNA,extension_20251026_1231,199,196,3.0,39.0,452.0,67,2.970149253731343,0.04477611940298507,0.582089552238806,6.746268656716418,0.01507537688442211,0.1989795918367347,2.271356783919598
dep,SNA,interim_20250520_0615,81,81,0.0,5.0,177.0,27,3.0,0.0,0.18518518518518517,6.555555555555555,0.0,0.06172839506172839,2.185185185185185
dep,SNA,pre_20250101_0414,312,311,1.0,49.0,785.0,104,3.0,0.009615384615384616,0.47115384615384615,7.548076923076923,0.003205128205128205,0.15755627009646303,2.516025641025641
dep,SNA,stress_20250415_0519,100,95,5.0,25.0,387.0,35,2.857142857142857,0.14285714285714285,0.7142857142857143,11.057142857142857,0.05,0.2631578947368421,3.87
dep,SRQ,cap_20250616_1025,272,270,2.0,75.0,474.0,132,2.0606060606060606,0.015151515151515152,0.5681818181818182,3.590909090909091,0.007352941176470588,0.2777777777777778,1.7426470588235294
dep,SRQ,extension_20251026_1231,194,186,8.0,49.0,676.0,67,2.8955223880597014,0.11940298507462686,0.7313432835820896,10.08955223880597,0.041237113402061855,0.26344086021505375,3.484536082474227
dep,SRQ,interim_20250520_0615,54,54,0.0,5.0,170.0,27,2.0,0.0,0.18518518518518517,6.296296296296297,0.0,0.09259259259259259,3.1481481481481484
dep,SRQ,pre_20250101_0414,312,308,4.0,48.0,992.0,104,3.0,0.038461538461538464,0.46153846153846156,9.538461538461538,0.01282051282051282,0.15584415584415584,3.1794871794871793
dep,SRQ,stress_20250415_0519,100,97,3.0,25.0,314.0,35,2.857142857142857,0.08571428571428572,0.7142857142857143,8.971428571428572,0.03,0.25773195876288657,3.14
dep,STL,cap_20250616_1025,411,392,19.0,86.0,1013.0,132,3.1136363636363638,0.14393939393939395,0.6515151515151515,7.674242424242424,0.046228710462287104,0.2193877551020408,2.464720194647202
dep,STL,extension_20251026_1231,179,166,13.0,32.0,473.0,67,2.671641791044776,0.19402985074626866,0.47761194029850745,7.059701492537314,0.07262569832402235,0.1927710843373494,2.642458100558659
dep,STL,interim_20250520_0615,54,53,1.0,11.0,61.0,27,2.0,0.037037037037037035,0.4074074074074074,2.259259259259259,0.018518518518518517,0.20754716981132076,1.1296296296296295
dep,STL,pre_20250101_0414,285,273,12.0,34.0,668.0,104,2.7403846153846154,0.11538461538461539,0.3269230769230769,6.423076923076923,0.042105263157894736,0.12454212454212454,2.343859649122807
dep,STL,stress_20250415_0519,65,53,12.0,14.0,221.0,35,1.8571428571428572,0.34285714285714286,0.4,6.314285714285714,0.18461538461538463,0.2641509433962264,3.4
dep,STT,cap_20250616_1025,32,31,1.0,3.0,15.0,132,0.24242424242424243,0.007575757575757576,0.022727272727272728,0.11363636363636363,0.03125,0.0967741935483871,0.46875
dep,STT,extension_20251026_1231,67,67,0.0,12.0,368.0,67,1.0,0.0,0.1791044776119403,5.492537313432836,0.0,0.1791044776119403,5.492537313432836
dep,STT,interim_20250520_0615,10,10,0.0,0.0,38.0,27,0.37037037037037035,0.0,0.0,1.4074074074074074,0.0,0.0,3.8
dep,STT,pre_20250101_0414,104,104,0.0,12.0,481.0,104,1.0,0.0,0.11538461538461539,4.625,0.0,0.11538461538461539,4.625
dep,STT,stress_20250415_0519,35,35,0.0,9.0,294.0,35,1.0,0.0,0.2571428571428571,8.4,0.0,0.2571428571428571,8.4
dep,SYR,cap_20250616_1025,226,206,20.0,32.0,427.0,132,1.7121212121212122,0.15151515151515152,0.24242424242424243,3.234848484848485,0.08849557522123894,0.1553398058252427,1.8893805309734513
dep,SYR,extension_20251026_1231,113,107,6.0,29.0,334.0,67,1.6865671641791045,0.08955223880597014,0.43283582089552236,4.985074626865671,0.05309734513274336,0.27102803738317754,2.9557522123893807
dep,SYR,interim_20250520_0615,27,27,0.0,4.0,0.0,27,1.0,0.0,0.14814814814814814,0.0,0.0,0.14814814814814814,0.0
dep,SYR,pre_20250101_0414,137,130,7.0,17.0,102.0,104,1.3173076923076923,0.0673076923076923,0.16346153846153846,0.9807692307692307,0.051094890510948905,0.13076923076923078,0.7445255474452555
dep,SYR,stress_20250415_0519,38,24,14.0,5.0,56.0,35,1.0857142857142856,0.4,0.14285714285714285,1.6,0.3684210526315789,0.20833333333333334,1.4736842105263157
dep,TPA,cap_20250616_1025,944,927,17.0,208.0,4932.0,132,7.151515151515151,0.12878787878787878,1.5757575757575757,37.36363636363637,0.018008474576271187,0.2243797195253506,5.22457627118644
dep,TPA,extension_20251026_1231,524,505,19.0,114.0,2993.0,67,7.82089552238806,0.2835820895522388,1.7014925373134329,44.67164179104478,0.03625954198473282,0.22574257425742575,5.711832061068702
dep,TPA,interim_20250520_0615,153,153,0.0,33.0,581.0,27,5.666666666666667,0.0,1.2222222222222223,21.51851851851852,0.0,0.21568627450980393,3.7973856209150325
dep,TPA,pre_20250101_0414,875,870,5.0,186.0,4482.0,104,8.413461538461538,0.04807692307692308,1.7884615384615385,43.09615384615385,0.005714285714285714,0.21379310344827587,5.122285714285714
dep,TPA,stress_20250415_0519,264,256,8.0,95.0,1780.0,35,7.542857142857143,0.22857142857142856,2.7142857142857144,50.857142857142854,0.030303030303030304,0.37109375,6.742424242424242
dep,TYS,cap_20250616_1025,59,59,0.0,8.0,261.0,132,0.44696969696969696,0.0,0.06060606060606061,1.9772727272727273,0.0,0.13559322033898305,4.423728813559322
dep,TYS,extension_20251026_1231,38,38,0.0,5.0,537.0,67,0.5671641791044776,0.0,0.07462686567164178,8.014925373134329,0.0,0.13157894736842105,14.131578947368421
dep,TYS,interim_20250520_0615,15,15,0.0,3.0,111.0,27,0.5555555555555556,0.0,0.1111111111111111,4.111111111111111,0.0,0.2,7.4
dep,TYS,pre_20250101_0414,40,40,0.0,4.0,52.0,104,0.38461538461538464,0.0,0.038461538461538464,0.5,0.0,0.1,1.3
dep,TYS,stress_20250415_0519,12,12,0.0,4.0,195.0,35,0.34285714285714286,0.0,0.11428571428571428,5.571428571428571,0.0,0.3333333333333333,16.25
dep,VPS,cap_20250616_1025,56,56,0.0,8.0,579.0,132,0.42424242424242425,0.0,0.06060606060606061,4.386363636363637,0.0,0.14285714285714285,10.339285714285714
dep,VPS,extension_20251026_1231,24,24,0.0,5.0,427.0,67,0.3582089552238806,0.0,0.07462686567164178,6.373134328358209,0.0,0.20833333333333334,17.791666666666668
dep,VPS,interim_20250520_0615,11,11,0.0,4.0,40.0,27,0.4074074074074074,0.0,0.14814814814814814,1.4814814814814814,0.0,0.36363636363636365,3.6363636363636362
dep,VPS,pre_20250101_0414,20,20,0.0,3.0,117.0,104,0.19230769230769232,0.0,0.028846153846153848,1.125,0.0,0.15,5.85
dep,VPS,stress_20250415_0519,10,10,0.0,8.0,115.0,35,0.2857142857142857,0.0,0.22857142857142856,3.2857142857142856,0.0,0.8,11.5
dep,XNA,cap_20250616_1025,2,2,0.0,0.0,0.0,132,0.015151515151515152,0.0,0.0,0.0,0.0,0.0,0.0
